track_id,path,cluster,umap_x,umap_y
1100507,/content/drive/MyDrive/tag-polysemy/mtg-audio-low/07/1100507.low.mp3,2,9.675082,3.4411566
1129026,/content/drive/MyDrive/tag-polysemy/mtg-audio-low/26/1129026.low.mp3,15,3.1832955,6.3501263
710586,/content/drive/MyDrive/tag-polysemy/mtg-audio-low/86/710586.low.mp3,5,5.144933,5.33889
492112,/content/drive/MyDrive/tag-polysemy/mtg-audio-low/12/492112.low.mp3,0,10.00396,3.5448325
1318107,/content/drive/MyDrive/tag-polysemy/mtg-audio-low/07/1318107.low.mp3,8,2.9262412,4.4495373
1342572,/content/drive/MyDrive/tag-polysemy/mtg-audio-low/72/1342572.low.mp3,3,10.249873,6.430111
82601,/content/drive/MyDrive/tag-polysemy/mtg-audio-low/01/82601.low.mp3,12,6.6459203,0.92704546
1184451,/content/drive/MyDrive/tag-polysemy/mtg-audio-low/51/1184451.low.mp3,15,2.5622835,5.066967
1132337,/content/drive/MyDrive/tag-polysemy/mtg-audio-low/37/1132337.low.mp3,15,4.281597,6.1890182
185293,/content/drive/MyDrive/tag-polysemy/mtg-audio-low/93/185293.low.mp3,9,10.338231,5.261456
1254787,/content/drive/MyDrive/tag-polysemy/mtg-audio-low/87/1254787.low.mp3,11,-0.15217976,3.180586
965316,/content/drive/MyDrive/tag-polysemy/mtg-audio-low/16/965316.low.mp3,11,1.1087681,3.184939
145456,/content/drive/MyDrive/tag-polysemy/mtg-audio-low/56/145456.low.mp3,3,9.798545,6.5086355
1195921,/content/drive/MyDrive/tag-polysemy/mtg-audio-low/21/1195921.low.mp3,7,2.5807989,4.100606
897307,/content/drive/MyDrive/tag-polysemy/mtg-audio-low/07/897307.low.mp3,5,6.7481246,3.5060105
1231349,/content/drive/MyDrive/tag-polysemy/mtg-audio-low/49/1231349.low.mp3,4,3.1313725,3.1988702
710697,/content/drive/MyDrive/tag-polysemy/mtg-audio-low/97/710697.low.mp3,11,1.1150416,3.6149094
448677,/content/drive/MyDrive/tag-polysemy/mtg-audio-low/77/448677.low.mp3,18,7.2967057,5.7786384
172328,/content/drive/MyDrive/tag-polysemy/mtg-audio-low/28/172328.low.mp3,3,9.643148,5.839827
741886,/content/drive/MyDrive/tag-polysemy/mtg-audio-low/86/741886.low.mp3,4,3.6243386,1.9875131
1158371,/content/drive/MyDrive/tag-polysemy/mtg-audio-low/71/1158371.low.mp3,11,-0.26503044,2.9143827
1168349,/content/drive/MyDrive/tag-polysemy/mtg-audio-low/49/1168349.low.mp3,4,5.4720955,0.47113648
1126664,/content/drive/MyDrive/tag-polysemy/mtg-audio-low/64/1126664.low.mp3,17,4.314402,5.7823906
1111972,/content/drive/MyDrive/tag-polysemy/mtg-audio-low/72/1111972.low.mp3,8,3.9904864,4.0949006
159200,/content/drive/MyDrive/tag-polysemy/mtg-audio-low/00/159200.low.mp3,3,9.808804,6.1868677
1336422,/content/drive/MyDrive/tag-polysemy/mtg-audio-low/22/1336422.low.mp3,12,6.5629144,0.42057183
1126383,/content/drive/MyDrive/tag-polysemy/mtg-audio-low/83/1126383.low.mp3,9,10.517767,3.8229363
1239372,/content/drive/MyDrive/tag-polysemy/mtg-audio-low/72/1239372.low.mp3,10,7.392393,0.71482116
375191,/content/drive/MyDrive/tag-polysemy/mtg-audio-low/91/375191.low.mp3,13,6.011748,2.1003823
842779,/content/drive/MyDrive/tag-polysemy/mtg-audio-low/79/842779.low.mp3,11,0.53424823,3.7061749
203520,/content/drive/MyDrive/tag-polysemy/mtg-audio-low/20/203520.low.mp3,4,3.254909,2.1417212
1337210,/content/drive/MyDrive/tag-polysemy/mtg-audio-low/10/1337210.low.mp3,5,5.1853023,4.071198
1310024,/content/drive/MyDrive/tag-polysemy/mtg-audio-low/24/1310024.low.mp3,2,8.288571,2.4417343
597315,/content/drive/MyDrive/tag-polysemy/mtg-audio-low/15/597315.low.mp3,13,3.8795404,3.3184707
1347386,/content/drive/MyDrive/tag-polysemy/mtg-audio-low/86/1347386.low.mp3,14,8.6521225,5.9781275
1065628,/content/drive/MyDrive/tag-polysemy/mtg-audio-low/28/1065628.low.mp3,17,6.0515885,5.1918354
1115616,/content/drive/MyDrive/tag-polysemy/mtg-audio-low/16/1115616.low.mp3,1,1.3204317,5.501122
376461,/content/drive/MyDrive/tag-polysemy/mtg-audio-low/61/376461.low.mp3,10,7.313592,1.5114367
1352899,/content/drive/MyDrive/tag-polysemy/mtg-audio-low/99/1352899.low.mp3,8,1.5775781,3.8455439
1075141,/content/drive/MyDrive/tag-polysemy/mtg-audio-low/41/1075141.low.mp3,0,10.184146,3.4333239
36714,/content/drive/MyDrive/tag-polysemy/mtg-audio-low/14/36714.low.mp3,18,6.233788,1.2575995
1341839,/content/drive/MyDrive/tag-polysemy/mtg-audio-low/39/1341839.low.mp3,13,5.430627,2.0986717
1257250,/content/drive/MyDrive/tag-polysemy/mtg-audio-low/50/1257250.low.mp3,15,3.2815938,6.545042
288283,/content/drive/MyDrive/tag-polysemy/mtg-audio-low/83/288283.low.mp3,10,7.7963943,1.9882001
99043,/content/drive/MyDrive/tag-polysemy/mtg-audio-low/43/99043.low.mp3,16,2.7822244,5.368524
47561,/content/drive/MyDrive/tag-polysemy/mtg-audio-low/61/47561.low.mp3,11,1.6564838,4.459301
1230990,/content/drive/MyDrive/tag-polysemy/mtg-audio-low/90/1230990.low.mp3,17,4.474789,5.628679
1010661,/content/drive/MyDrive/tag-polysemy/mtg-audio-low/61/1010661.low.mp3,12,6.595402,0.5417823
1182567,/content/drive/MyDrive/tag-polysemy/mtg-audio-low/67/1182567.low.mp3,7,2.9943705,3.9625602
1117574,/content/drive/MyDrive/tag-polysemy/mtg-audio-low/74/1117574.low.mp3,19,6.161111,2.8103535
1042060,/content/drive/MyDrive/tag-polysemy/mtg-audio-low/60/1042060.low.mp3,2,10.150665,3.5335135
200571,/content/drive/MyDrive/tag-polysemy/mtg-audio-low/71/200571.low.mp3,13,5.865914,1.6533761
1238100,/content/drive/MyDrive/tag-polysemy/mtg-audio-low/00/1238100.low.mp3,4,5.0158744,2.1596234
801452,/content/drive/MyDrive/tag-polysemy/mtg-audio-low/52/801452.low.mp3,5,6.5277176,5.513035
331418,/content/drive/MyDrive/tag-polysemy/mtg-audio-low/18/331418.low.mp3,12,6.456159,1.304299
1400172,/content/drive/MyDrive/tag-polysemy/mtg-audio-low/72/1400172.low.mp3,18,3.2764184,2.1169608
49144,/content/drive/MyDrive/tag-polysemy/mtg-audio-low/44/49144.low.mp3,10,6.1551957,1.7020932
1249219,/content/drive/MyDrive/tag-polysemy/mtg-audio-low/19/1249219.low.mp3,1,1.0620409,6.3145323
1413171,/content/drive/MyDrive/tag-polysemy/mtg-audio-low/71/1413171.low.mp3,12,6.1056337,0.78068954
949609,/content/drive/MyDrive/tag-polysemy/mtg-audio-low/09/949609.low.mp3,7,2.4780147,4.919961
1378899,/content/drive/MyDrive/tag-polysemy/mtg-audio-low/99/1378899.low.mp3,10,7.2707443,1.3456064
1160050,/content/drive/MyDrive/tag-polysemy/mtg-audio-low/50/1160050.low.mp3,3,10.200294,6.1650085
23006,/content/drive/MyDrive/tag-polysemy/mtg-audio-low/06/23006.low.mp3,10,6.992715,1.8744553
1328507,/content/drive/MyDrive/tag-polysemy/mtg-audio-low/07/1328507.low.mp3,10,7.723237,1.8686941
151133,/content/drive/MyDrive/tag-polysemy/mtg-audio-low/33/151133.low.mp3,1,0.8233984,5.797036
182196,/content/drive/MyDrive/tag-polysemy/mtg-audio-low/96/182196.low.mp3,13,4.6742625,1.1750202
354148,/content/drive/MyDrive/tag-polysemy/mtg-audio-low/48/354148.low.mp3,7,2.8663802,2.1585586
1038121,/content/drive/MyDrive/tag-polysemy/mtg-audio-low/21/1038121.low.mp3,4,5.519274,2.1892035
1194313,/content/drive/MyDrive/tag-polysemy/mtg-audio-low/13/1194313.low.mp3,15,6.50809,4.4372683
1328327,/content/drive/MyDrive/tag-polysemy/mtg-audio-low/27/1328327.low.mp3,0,10.429222,3.192041
1245155,/content/drive/MyDrive/tag-polysemy/mtg-audio-low/55/1245155.low.mp3,17,4.629221,3.9446077
500420,/content/drive/MyDrive/tag-polysemy/mtg-audio-low/20/500420.low.mp3,6,7.1593413,6.5870976
75357,/content/drive/MyDrive/tag-polysemy/mtg-audio-low/57/75357.low.mp3,7,4.4073687,2.235785
937106,/content/drive/MyDrive/tag-polysemy/mtg-audio-low/06/937106.low.mp3,1,0.8237633,6.1295524
1372526,/content/drive/MyDrive/tag-polysemy/mtg-audio-low/26/1372526.low.mp3,4,5.5691266,1.1340036
464509,/content/drive/MyDrive/tag-polysemy/mtg-audio-low/09/464509.low.mp3,8,4.7457256,4.74758
1283299,/content/drive/MyDrive/tag-polysemy/mtg-audio-low/99/1283299.low.mp3,13,5.5490794,2.8476272
1143773,/content/drive/MyDrive/tag-polysemy/mtg-audio-low/73/1143773.low.mp3,7,2.3186557,3.086024
127599,/content/drive/MyDrive/tag-polysemy/mtg-audio-low/99/127599.low.mp3,3,9.171074,5.7081633
1349955,/content/drive/MyDrive/tag-polysemy/mtg-audio-low/55/1349955.low.mp3,8,1.5446128,3.8750331
74341,/content/drive/MyDrive/tag-polysemy/mtg-audio-low/41/74341.low.mp3,7,5.2008204,1.4610585
1082887,/content/drive/MyDrive/tag-polysemy/mtg-audio-low/87/1082887.low.mp3,11,0.15494727,2.9579144
1186430,/content/drive/MyDrive/tag-polysemy/mtg-audio-low/30/1186430.low.mp3,0,6.528633,3.4321506
2836,/content/drive/MyDrive/tag-polysemy/mtg-audio-low/36/2836.low.mp3,4,6.0324616,0.38941506
1181664,/content/drive/MyDrive/tag-polysemy/mtg-audio-low/64/1181664.low.mp3,4,1.8521215,3.5536153
1297178,/content/drive/MyDrive/tag-polysemy/mtg-audio-low/78/1297178.low.mp3,5,1.3808416,3.3279154
396917,/content/drive/MyDrive/tag-polysemy/mtg-audio-low/17/396917.low.mp3,2,9.077723,3.536068
734385,/content/drive/MyDrive/tag-polysemy/mtg-audio-low/85/734385.low.mp3,17,2.3268342,5.228406
238863,/content/drive/MyDrive/tag-polysemy/mtg-audio-low/63/238863.low.mp3,12,5.7682705,1.5903636
1418982,/content/drive/MyDrive/tag-polysemy/mtg-audio-low/82/1418982.low.mp3,11,-0.21327187,3.0625062
154036,/content/drive/MyDrive/tag-polysemy/mtg-audio-low/36/154036.low.mp3,19,7.4317126,2.0214071
1130220,/content/drive/MyDrive/tag-polysemy/mtg-audio-low/20/1130220.low.mp3,8,1.9862969,4.6019645
1319838,/content/drive/MyDrive/tag-polysemy/mtg-audio-low/38/1319838.low.mp3,5,5.346698,4.56846
714714,/content/drive/MyDrive/tag-polysemy/mtg-audio-low/14/714714.low.mp3,4,5.559139,2.066608
1344990,/content/drive/MyDrive/tag-polysemy/mtg-audio-low/90/1344990.low.mp3,10,7.1449795,1.1938213
1137243,/content/drive/MyDrive/tag-polysemy/mtg-audio-low/43/1137243.low.mp3,18,4.209485,2.193404
919994,/content/drive/MyDrive/tag-polysemy/mtg-audio-low/94/919994.low.mp3,1,0.9121471,5.7961545
371272,/content/drive/MyDrive/tag-polysemy/mtg-audio-low/72/371272.low.mp3,5,4.9027557,4.9126797
1096691,/content/drive/MyDrive/tag-polysemy/mtg-audio-low/91/1096691.low.mp3,3,9.806947,5.402612
941155,/content/drive/MyDrive/tag-polysemy/mtg-audio-low/55/941155.low.mp3,3,9.913652,6.4233465
1257556,/content/drive/MyDrive/tag-polysemy/mtg-audio-low/56/1257556.low.mp3,5,5.554931,3.6160886
776867,/content/drive/MyDrive/tag-polysemy/mtg-audio-low/67/776867.low.mp3,13,5.498678,2.405872
1380666,/content/drive/MyDrive/tag-polysemy/mtg-audio-low/66/1380666.low.mp3,16,4.662365,4.808485
1055934,/content/drive/MyDrive/tag-polysemy/mtg-audio-low/34/1055934.low.mp3,3,8.784839,5.552464
1240483,/content/drive/MyDrive/tag-polysemy/mtg-audio-low/83/1240483.low.mp3,18,4.424545,3.032779
1354150,/content/drive/MyDrive/tag-polysemy/mtg-audio-low/50/1354150.low.mp3,8,1.5666726,3.9472718
1304481,/content/drive/MyDrive/tag-polysemy/mtg-audio-low/81/1304481.low.mp3,3,8.375701,3.7354767
1077471,/content/drive/MyDrive/tag-polysemy/mtg-audio-low/71/1077471.low.mp3,2,10.045836,3.9273167
907355,/content/drive/MyDrive/tag-polysemy/mtg-audio-low/55/907355.low.mp3,6,6.839563,6.594978
1232051,/content/drive/MyDrive/tag-polysemy/mtg-audio-low/51/1232051.low.mp3,1,0.70735043,6.214433
1239315,/content/drive/MyDrive/tag-polysemy/mtg-audio-low/15/1239315.low.mp3,10,6.596982,2.2331164
1342719,/content/drive/MyDrive/tag-polysemy/mtg-audio-low/19/1342719.low.mp3,8,2.457123,3.8226345
4566,/content/drive/MyDrive/tag-polysemy/mtg-audio-low/66/4566.low.mp3,13,5.387975,1.6192931
936452,/content/drive/MyDrive/tag-polysemy/mtg-audio-low/52/936452.low.mp3,12,6.4561524,0.94780123
1059885,/content/drive/MyDrive/tag-polysemy/mtg-audio-low/85/1059885.low.mp3,13,3.0726287,3.4608035
373297,/content/drive/MyDrive/tag-polysemy/mtg-audio-low/97/373297.low.mp3,6,7.7541804,7.0289173
463031,/content/drive/MyDrive/tag-polysemy/mtg-audio-low/31/463031.low.mp3,7,2.4127452,2.3013942
1349120,/content/drive/MyDrive/tag-polysemy/mtg-audio-low/20/1349120.low.mp3,4,3.0057242,3.3796291
1193254,/content/drive/MyDrive/tag-polysemy/mtg-audio-low/54/1193254.low.mp3,0,5.92485,3.2689006
1103994,/content/drive/MyDrive/tag-polysemy/mtg-audio-low/94/1103994.low.mp3,6,6.910953,6.388637
1010662,/content/drive/MyDrive/tag-polysemy/mtg-audio-low/62/1010662.low.mp3,12,4.5994573,1.5236698
1310040,/content/drive/MyDrive/tag-polysemy/mtg-audio-low/40/1310040.low.mp3,18,2.281248,3.878917
20766,/content/drive/MyDrive/tag-polysemy/mtg-audio-low/66/20766.low.mp3,17,6.111982,5.6870775
20538,/content/drive/MyDrive/tag-polysemy/mtg-audio-low/38/20538.low.mp3,3,9.703023,5.58998
1067252,/content/drive/MyDrive/tag-polysemy/mtg-audio-low/52/1067252.low.mp3,15,2.7637224,5.871857
1027693,/content/drive/MyDrive/tag-polysemy/mtg-audio-low/93/1027693.low.mp3,18,4.7359962,2.2858405
405655,/content/drive/MyDrive/tag-polysemy/mtg-audio-low/55/405655.low.mp3,3,8.789939,5.326559
751965,/content/drive/MyDrive/tag-polysemy/mtg-audio-low/65/751965.low.mp3,1,1.2998933,6.4951563
978496,/content/drive/MyDrive/tag-polysemy/mtg-audio-low/96/978496.low.mp3,10,6.706195,1.0033236
474696,/content/drive/MyDrive/tag-polysemy/mtg-audio-low/96/474696.low.mp3,6,7.468009,7.0486827
1349961,/content/drive/MyDrive/tag-polysemy/mtg-audio-low/61/1349961.low.mp3,1,1.3585291,5.49413
1274165,/content/drive/MyDrive/tag-polysemy/mtg-audio-low/65/1274165.low.mp3,1,1.491068,6.3568487
1238932,/content/drive/MyDrive/tag-polysemy/mtg-audio-low/32/1238932.low.mp3,11,1.2418461,4.8859067
134130,/content/drive/MyDrive/tag-polysemy/mtg-audio-low/30/134130.low.mp3,18,3.1252625,1.7905859
103690,/content/drive/MyDrive/tag-polysemy/mtg-audio-low/90/103690.low.mp3,5,5.3385468,3.8322814
1051500,/content/drive/MyDrive/tag-polysemy/mtg-audio-low/00/1051500.low.mp3,10,7.517677,0.68959236
126207,/content/drive/MyDrive/tag-polysemy/mtg-audio-low/07/126207.low.mp3,19,5.776156,1.1818128
268258,/content/drive/MyDrive/tag-polysemy/mtg-audio-low/58/268258.low.mp3,6,7.411662,6.970106
357365,/content/drive/MyDrive/tag-polysemy/mtg-audio-low/65/357365.low.mp3,9,10.631626,4.935102
1393248,/content/drive/MyDrive/tag-polysemy/mtg-audio-low/48/1393248.low.mp3,9,10.491952,4.3882966
1200787,/content/drive/MyDrive/tag-polysemy/mtg-audio-low/87/1200787.low.mp3,18,2.6022575,3.6392672
1061466,/content/drive/MyDrive/tag-polysemy/mtg-audio-low/66/1061466.low.mp3,5,5.8482127,5.6182775
1384402,/content/drive/MyDrive/tag-polysemy/mtg-audio-low/02/1384402.low.mp3,18,1.6737245,5.0160494
1089145,/content/drive/MyDrive/tag-polysemy/mtg-audio-low/45/1089145.low.mp3,17,4.0783052,5.7930536
1151682,/content/drive/MyDrive/tag-polysemy/mtg-audio-low/82/1151682.low.mp3,13,5.7690926,1.786676
1287093,/content/drive/MyDrive/tag-polysemy/mtg-audio-low/93/1287093.low.mp3,15,3.5582047,6.3068376
1353350,/content/drive/MyDrive/tag-polysemy/mtg-audio-low/50/1353350.low.mp3,9,6.79498,3.1122475
520989,/content/drive/MyDrive/tag-polysemy/mtg-audio-low/89/520989.low.mp3,2,9.717009,3.5708354
1181583,/content/drive/MyDrive/tag-polysemy/mtg-audio-low/83/1181583.low.mp3,7,2.8474796,2.1740487
1369712,/content/drive/MyDrive/tag-polysemy/mtg-audio-low/12/1369712.low.mp3,19,6.2599816,4.6179786
266886,/content/drive/MyDrive/tag-polysemy/mtg-audio-low/86/266886.low.mp3,15,10.149258,5.715632
1420550,/content/drive/MyDrive/tag-polysemy/mtg-audio-low/50/1420550.low.mp3,19,6.2823186,3.3928838
1178105,/content/drive/MyDrive/tag-polysemy/mtg-audio-low/05/1178105.low.mp3,17,0.9032712,3.523951
156443,/content/drive/MyDrive/tag-polysemy/mtg-audio-low/43/156443.low.mp3,13,7.173981,2.8083684
14393,/content/drive/MyDrive/tag-polysemy/mtg-audio-low/93/14393.low.mp3,3,10.533906,6.526855
78313,/content/drive/MyDrive/tag-polysemy/mtg-audio-low/13/78313.low.mp3,3,8.43275,6.0494566
38011,/content/drive/MyDrive/tag-polysemy/mtg-audio-low/11/38011.low.mp3,14,8.993296,6.3093863
1080086,/content/drive/MyDrive/tag-polysemy/mtg-audio-low/86/1080086.low.mp3,7,3.4289615,2.394606
208280,/content/drive/MyDrive/tag-polysemy/mtg-audio-low/80/208280.low.mp3,10,7.356059,2.1195414
223910,/content/drive/MyDrive/tag-polysemy/mtg-audio-low/10/223910.low.mp3,0,10.129426,3.3591647
1116571,/content/drive/MyDrive/tag-polysemy/mtg-audio-low/71/1116571.low.mp3,19,5.4112654,3.4631748
1323682,/content/drive/MyDrive/tag-polysemy/mtg-audio-low/82/1323682.low.mp3,14,5.8106365,5.951426
1215914,/content/drive/MyDrive/tag-polysemy/mtg-audio-low/14/1215914.low.mp3,11,0.7493711,3.6341412
820727,/content/drive/MyDrive/tag-polysemy/mtg-audio-low/27/820727.low.mp3,12,6.5574822,1.9365573
117990,/content/drive/MyDrive/tag-polysemy/mtg-audio-low/90/117990.low.mp3,6,8.269793,6.7558603
5090,/content/drive/MyDrive/tag-polysemy/mtg-audio-low/90/5090.low.mp3,15,3.1185744,6.412135
5393,/content/drive/MyDrive/tag-polysemy/mtg-audio-low/93/5393.low.mp3,4,5.158382,2.2181535
1368958,/content/drive/MyDrive/tag-polysemy/mtg-audio-low/58/1368958.low.mp3,7,2.6326022,2.2682312
429551,/content/drive/MyDrive/tag-polysemy/mtg-audio-low/51/429551.low.mp3,17,8.055702,7.2003145
82874,/content/drive/MyDrive/tag-polysemy/mtg-audio-low/74/82874.low.mp3,19,3.7001934,3.8239865
487862,/content/drive/MyDrive/tag-polysemy/mtg-audio-low/62/487862.low.mp3,18,2.0978873,5.4368825
131645,/content/drive/MyDrive/tag-polysemy/mtg-audio-low/45/131645.low.mp3,16,4.933634,5.9848933
238201,/content/drive/MyDrive/tag-polysemy/mtg-audio-low/01/238201.low.mp3,1,0.42967603,6.021214
433599,/content/drive/MyDrive/tag-polysemy/mtg-audio-low/99/433599.low.mp3,18,2.4588382,3.1541338
800960,/content/drive/MyDrive/tag-polysemy/mtg-audio-low/60/800960.low.mp3,4,6.1267548,1.3039342
1293916,/content/drive/MyDrive/tag-polysemy/mtg-audio-low/16/1293916.low.mp3,9,10.431473,3.3895667
942067,/content/drive/MyDrive/tag-polysemy/mtg-audio-low/67/942067.low.mp3,11,0.5474985,4.323152
1134432,/content/drive/MyDrive/tag-polysemy/mtg-audio-low/32/1134432.low.mp3,15,2.9871774,6.1176944
1399475,/content/drive/MyDrive/tag-polysemy/mtg-audio-low/75/1399475.low.mp3,3,8.852472,5.574269
118967,/content/drive/MyDrive/tag-polysemy/mtg-audio-low/67/118967.low.mp3,15,3.1690528,6.280133
434278,/content/drive/MyDrive/tag-polysemy/mtg-audio-low/78/434278.low.mp3,12,6.8382173,1.143436
1347862,/content/drive/MyDrive/tag-polysemy/mtg-audio-low/62/1347862.low.mp3,15,3.1659832,6.4805627
1295031,/content/drive/MyDrive/tag-polysemy/mtg-audio-low/31/1295031.low.mp3,16,3.0842896,4.885123
1420411,/content/drive/MyDrive/tag-polysemy/mtg-audio-low/11/1420411.low.mp3,10,7.762772,1.8850518
1302675,/content/drive/MyDrive/tag-polysemy/mtg-audio-low/75/1302675.low.mp3,3,10.442053,6.4321165
776897,/content/drive/MyDrive/tag-polysemy/mtg-audio-low/97/776897.low.mp3,8,1.8886939,3.8398604
1239321,/content/drive/MyDrive/tag-polysemy/mtg-audio-low/21/1239321.low.mp3,12,6.2102294,1.4025798
464501,/content/drive/MyDrive/tag-polysemy/mtg-audio-low/01/464501.low.mp3,15,3.5564082,6.2976527
1342134,/content/drive/MyDrive/tag-polysemy/mtg-audio-low/34/1342134.low.mp3,4,6.205688,1.1588473
81128,/content/drive/MyDrive/tag-polysemy/mtg-audio-low/28/81128.low.mp3,15,3.1990266,6.4908137
1292130,/content/drive/MyDrive/tag-polysemy/mtg-audio-low/30/1292130.low.mp3,1,0.7452863,6.255969
1358393,/content/drive/MyDrive/tag-polysemy/mtg-audio-low/93/1358393.low.mp3,5,5.145938,5.081103
629668,/content/drive/MyDrive/tag-polysemy/mtg-audio-low/68/629668.low.mp3,3,8.260769,5.9332976
1364626,/content/drive/MyDrive/tag-polysemy/mtg-audio-low/26/1364626.low.mp3,6,6.0141683,6.1304803
178379,/content/drive/MyDrive/tag-polysemy/mtg-audio-low/79/178379.low.mp3,13,3.8928282,3.62037
387121,/content/drive/MyDrive/tag-polysemy/mtg-audio-low/21/387121.low.mp3,18,3.465957,1.8336645
1212738,/content/drive/MyDrive/tag-polysemy/mtg-audio-low/38/1212738.low.mp3,9,10.455248,3.4273312
1218246,/content/drive/MyDrive/tag-polysemy/mtg-audio-low/46/1218246.low.mp3,12,7.101217,0.70387995
1313079,/content/drive/MyDrive/tag-polysemy/mtg-audio-low/79/1313079.low.mp3,1,0.93510896,6.399329
23825,/content/drive/MyDrive/tag-polysemy/mtg-audio-low/25/23825.low.mp3,18,3.1610591,2.2611988
1348738,/content/drive/MyDrive/tag-polysemy/mtg-audio-low/38/1348738.low.mp3,3,9.54175,5.5884233
1134756,/content/drive/MyDrive/tag-polysemy/mtg-audio-low/56/1134756.low.mp3,14,7.183287,6.380611
941957,/content/drive/MyDrive/tag-polysemy/mtg-audio-low/57/941957.low.mp3,14,8.636037,6.6053877
1414792,/content/drive/MyDrive/tag-polysemy/mtg-audio-low/92/1414792.low.mp3,4,4.615505,2.4044998
1164743,/content/drive/MyDrive/tag-polysemy/mtg-audio-low/43/1164743.low.mp3,10,7.2049522,2.2951293
81916,/content/drive/MyDrive/tag-polysemy/mtg-audio-low/16/81916.low.mp3,3,9.735074,5.554664
263464,/content/drive/MyDrive/tag-polysemy/mtg-audio-low/64/263464.low.mp3,0,7.555229,3.4745154
117072,/content/drive/MyDrive/tag-polysemy/mtg-audio-low/72/117072.low.mp3,5,5.590761,5.615728
1374055,/content/drive/MyDrive/tag-polysemy/mtg-audio-low/55/1374055.low.mp3,3,9.717509,5.6958838
1370485,/content/drive/MyDrive/tag-polysemy/mtg-audio-low/85/1370485.low.mp3,2,6.9054747,5.278707
992504,/content/drive/MyDrive/tag-polysemy/mtg-audio-low/04/992504.low.mp3,15,3.2349641,6.3321314
285665,/content/drive/MyDrive/tag-polysemy/mtg-audio-low/65/285665.low.mp3,1,-0.049012944,6.462863
26123,/content/drive/MyDrive/tag-polysemy/mtg-audio-low/23/26123.low.mp3,4,5.3947487,0.34855002
921951,/content/drive/MyDrive/tag-polysemy/mtg-audio-low/51/921951.low.mp3,8,2.1205273,4.6091
1293923,/content/drive/MyDrive/tag-polysemy/mtg-audio-low/23/1293923.low.mp3,0,10.184021,3.2039602
1077277,/content/drive/MyDrive/tag-polysemy/mtg-audio-low/77/1077277.low.mp3,3,8.64861,4.7283416
752115,/content/drive/MyDrive/tag-polysemy/mtg-audio-low/15/752115.low.mp3,6,7.8191032,7.0119233
1306265,/content/drive/MyDrive/tag-polysemy/mtg-audio-low/65/1306265.low.mp3,11,0.7054776,4.393355
125596,/content/drive/MyDrive/tag-polysemy/mtg-audio-low/96/125596.low.mp3,13,7.483709,3.4206822
1343297,/content/drive/MyDrive/tag-polysemy/mtg-audio-low/97/1343297.low.mp3,5,6.322476,5.3514986
1076281,/content/drive/MyDrive/tag-polysemy/mtg-audio-low/81/1076281.low.mp3,0,10.55984,3.2521248
1405013,/content/drive/MyDrive/tag-polysemy/mtg-audio-low/13/1405013.low.mp3,4,5.9807057,0.89174294
1236360,/content/drive/MyDrive/tag-polysemy/mtg-audio-low/60/1236360.low.mp3,13,5.9448495,2.0698004
1257400,/content/drive/MyDrive/tag-polysemy/mtg-audio-low/00/1257400.low.mp3,3,9.583085,5.6657968
321106,/content/drive/MyDrive/tag-polysemy/mtg-audio-low/06/321106.low.mp3,10,7.2636127,0.4527135
1206767,/content/drive/MyDrive/tag-polysemy/mtg-audio-low/67/1206767.low.mp3,3,10.188354,6.209238
1361651,/content/drive/MyDrive/tag-polysemy/mtg-audio-low/51/1361651.low.mp3,12,6.7869725,0.34328017
1210238,/content/drive/MyDrive/tag-polysemy/mtg-audio-low/38/1210238.low.mp3,1,0.7271689,6.2269554
465988,/content/drive/MyDrive/tag-polysemy/mtg-audio-low/88/465988.low.mp3,7,3.0738995,3.1082046
221398,/content/drive/MyDrive/tag-polysemy/mtg-audio-low/98/221398.low.mp3,13,5.1999235,2.640892
80505,/content/drive/MyDrive/tag-polysemy/mtg-audio-low/05/80505.low.mp3,2,9.2754345,5.291793
631074,/content/drive/MyDrive/tag-polysemy/mtg-audio-low/74/631074.low.mp3,19,5.7450266,2.6152449
202182,/content/drive/MyDrive/tag-polysemy/mtg-audio-low/82/202182.low.mp3,3,10.310782,6.4375978
1388841,/content/drive/MyDrive/tag-polysemy/mtg-audio-low/41/1388841.low.mp3,0,4.5273786,1.8686192
26899,/content/drive/MyDrive/tag-polysemy/mtg-audio-low/99/26899.low.mp3,4,4.3692017,2.3976119
1078158,/content/drive/MyDrive/tag-polysemy/mtg-audio-low/58/1078158.low.mp3,9,10.589089,3.8991296
1059991,/content/drive/MyDrive/tag-polysemy/mtg-audio-low/91/1059991.low.mp3,11,0.7557609,3.671104
1326647,/content/drive/MyDrive/tag-polysemy/mtg-audio-low/47/1326647.low.mp3,8,2.251159,4.547714
1078404,/content/drive/MyDrive/tag-polysemy/mtg-audio-low/04/1078404.low.mp3,9,10.359514,3.6436388
86274,/content/drive/MyDrive/tag-polysemy/mtg-audio-low/74/86274.low.mp3,18,7.4954753,3.6756296
1162849,/content/drive/MyDrive/tag-polysemy/mtg-audio-low/49/1162849.low.mp3,8,2.3925648,3.9146395
1248083,/content/drive/MyDrive/tag-polysemy/mtg-audio-low/83/1248083.low.mp3,12,6.8891397,0.9905194
855274,/content/drive/MyDrive/tag-polysemy/mtg-audio-low/74/855274.low.mp3,0,3.7907588,3.608322
1123877,/content/drive/MyDrive/tag-polysemy/mtg-audio-low/77/1123877.low.mp3,19,4.371029,3.9911077
1299788,/content/drive/MyDrive/tag-polysemy/mtg-audio-low/88/1299788.low.mp3,17,5.8298373,2.7993572
1313968,/content/drive/MyDrive/tag-polysemy/mtg-audio-low/68/1313968.low.mp3,10,6.5113606,0.85221446
1049710,/content/drive/MyDrive/tag-polysemy/mtg-audio-low/10/1049710.low.mp3,18,3.556179,2.7122183
965304,/content/drive/MyDrive/tag-polysemy/mtg-audio-low/04/965304.low.mp3,5,1.117197,3.112709
495360,/content/drive/MyDrive/tag-polysemy/mtg-audio-low/60/495360.low.mp3,19,5.3284707,4.2264314
519470,/content/drive/MyDrive/tag-polysemy/mtg-audio-low/70/519470.low.mp3,10,7.771792,1.9019747
200562,/content/drive/MyDrive/tag-polysemy/mtg-audio-low/62/200562.low.mp3,10,6.653885,0.84131145
1396692,/content/drive/MyDrive/tag-polysemy/mtg-audio-low/92/1396692.low.mp3,13,5.2131166,2.663303
1113030,/content/drive/MyDrive/tag-polysemy/mtg-audio-low/30/1113030.low.mp3,5,5.394966,4.557986
171234,/content/drive/MyDrive/tag-polysemy/mtg-audio-low/34/171234.low.mp3,17,4.8089914,4.941569
201477,/content/drive/MyDrive/tag-polysemy/mtg-audio-low/77/201477.low.mp3,7,2.2009125,2.82609
1254013,/content/drive/MyDrive/tag-polysemy/mtg-audio-low/13/1254013.low.mp3,1,0.66023314,6.105632
1303015,/content/drive/MyDrive/tag-polysemy/mtg-audio-low/15/1303015.low.mp3,8,1.9475365,4.5650134
25808,/content/drive/MyDrive/tag-polysemy/mtg-audio-low/08/25808.low.mp3,18,4.5983863,2.6165075
1221264,/content/drive/MyDrive/tag-polysemy/mtg-audio-low/64/1221264.low.mp3,19,5.6122355,3.239401
782923,/content/drive/MyDrive/tag-polysemy/mtg-audio-low/23/782923.low.mp3,2,9.534227,5.202331
4884,/content/drive/MyDrive/tag-polysemy/mtg-audio-low/84/4884.low.mp3,15,3.411544,4.2560725
442772,/content/drive/MyDrive/tag-polysemy/mtg-audio-low/72/442772.low.mp3,9,10.527603,4.921818
1326835,/content/drive/MyDrive/tag-polysemy/mtg-audio-low/35/1326835.low.mp3,13,6.251794,3.574035
993758,/content/drive/MyDrive/tag-polysemy/mtg-audio-low/58/993758.low.mp3,13,5.6221275,2.1983376
11552,/content/drive/MyDrive/tag-polysemy/mtg-audio-low/52/11552.low.mp3,14,8.855807,6.7452617
75449,/content/drive/MyDrive/tag-polysemy/mtg-audio-low/49/75449.low.mp3,14,6.131599,5.3877525
84057,/content/drive/MyDrive/tag-polysemy/mtg-audio-low/57/84057.low.mp3,2,8.18306,2.1616967
1360445,/content/drive/MyDrive/tag-polysemy/mtg-audio-low/45/1360445.low.mp3,11,0.59269834,3.6635458
1228114,/content/drive/MyDrive/tag-polysemy/mtg-audio-low/14/1228114.low.mp3,14,8.92205,6.1333866
1271,/content/drive/MyDrive/tag-polysemy/mtg-audio-low/71/1271.low.mp3,14,8.266911,4.2463136
508155,/content/drive/MyDrive/tag-polysemy/mtg-audio-low/55/508155.low.mp3,3,8.60913,5.7015
350023,/content/drive/MyDrive/tag-polysemy/mtg-audio-low/23/350023.low.mp3,19,3.7055697,2.4345315
1053132,/content/drive/MyDrive/tag-polysemy/mtg-audio-low/32/1053132.low.mp3,10,6.5739326,1.0174081
1242794,/content/drive/MyDrive/tag-polysemy/mtg-audio-low/94/1242794.low.mp3,15,1.0734429,3.0509665
241562,/content/drive/MyDrive/tag-polysemy/mtg-audio-low/62/241562.low.mp3,1,0.39529502,5.815546
1070701,/content/drive/MyDrive/tag-polysemy/mtg-audio-low/01/1070701.low.mp3,14,8.243282,6.559588
1361585,/content/drive/MyDrive/tag-polysemy/mtg-audio-low/85/1361585.low.mp3,18,2.5992835,3.85702
1186429,/content/drive/MyDrive/tag-polysemy/mtg-audio-low/29/1186429.low.mp3,0,6.5912447,3.323857
1337798,/content/drive/MyDrive/tag-polysemy/mtg-audio-low/98/1337798.low.mp3,13,6.2914724,2.6979504
1043922,/content/drive/MyDrive/tag-polysemy/mtg-audio-low/22/1043922.low.mp3,19,9.477797,4.1917334
1317827,/content/drive/MyDrive/tag-polysemy/mtg-audio-low/27/1317827.low.mp3,13,2.9911704,3.756121
1129650,/content/drive/MyDrive/tag-polysemy/mtg-audio-low/50/1129650.low.mp3,14,9.242818,6.1757812
585837,/content/drive/MyDrive/tag-polysemy/mtg-audio-low/37/585837.low.mp3,11,1.0068178,3.3491766
1291747,/content/drive/MyDrive/tag-polysemy/mtg-audio-low/47/1291747.low.mp3,10,7.1541753,2.083292
965305,/content/drive/MyDrive/tag-polysemy/mtg-audio-low/05/965305.low.mp3,1,0.7186544,6.1081624
816688,/content/drive/MyDrive/tag-polysemy/mtg-audio-low/88/816688.low.mp3,6,7.6707273,7.121806
339101,/content/drive/MyDrive/tag-polysemy/mtg-audio-low/01/339101.low.mp3,15,1.2823017,4.1295834
1332600,/content/drive/MyDrive/tag-polysemy/mtg-audio-low/00/1332600.low.mp3,12,6.613996,1.3563138
1252990,/content/drive/MyDrive/tag-polysemy/mtg-audio-low/90/1252990.low.mp3,18,3.4611137,2.292346
1236334,/content/drive/MyDrive/tag-polysemy/mtg-audio-low/34/1236334.low.mp3,12,5.4654193,1.7153765
1190058,/content/drive/MyDrive/tag-polysemy/mtg-audio-low/58/1190058.low.mp3,13,3.477485,3.3132048
293159,/content/drive/MyDrive/tag-polysemy/mtg-audio-low/59/293159.low.mp3,14,8.269083,6.7703004
1217714,/content/drive/MyDrive/tag-polysemy/mtg-audio-low/14/1217714.low.mp3,4,4.0101967,2.6030056
1217508,/content/drive/MyDrive/tag-polysemy/mtg-audio-low/08/1217508.low.mp3,1,0.81349003,6.225862
1086595,/content/drive/MyDrive/tag-polysemy/mtg-audio-low/95/1086595.low.mp3,7,2.2988527,2.863005
496190,/content/drive/MyDrive/tag-polysemy/mtg-audio-low/90/496190.low.mp3,3,10.553665,6.603839
1276512,/content/drive/MyDrive/tag-polysemy/mtg-audio-low/12/1276512.low.mp3,15,3.382291,6.5619516
229612,/content/drive/MyDrive/tag-polysemy/mtg-audio-low/12/229612.low.mp3,7,2.7706363,2.2931058
1209269,/content/drive/MyDrive/tag-polysemy/mtg-audio-low/69/1209269.low.mp3,14,9.106848,6.2878313
1259701,/content/drive/MyDrive/tag-polysemy/mtg-audio-low/01/1259701.low.mp3,4,6.357988,3.0963848
938299,/content/drive/MyDrive/tag-polysemy/mtg-audio-low/99/938299.low.mp3,0,10.414216,3.0641503
32623,/content/drive/MyDrive/tag-polysemy/mtg-audio-low/23/32623.low.mp3,4,5.483253,4.17902
1216819,/content/drive/MyDrive/tag-polysemy/mtg-audio-low/19/1216819.low.mp3,3,10.267062,6.660302
189123,/content/drive/MyDrive/tag-polysemy/mtg-audio-low/23/189123.low.mp3,6,7.005699,6.823169
1313322,/content/drive/MyDrive/tag-polysemy/mtg-audio-low/22/1313322.low.mp3,18,5.1234403,2.7729445
1223700,/content/drive/MyDrive/tag-polysemy/mtg-audio-low/00/1223700.low.mp3,15,3.4092197,6.48574
1369955,/content/drive/MyDrive/tag-polysemy/mtg-audio-low/55/1369955.low.mp3,16,5.6034756,5.7373586
1403819,/content/drive/MyDrive/tag-polysemy/mtg-audio-low/19/1403819.low.mp3,5,4.7882957,4.7853045
1363736,/content/drive/MyDrive/tag-polysemy/mtg-audio-low/36/1363736.low.mp3,2,9.800372,3.6628566
1104236,/content/drive/MyDrive/tag-polysemy/mtg-audio-low/36/1104236.low.mp3,15,10.238059,6.159917
519476,/content/drive/MyDrive/tag-polysemy/mtg-audio-low/76/519476.low.mp3,11,-0.112043165,2.8723896
1265316,/content/drive/MyDrive/tag-polysemy/mtg-audio-low/16/1265316.low.mp3,1,0.93067884,6.3568397
389705,/content/drive/MyDrive/tag-polysemy/mtg-audio-low/05/389705.low.mp3,15,2.789947,6.145726
1168546,/content/drive/MyDrive/tag-polysemy/mtg-audio-low/46/1168546.low.mp3,4,6.4661226,1.3926182
1354442,/content/drive/MyDrive/tag-polysemy/mtg-audio-low/42/1354442.low.mp3,8,1.5462534,3.8480155
1181543,/content/drive/MyDrive/tag-polysemy/mtg-audio-low/43/1181543.low.mp3,13,6.178998,1.694339
1151326,/content/drive/MyDrive/tag-polysemy/mtg-audio-low/26/1151326.low.mp3,5,4.573727,3.0104337
318958,/content/drive/MyDrive/tag-polysemy/mtg-audio-low/58/318958.low.mp3,0,6.537386,3.3599517
1359246,/content/drive/MyDrive/tag-polysemy/mtg-audio-low/46/1359246.low.mp3,10,7.6127133,0.8846566
1050322,/content/drive/MyDrive/tag-polysemy/mtg-audio-low/22/1050322.low.mp3,2,9.263908,4.792143
1052371,/content/drive/MyDrive/tag-polysemy/mtg-audio-low/71/1052371.low.mp3,7,3.9870734,1.8062248
48978,/content/drive/MyDrive/tag-polysemy/mtg-audio-low/78/48978.low.mp3,18,3.4576027,1.8695825
1352244,/content/drive/MyDrive/tag-polysemy/mtg-audio-low/44/1352244.low.mp3,5,5.0009894,4.351242
1353364,/content/drive/MyDrive/tag-polysemy/mtg-audio-low/64/1353364.low.mp3,10,5.9740033,2.5156465
911680,/content/drive/MyDrive/tag-polysemy/mtg-audio-low/80/911680.low.mp3,8,5.3335204,3.4788444
262071,/content/drive/MyDrive/tag-polysemy/mtg-audio-low/71/262071.low.mp3,18,3.3568628,2.0219815
40255,/content/drive/MyDrive/tag-polysemy/mtg-audio-low/55/40255.low.mp3,19,5.7442327,2.5549746
1076445,/content/drive/MyDrive/tag-polysemy/mtg-audio-low/45/1076445.low.mp3,9,10.553055,4.202459
1254821,/content/drive/MyDrive/tag-polysemy/mtg-audio-low/21/1254821.low.mp3,12,6.9703054,0.66751724
1181665,/content/drive/MyDrive/tag-polysemy/mtg-audio-low/65/1181665.low.mp3,19,4.187433,2.6032543
1146582,/content/drive/MyDrive/tag-polysemy/mtg-audio-low/82/1146582.low.mp3,7,2.8978593,2.2240956
1340561,/content/drive/MyDrive/tag-polysemy/mtg-audio-low/61/1340561.low.mp3,17,10.4902725,5.817596
107865,/content/drive/MyDrive/tag-polysemy/mtg-audio-low/65/107865.low.mp3,12,5.868607,1.0418084
1081258,/content/drive/MyDrive/tag-polysemy/mtg-audio-low/58/1081258.low.mp3,8,1.9254923,4.211075
1065247,/content/drive/MyDrive/tag-polysemy/mtg-audio-low/47/1065247.low.mp3,2,8.966614,3.6060414
287501,/content/drive/MyDrive/tag-polysemy/mtg-audio-low/01/287501.low.mp3,14,8.542411,5.5757904
490836,/content/drive/MyDrive/tag-polysemy/mtg-audio-low/36/490836.low.mp3,13,6.136967,2.4347596
981234,/content/drive/MyDrive/tag-polysemy/mtg-audio-low/34/981234.low.mp3,19,3.7135417,3.544283
140641,/content/drive/MyDrive/tag-polysemy/mtg-audio-low/41/140641.low.mp3,3,10.088884,6.214551
1332184,/content/drive/MyDrive/tag-polysemy/mtg-audio-low/84/1332184.low.mp3,15,3.2470477,6.513667
644062,/content/drive/MyDrive/tag-polysemy/mtg-audio-low/62/644062.low.mp3,3,8.689213,4.6900277
759342,/content/drive/MyDrive/tag-polysemy/mtg-audio-low/42/759342.low.mp3,4,2.899955,3.4102833
128301,/content/drive/MyDrive/tag-polysemy/mtg-audio-low/01/128301.low.mp3,18,3.3032045,2.8815985
523247,/content/drive/MyDrive/tag-polysemy/mtg-audio-low/47/523247.low.mp3,13,5.452031,2.5878356
1007836,/content/drive/MyDrive/tag-polysemy/mtg-audio-low/36/1007836.low.mp3,10,6.8249826,2.0077884
147594,/content/drive/MyDrive/tag-polysemy/mtg-audio-low/94/147594.low.mp3,8,0.6404938,4.2613096
816199,/content/drive/MyDrive/tag-polysemy/mtg-audio-low/99/816199.low.mp3,1,0.6359367,5.6725655
485055,/content/drive/MyDrive/tag-polysemy/mtg-audio-low/55/485055.low.mp3,14,7.9448423,6.61906
152307,/content/drive/MyDrive/tag-polysemy/mtg-audio-low/07/152307.low.mp3,6,6.9363155,6.643384
74584,/content/drive/MyDrive/tag-polysemy/mtg-audio-low/84/74584.low.mp3,4,6.15434,0.6219493
346486,/content/drive/MyDrive/tag-polysemy/mtg-audio-low/86/346486.low.mp3,16,2.7407598,5.5709996
106838,/content/drive/MyDrive/tag-polysemy/mtg-audio-low/38/106838.low.mp3,7,2.4320796,2.5326889
1347107,/content/drive/MyDrive/tag-polysemy/mtg-audio-low/07/1347107.low.mp3,3,9.250683,5.698399
250371,/content/drive/MyDrive/tag-polysemy/mtg-audio-low/71/250371.low.mp3,5,1.5627469,3.320815
332399,/content/drive/MyDrive/tag-polysemy/mtg-audio-low/99/332399.low.mp3,10,6.838731,1.5318419
493143,/content/drive/MyDrive/tag-polysemy/mtg-audio-low/43/493143.low.mp3,18,3.8299441,2.1936796
1353211,/content/drive/MyDrive/tag-polysemy/mtg-audio-low/11/1353211.low.mp3,18,3.6715662,1.9187545
644058,/content/drive/MyDrive/tag-polysemy/mtg-audio-low/58/644058.low.mp3,10,7.884748,2.3111098
381441,/content/drive/MyDrive/tag-polysemy/mtg-audio-low/41/381441.low.mp3,0,8.113413,6.3986497
1403960,/content/drive/MyDrive/tag-polysemy/mtg-audio-low/60/1403960.low.mp3,5,1.166932,5.0357704
1159947,/content/drive/MyDrive/tag-polysemy/mtg-audio-low/47/1159947.low.mp3,15,9.999458,6.343969
151091,/content/drive/MyDrive/tag-polysemy/mtg-audio-low/91/151091.low.mp3,1,0.5710647,5.8694983
1321732,/content/drive/MyDrive/tag-polysemy/mtg-audio-low/32/1321732.low.mp3,10,7.6747665,2.001783
1311234,/content/drive/MyDrive/tag-polysemy/mtg-audio-low/34/1311234.low.mp3,12,6.8746867,1.4480362
1119473,/content/drive/MyDrive/tag-polysemy/mtg-audio-low/73/1119473.low.mp3,2,8.244112,2.1001194
1365282,/content/drive/MyDrive/tag-polysemy/mtg-audio-low/82/1365282.low.mp3,6,8.005405,7.042098
1380975,/content/drive/MyDrive/tag-polysemy/mtg-audio-low/75/1380975.low.mp3,12,6.985243,0.8384203
1203233,/content/drive/MyDrive/tag-polysemy/mtg-audio-low/33/1203233.low.mp3,13,6.2194166,0.9850209
1331473,/content/drive/MyDrive/tag-polysemy/mtg-audio-low/73/1331473.low.mp3,17,5.732964,5.253358
1164347,/content/drive/MyDrive/tag-polysemy/mtg-audio-low/47/1164347.low.mp3,8,1.9193705,4.2571473
1103303,/content/drive/MyDrive/tag-polysemy/mtg-audio-low/03/1103303.low.mp3,11,-0.30166525,2.917066
1257553,/content/drive/MyDrive/tag-polysemy/mtg-audio-low/53/1257553.low.mp3,18,5.1480107,2.551801
1085320,/content/drive/MyDrive/tag-polysemy/mtg-audio-low/20/1085320.low.mp3,0,10.474218,3.1697237
36974,/content/drive/MyDrive/tag-polysemy/mtg-audio-low/74/36974.low.mp3,16,4.785406,4.5884175
379519,/content/drive/MyDrive/tag-polysemy/mtg-audio-low/19/379519.low.mp3,12,6.325393,1.4210391
1052153,/content/drive/MyDrive/tag-polysemy/mtg-audio-low/53/1052153.low.mp3,10,7.5665298,0.75509787
921763,/content/drive/MyDrive/tag-polysemy/mtg-audio-low/63/921763.low.mp3,15,2.9932723,6.1414113
1073220,/content/drive/MyDrive/tag-polysemy/mtg-audio-low/20/1073220.low.mp3,18,3.4133096,2.2883737
1111778,/content/drive/MyDrive/tag-polysemy/mtg-audio-low/78/1111778.low.mp3,16,5.425247,5.7967005
998118,/content/drive/MyDrive/tag-polysemy/mtg-audio-low/18/998118.low.mp3,2,8.178976,3.2836907
1370705,/content/drive/MyDrive/tag-polysemy/mtg-audio-low/05/1370705.low.mp3,2,8.802939,4.8784175
938333,/content/drive/MyDrive/tag-polysemy/mtg-audio-low/33/938333.low.mp3,3,8.4272785,5.720838
1277832,/content/drive/MyDrive/tag-polysemy/mtg-audio-low/32/1277832.low.mp3,1,0.45534763,5.768184
1363648,/content/drive/MyDrive/tag-polysemy/mtg-audio-low/48/1363648.low.mp3,6,8.104605,6.8405457
1149535,/content/drive/MyDrive/tag-polysemy/mtg-audio-low/35/1149535.low.mp3,3,9.845656,5.550694
86249,/content/drive/MyDrive/tag-polysemy/mtg-audio-low/49/86249.low.mp3,13,5.868642,1.8704251
646441,/content/drive/MyDrive/tag-polysemy/mtg-audio-low/41/646441.low.mp3,11,0.5956688,3.1926763
155510,/content/drive/MyDrive/tag-polysemy/mtg-audio-low/10/155510.low.mp3,18,2.580228,3.1707442
1029952,/content/drive/MyDrive/tag-polysemy/mtg-audio-low/52/1029952.low.mp3,7,2.3139143,2.8729486
73122,/content/drive/MyDrive/tag-polysemy/mtg-audio-low/22/73122.low.mp3,17,4.2413754,5.490991
1349114,/content/drive/MyDrive/tag-polysemy/mtg-audio-low/14/1349114.low.mp3,4,4.5566816,1.7645683
37530,/content/drive/MyDrive/tag-polysemy/mtg-audio-low/30/37530.low.mp3,19,6.9442315,2.646647
1131683,/content/drive/MyDrive/tag-polysemy/mtg-audio-low/83/1131683.low.mp3,3,8.165395,3.203915
74634,/content/drive/MyDrive/tag-polysemy/mtg-audio-low/34/74634.low.mp3,0,10.189302,3.605185
763,/content/drive/MyDrive/tag-polysemy/mtg-audio-low/63/763.low.mp3,15,10.414061,6.592776
418030,/content/drive/MyDrive/tag-polysemy/mtg-audio-low/30/418030.low.mp3,8,2.4746401,3.6469104
1119734,/content/drive/MyDrive/tag-polysemy/mtg-audio-low/34/1119734.low.mp3,5,5.269863,3.8448057
253740,/content/drive/MyDrive/tag-polysemy/mtg-audio-low/40/253740.low.mp3,6,8.272945,6.853245
1275300,/content/drive/MyDrive/tag-polysemy/mtg-audio-low/00/1275300.low.mp3,17,1.1064458,4.1676707
1039777,/content/drive/MyDrive/tag-polysemy/mtg-audio-low/77/1039777.low.mp3,13,4.646693,4.095459
313065,/content/drive/MyDrive/tag-polysemy/mtg-audio-low/65/313065.low.mp3,13,3.0453784,4.112657
45067,/content/drive/MyDrive/tag-polysemy/mtg-audio-low/67/45067.low.mp3,9,7.6167736,1.9976043
920436,/content/drive/MyDrive/tag-polysemy/mtg-audio-low/36/920436.low.mp3,3,8.420346,6.318573
1216158,/content/drive/MyDrive/tag-polysemy/mtg-audio-low/58/1216158.low.mp3,11,0.5927949,4.009076
1356529,/content/drive/MyDrive/tag-polysemy/mtg-audio-low/29/1356529.low.mp3,3,8.87746,5.9107513
1219423,/content/drive/MyDrive/tag-polysemy/mtg-audio-low/23/1219423.low.mp3,19,3.8657527,4.095197
176543,/content/drive/MyDrive/tag-polysemy/mtg-audio-low/43/176543.low.mp3,6,8.211524,6.8302846
1026345,/content/drive/MyDrive/tag-polysemy/mtg-audio-low/45/1026345.low.mp3,4,4.3691144,4.3754277
1094402,/content/drive/MyDrive/tag-polysemy/mtg-audio-low/02/1094402.low.mp3,6,6.4728274,5.453175
406021,/content/drive/MyDrive/tag-polysemy/mtg-audio-low/21/406021.low.mp3,6,7.935132,6.7637997
7252,/content/drive/MyDrive/tag-polysemy/mtg-audio-low/52/7252.low.mp3,19,7.0730457,2.7285976
1165476,/content/drive/MyDrive/tag-polysemy/mtg-audio-low/76/1165476.low.mp3,2,9.99529,5.516604
1220666,/content/drive/MyDrive/tag-polysemy/mtg-audio-low/66/1220666.low.mp3,18,2.8536096,2.3592155
168351,/content/drive/MyDrive/tag-polysemy/mtg-audio-low/51/168351.low.mp3,6,8.589536,6.5172987
326509,/content/drive/MyDrive/tag-polysemy/mtg-audio-low/09/326509.low.mp3,1,-0.05461238,6.2017984
1060812,/content/drive/MyDrive/tag-polysemy/mtg-audio-low/12/1060812.low.mp3,5,5.2585325,5.396955
918878,/content/drive/MyDrive/tag-polysemy/mtg-audio-low/78/918878.low.mp3,4,5.397493,2.0999641
1233539,/content/drive/MyDrive/tag-polysemy/mtg-audio-low/39/1233539.low.mp3,7,5.944476,5.6538253
90287,/content/drive/MyDrive/tag-polysemy/mtg-audio-low/87/90287.low.mp3,14,9.067495,6.188861
283594,/content/drive/MyDrive/tag-polysemy/mtg-audio-low/94/283594.low.mp3,5,5.7884107,5.273653
1035889,/content/drive/MyDrive/tag-polysemy/mtg-audio-low/89/1035889.low.mp3,2,9.675616,5.1605835
170007,/content/drive/MyDrive/tag-polysemy/mtg-audio-low/07/170007.low.mp3,15,3.2547057,6.5189476
133658,/content/drive/MyDrive/tag-polysemy/mtg-audio-low/58/133658.low.mp3,6,8.35794,6.0690536
259905,/content/drive/MyDrive/tag-polysemy/mtg-audio-low/05/259905.low.mp3,1,0.07341224,6.2974195
1263267,/content/drive/MyDrive/tag-polysemy/mtg-audio-low/67/1263267.low.mp3,14,8.285783,6.6338344
1101296,/content/drive/MyDrive/tag-polysemy/mtg-audio-low/96/1101296.low.mp3,4,5.4201174,3.9950194
362501,/content/drive/MyDrive/tag-polysemy/mtg-audio-low/01/362501.low.mp3,4,5.634582,1.0065392
306122,/content/drive/MyDrive/tag-polysemy/mtg-audio-low/22/306122.low.mp3,0,5.9501333,3.7631145
237127,/content/drive/MyDrive/tag-polysemy/mtg-audio-low/27/237127.low.mp3,6,7.621285,7.035956
1022293,/content/drive/MyDrive/tag-polysemy/mtg-audio-low/93/1022293.low.mp3,18,1.2256725,4.367382
37371,/content/drive/MyDrive/tag-polysemy/mtg-audio-low/71/37371.low.mp3,4,4.3687468,2.70168
1349131,/content/drive/MyDrive/tag-polysemy/mtg-audio-low/31/1349131.low.mp3,7,3.4171982,1.9909768
683117,/content/drive/MyDrive/tag-polysemy/mtg-audio-low/17/683117.low.mp3,12,6.832493,0.49816874
326108,/content/drive/MyDrive/tag-polysemy/mtg-audio-low/08/326108.low.mp3,10,7.6052065,2.7528484
1086317,/content/drive/MyDrive/tag-polysemy/mtg-audio-low/17/1086317.low.mp3,15,3.8925264,6.3152237
1344394,/content/drive/MyDrive/tag-polysemy/mtg-audio-low/94/1344394.low.mp3,6,7.2659893,6.952787
1233233,/content/drive/MyDrive/tag-polysemy/mtg-audio-low/33/1233233.low.mp3,7,1.0708364,5.395886
1119896,/content/drive/MyDrive/tag-polysemy/mtg-audio-low/96/1119896.low.mp3,18,3.4783287,2.515498
127593,/content/drive/MyDrive/tag-polysemy/mtg-audio-low/93/127593.low.mp3,9,9.508857,5.224923
104735,/content/drive/MyDrive/tag-polysemy/mtg-audio-low/35/104735.low.mp3,18,3.5310538,2.6611776
1095755,/content/drive/MyDrive/tag-polysemy/mtg-audio-low/55/1095755.low.mp3,15,3.2164617,6.3281393
1309457,/content/drive/MyDrive/tag-polysemy/mtg-audio-low/57/1309457.low.mp3,8,2.731738,3.845024
1334752,/content/drive/MyDrive/tag-polysemy/mtg-audio-low/52/1334752.low.mp3,6,7.500463,7.1128516
921855,/content/drive/MyDrive/tag-polysemy/mtg-audio-low/55/921855.low.mp3,10,7.7431145,0.91409385
1068250,/content/drive/MyDrive/tag-polysemy/mtg-audio-low/50/1068250.low.mp3,18,0.8392594,2.8574631
941857,/content/drive/MyDrive/tag-polysemy/mtg-audio-low/57/941857.low.mp3,12,6.615607,1.0661513
1265164,/content/drive/MyDrive/tag-polysemy/mtg-audio-low/64/1265164.low.mp3,12,7.963386,3.0462527
181427,/content/drive/MyDrive/tag-polysemy/mtg-audio-low/27/181427.low.mp3,6,6.827092,6.596287
1303975,/content/drive/MyDrive/tag-polysemy/mtg-audio-low/75/1303975.low.mp3,5,5.9040446,4.606755
1222858,/content/drive/MyDrive/tag-polysemy/mtg-audio-low/58/1222858.low.mp3,15,3.1991646,6.4649663
26176,/content/drive/MyDrive/tag-polysemy/mtg-audio-low/76/26176.low.mp3,0,6.3582025,3.5835698
273618,/content/drive/MyDrive/tag-polysemy/mtg-audio-low/18/273618.low.mp3,9,10.565791,4.018727
1336607,/content/drive/MyDrive/tag-polysemy/mtg-audio-low/07/1336607.low.mp3,3,9.639696,5.79811
1026821,/content/drive/MyDrive/tag-polysemy/mtg-audio-low/21/1026821.low.mp3,9,8.07288,2.396426
1110066,/content/drive/MyDrive/tag-polysemy/mtg-audio-low/66/1110066.low.mp3,13,4.0636234,3.9436815
750820,/content/drive/MyDrive/tag-polysemy/mtg-audio-low/20/750820.low.mp3,15,2.7754974,5.6407156
1149702,/content/drive/MyDrive/tag-polysemy/mtg-audio-low/02/1149702.low.mp3,3,9.587513,5.6071715
1310246,/content/drive/MyDrive/tag-polysemy/mtg-audio-low/46/1310246.low.mp3,1,4.649218,5.51151
1219600,/content/drive/MyDrive/tag-polysemy/mtg-audio-low/00/1219600.low.mp3,5,1.1382747,3.1578376
1169707,/content/drive/MyDrive/tag-polysemy/mtg-audio-low/07/1169707.low.mp3,1,-0.047801554,6.5238996
492262,/content/drive/MyDrive/tag-polysemy/mtg-audio-low/62/492262.low.mp3,19,4.5404673,6.174339
373367,/content/drive/MyDrive/tag-polysemy/mtg-audio-low/67/373367.low.mp3,6,7.7765694,6.977689
9448,/content/drive/MyDrive/tag-polysemy/mtg-audio-low/48/9448.low.mp3,4,5.265448,2.6745927
305819,/content/drive/MyDrive/tag-polysemy/mtg-audio-low/19/305819.low.mp3,13,7.7018814,3.1881075
1279451,/content/drive/MyDrive/tag-polysemy/mtg-audio-low/51/1279451.low.mp3,18,3.6627162,1.7914652
268260,/content/drive/MyDrive/tag-polysemy/mtg-audio-low/60/268260.low.mp3,7,2.5489407,2.300496
1355559,/content/drive/MyDrive/tag-polysemy/mtg-audio-low/59/1355559.low.mp3,5,5.4141192,5.225208
759750,/content/drive/MyDrive/tag-polysemy/mtg-audio-low/50/759750.low.mp3,15,1.2228318,3.5295951
1098676,/content/drive/MyDrive/tag-polysemy/mtg-audio-low/76/1098676.low.mp3,15,10.471767,5.798235
1147266,/content/drive/MyDrive/tag-polysemy/mtg-audio-low/66/1147266.low.mp3,14,9.188923,6.1922827
1416340,/content/drive/MyDrive/tag-polysemy/mtg-audio-low/40/1416340.low.mp3,12,5.862984,1.0254737
1363085,/content/drive/MyDrive/tag-polysemy/mtg-audio-low/85/1363085.low.mp3,19,6.4585967,2.585156
17961,/content/drive/MyDrive/tag-polysemy/mtg-audio-low/61/17961.low.mp3,17,3.7273653,4.070374
940731,/content/drive/MyDrive/tag-polysemy/mtg-audio-low/31/940731.low.mp3,19,4.866968,3.0717504
1280420,/content/drive/MyDrive/tag-polysemy/mtg-audio-low/20/1280420.low.mp3,13,5.759352,1.984867
402811,/content/drive/MyDrive/tag-polysemy/mtg-audio-low/11/402811.low.mp3,4,2.4673853,4.0051246
1135709,/content/drive/MyDrive/tag-polysemy/mtg-audio-low/09/1135709.low.mp3,14,6.2354403,5.8442974
1288586,/content/drive/MyDrive/tag-polysemy/mtg-audio-low/86/1288586.low.mp3,19,5.932423,3.1913579
340682,/content/drive/MyDrive/tag-polysemy/mtg-audio-low/82/340682.low.mp3,17,4.1109796,5.7418065
1092590,/content/drive/MyDrive/tag-polysemy/mtg-audio-low/90/1092590.low.mp3,3,8.6197,5.008512
718686,/content/drive/MyDrive/tag-polysemy/mtg-audio-low/86/718686.low.mp3,2,8.453857,2.6574066
916169,/content/drive/MyDrive/tag-polysemy/mtg-audio-low/69/916169.low.mp3,19,7.2679787,2.1030815
1031976,/content/drive/MyDrive/tag-polysemy/mtg-audio-low/76/1031976.low.mp3,19,4.9072437,3.868651
268313,/content/drive/MyDrive/tag-polysemy/mtg-audio-low/13/268313.low.mp3,16,6.201496,5.3391795
108658,/content/drive/MyDrive/tag-polysemy/mtg-audio-low/58/108658.low.mp3,14,8.385214,6.854092
101166,/content/drive/MyDrive/tag-polysemy/mtg-audio-low/66/101166.low.mp3,8,5.022813,3.7491977
1402265,/content/drive/MyDrive/tag-polysemy/mtg-audio-low/65/1402265.low.mp3,12,6.9727774,0.89687294
1393035,/content/drive/MyDrive/tag-polysemy/mtg-audio-low/35/1393035.low.mp3,12,6.5682497,1.8405514
329517,/content/drive/MyDrive/tag-polysemy/mtg-audio-low/17/329517.low.mp3,13,5.337244,1.246352
1292156,/content/drive/MyDrive/tag-polysemy/mtg-audio-low/56/1292156.low.mp3,4,5.928146,0.35929766
1333712,/content/drive/MyDrive/tag-polysemy/mtg-audio-low/12/1333712.low.mp3,11,0.42507938,3.0715983
1173026,/content/drive/MyDrive/tag-polysemy/mtg-audio-low/26/1173026.low.mp3,11,0.581516,3.8335605
724206,/content/drive/MyDrive/tag-polysemy/mtg-audio-low/06/724206.low.mp3,12,5.264779,1.5680592
1340350,/content/drive/MyDrive/tag-polysemy/mtg-audio-low/50/1340350.low.mp3,17,3.634101,5.4333587
1074745,/content/drive/MyDrive/tag-polysemy/mtg-audio-low/45/1074745.low.mp3,11,-0.25304568,3.0197434
390,/content/drive/MyDrive/tag-polysemy/mtg-audio-low/90/390.low.mp3,18,0.6035677,2.8025281
1166546,/content/drive/MyDrive/tag-polysemy/mtg-audio-low/46/1166546.low.mp3,4,5.9494,0.97752804
1131177,/content/drive/MyDrive/tag-polysemy/mtg-audio-low/77/1131177.low.mp3,5,1.2121779,3.1736536
1221325,/content/drive/MyDrive/tag-polysemy/mtg-audio-low/25/1221325.low.mp3,18,3.5602589,2.037806
1379862,/content/drive/MyDrive/tag-polysemy/mtg-audio-low/62/1379862.low.mp3,18,4.4006877,2.6382346
263695,/content/drive/MyDrive/tag-polysemy/mtg-audio-low/95/263695.low.mp3,19,4.8588705,4.2665563
80823,/content/drive/MyDrive/tag-polysemy/mtg-audio-low/23/80823.low.mp3,11,0.6195136,3.5674145
1080806,/content/drive/MyDrive/tag-polysemy/mtg-audio-low/06/1080806.low.mp3,2,8.104073,1.9759176
37232,/content/drive/MyDrive/tag-polysemy/mtg-audio-low/32/37232.low.mp3,18,5.1641154,2.5749521
315239,/content/drive/MyDrive/tag-polysemy/mtg-audio-low/39/315239.low.mp3,19,4.4221044,2.9268243
157711,/content/drive/MyDrive/tag-polysemy/mtg-audio-low/11/157711.low.mp3,0,6.4511886,2.9034107
1345585,/content/drive/MyDrive/tag-polysemy/mtg-audio-low/85/1345585.low.mp3,4,6.0631094,0.6662168
1123057,/content/drive/MyDrive/tag-polysemy/mtg-audio-low/57/1123057.low.mp3,13,5.792048,0.962177
1281575,/content/drive/MyDrive/tag-polysemy/mtg-audio-low/75/1281575.low.mp3,9,10.1025305,3.5970209
1418681,/content/drive/MyDrive/tag-polysemy/mtg-audio-low/81/1418681.low.mp3,2,9.249433,5.1530356
1186991,/content/drive/MyDrive/tag-polysemy/mtg-audio-low/91/1186991.low.mp3,5,5.394747,2.957558
1337776,/content/drive/MyDrive/tag-polysemy/mtg-audio-low/76/1337776.low.mp3,11,-0.35681581,2.8726122
1061763,/content/drive/MyDrive/tag-polysemy/mtg-audio-low/63/1061763.low.mp3,14,8.064927,7.011789
1315270,/content/drive/MyDrive/tag-polysemy/mtg-audio-low/70/1315270.low.mp3,6,8.023919,6.562628
305867,/content/drive/MyDrive/tag-polysemy/mtg-audio-low/67/305867.low.mp3,3,9.936177,4.5447927
1378475,/content/drive/MyDrive/tag-polysemy/mtg-audio-low/75/1378475.low.mp3,10,7.465877,1.7605145
165326,/content/drive/MyDrive/tag-polysemy/mtg-audio-low/26/165326.low.mp3,19,6.19416,1.8017569
3674,/content/drive/MyDrive/tag-polysemy/mtg-audio-low/74/3674.low.mp3,19,5.339344,1.8799907
74552,/content/drive/MyDrive/tag-polysemy/mtg-audio-low/52/74552.low.mp3,3,8.468065,6.379066
26220,/content/drive/MyDrive/tag-polysemy/mtg-audio-low/20/26220.low.mp3,16,5.912144,4.5707836
1317534,/content/drive/MyDrive/tag-polysemy/mtg-audio-low/34/1317534.low.mp3,16,6.028872,4.7310452
1041958,/content/drive/MyDrive/tag-polysemy/mtg-audio-low/58/1041958.low.mp3,13,4.109023,3.3489375
4397,/content/drive/MyDrive/tag-polysemy/mtg-audio-low/97/4397.low.mp3,16,3.1890733,4.338153
426030,/content/drive/MyDrive/tag-polysemy/mtg-audio-low/30/426030.low.mp3,3,8.683308,5.4698105
1222633,/content/drive/MyDrive/tag-polysemy/mtg-audio-low/33/1222633.low.mp3,11,-0.16311187,2.9078221
986586,/content/drive/MyDrive/tag-polysemy/mtg-audio-low/86/986586.low.mp3,16,5.641919,5.787056
328649,/content/drive/MyDrive/tag-polysemy/mtg-audio-low/49/328649.low.mp3,0,10.534423,3.0967414
278357,/content/drive/MyDrive/tag-polysemy/mtg-audio-low/57/278357.low.mp3,8,0.8601617,3.6653883
1353310,/content/drive/MyDrive/tag-polysemy/mtg-audio-low/10/1353310.low.mp3,10,7.721144,2.0040882
135833,/content/drive/MyDrive/tag-polysemy/mtg-audio-low/33/135833.low.mp3,9,10.385588,5.0590334
1048304,/content/drive/MyDrive/tag-polysemy/mtg-audio-low/04/1048304.low.mp3,1,1.189601,5.479117
114405,/content/drive/MyDrive/tag-polysemy/mtg-audio-low/05/114405.low.mp3,13,5.7685018,2.0828984
229044,/content/drive/MyDrive/tag-polysemy/mtg-audio-low/44/229044.low.mp3,3,9.568524,5.363871
1356530,/content/drive/MyDrive/tag-polysemy/mtg-audio-low/30/1356530.low.mp3,3,9.355425,6.3424363
209800,/content/drive/MyDrive/tag-polysemy/mtg-audio-low/00/209800.low.mp3,6,7.997451,7.174935
430670,/content/drive/MyDrive/tag-polysemy/mtg-audio-low/70/430670.low.mp3,1,-0.094859384,6.185162
1210600,/content/drive/MyDrive/tag-polysemy/mtg-audio-low/00/1210600.low.mp3,19,7.816377,3.1787207
1088629,/content/drive/MyDrive/tag-polysemy/mtg-audio-low/29/1088629.low.mp3,9,10.653653,3.640241
1186642,/content/drive/MyDrive/tag-polysemy/mtg-audio-low/42/1186642.low.mp3,19,7.097258,2.6253815
662429,/content/drive/MyDrive/tag-polysemy/mtg-audio-low/29/662429.low.mp3,8,1.8848289,4.5730586
1320955,/content/drive/MyDrive/tag-polysemy/mtg-audio-low/55/1320955.low.mp3,2,9.345229,4.3507943
1131526,/content/drive/MyDrive/tag-polysemy/mtg-audio-low/26/1131526.low.mp3,3,8.345714,4.5800276
1150134,/content/drive/MyDrive/tag-polysemy/mtg-audio-low/34/1150134.low.mp3,1,1.3648368,5.197255
402329,/content/drive/MyDrive/tag-polysemy/mtg-audio-low/29/402329.low.mp3,4,4.9864135,1.4491
1027900,/content/drive/MyDrive/tag-polysemy/mtg-audio-low/00/1027900.low.mp3,14,8.429008,6.886967
1076295,/content/drive/MyDrive/tag-polysemy/mtg-audio-low/95/1076295.low.mp3,9,10.570162,4.0426226
33389,/content/drive/MyDrive/tag-polysemy/mtg-audio-low/89/33389.low.mp3,12,2.9639986,3.1272645
273617,/content/drive/MyDrive/tag-polysemy/mtg-audio-low/17/273617.low.mp3,9,10.223601,4.6986814
373202,/content/drive/MyDrive/tag-polysemy/mtg-audio-low/02/373202.low.mp3,18,1.6508307,4.5931997
1157349,/content/drive/MyDrive/tag-polysemy/mtg-audio-low/49/1157349.low.mp3,11,0.55766475,3.3034296
1109349,/content/drive/MyDrive/tag-polysemy/mtg-audio-low/49/1109349.low.mp3,19,6.1087995,2.09422
1355557,/content/drive/MyDrive/tag-polysemy/mtg-audio-low/57/1355557.low.mp3,5,5.1055684,4.7634363
1264215,/content/drive/MyDrive/tag-polysemy/mtg-audio-low/15/1264215.low.mp3,0,6.3829713,3.7186217
1051896,/content/drive/MyDrive/tag-polysemy/mtg-audio-low/96/1051896.low.mp3,12,6.99492,1.3363823
1266111,/content/drive/MyDrive/tag-polysemy/mtg-audio-low/11/1266111.low.mp3,5,4.124162,4.5197678
11081,/content/drive/MyDrive/tag-polysemy/mtg-audio-low/81/11081.low.mp3,19,5.3859534,3.1208081
1162786,/content/drive/MyDrive/tag-polysemy/mtg-audio-low/86/1162786.low.mp3,5,5.671279,4.217856
332937,/content/drive/MyDrive/tag-polysemy/mtg-audio-low/37/332937.low.mp3,0,6.927873,2.7372622
1207997,/content/drive/MyDrive/tag-polysemy/mtg-audio-low/97/1207997.low.mp3,6,7.0688396,5.980984
1136528,/content/drive/MyDrive/tag-polysemy/mtg-audio-low/28/1136528.low.mp3,12,7.106446,0.8108735
606295,/content/drive/MyDrive/tag-polysemy/mtg-audio-low/95/606295.low.mp3,13,3.8799617,4.355101
1164057,/content/drive/MyDrive/tag-polysemy/mtg-audio-low/57/1164057.low.mp3,10,7.5030866,0.47669625
1056172,/content/drive/MyDrive/tag-polysemy/mtg-audio-low/72/1056172.low.mp3,14,8.389466,5.805556
25398,/content/drive/MyDrive/tag-polysemy/mtg-audio-low/98/25398.low.mp3,16,6.461391,6.24436
154548,/content/drive/MyDrive/tag-polysemy/mtg-audio-low/48/154548.low.mp3,10,6.5047383,1.1256793
7259,/content/drive/MyDrive/tag-polysemy/mtg-audio-low/59/7259.low.mp3,19,4.639773,2.971022
1034573,/content/drive/MyDrive/tag-polysemy/mtg-audio-low/73/1034573.low.mp3,4,5.6850514,1.321709
1096932,/content/drive/MyDrive/tag-polysemy/mtg-audio-low/32/1096932.low.mp3,17,3.970708,5.7077513
304548,/content/drive/MyDrive/tag-polysemy/mtg-audio-low/48/304548.low.mp3,11,0.8802446,3.3653758
41966,/content/drive/MyDrive/tag-polysemy/mtg-audio-low/66/41966.low.mp3,8,2.6135445,3.5374687
1204594,/content/drive/MyDrive/tag-polysemy/mtg-audio-low/94/1204594.low.mp3,3,9.6835165,5.9953213
1399694,/content/drive/MyDrive/tag-polysemy/mtg-audio-low/94/1399694.low.mp3,12,6.291766,1.2101945
1379955,/content/drive/MyDrive/tag-polysemy/mtg-audio-low/55/1379955.low.mp3,19,5.5628037,3.0356526
90367,/content/drive/MyDrive/tag-polysemy/mtg-audio-low/67/90367.low.mp3,15,10.484845,6.0269976
718307,/content/drive/MyDrive/tag-polysemy/mtg-audio-low/07/718307.low.mp3,9,6.015441,4.3183055
387433,/content/drive/MyDrive/tag-polysemy/mtg-audio-low/33/387433.low.mp3,19,3.7398562,4.184619
1232467,/content/drive/MyDrive/tag-polysemy/mtg-audio-low/67/1232467.low.mp3,18,3.201935,2.035552
420706,/content/drive/MyDrive/tag-polysemy/mtg-audio-low/06/420706.low.mp3,16,5.680625,5.776372
1083515,/content/drive/MyDrive/tag-polysemy/mtg-audio-low/15/1083515.low.mp3,15,3.1726418,6.454541
1332598,/content/drive/MyDrive/tag-polysemy/mtg-audio-low/98/1332598.low.mp3,17,4.2095184,5.6319857
1369663,/content/drive/MyDrive/tag-polysemy/mtg-audio-low/63/1369663.low.mp3,13,3.7549715,3.6275482
186577,/content/drive/MyDrive/tag-polysemy/mtg-audio-low/77/186577.low.mp3,19,5.777404,2.5655322
1390995,/content/drive/MyDrive/tag-polysemy/mtg-audio-low/95/1390995.low.mp3,5,4.8195763,4.99732
809892,/content/drive/MyDrive/tag-polysemy/mtg-audio-low/92/809892.low.mp3,5,4.940553,5.164558
1294224,/content/drive/MyDrive/tag-polysemy/mtg-audio-low/24/1294224.low.mp3,15,2.9091663,6.0234504
1283770,/content/drive/MyDrive/tag-polysemy/mtg-audio-low/70/1283770.low.mp3,5,6.3466563,5.272353
64076,/content/drive/MyDrive/tag-polysemy/mtg-audio-low/76/64076.low.mp3,5,6.613148,1.5618286
874648,/content/drive/MyDrive/tag-polysemy/mtg-audio-low/48/874648.low.mp3,11,0.9821144,3.403651
1103560,/content/drive/MyDrive/tag-polysemy/mtg-audio-low/60/1103560.low.mp3,17,4.450682,5.646888
1127773,/content/drive/MyDrive/tag-polysemy/mtg-audio-low/73/1127773.low.mp3,0,3.8894932,3.6184382
1279607,/content/drive/MyDrive/tag-polysemy/mtg-audio-low/07/1279607.low.mp3,5,3.9900239,4.729957
1109857,/content/drive/MyDrive/tag-polysemy/mtg-audio-low/57/1109857.low.mp3,19,6.043521,3.7064126
769431,/content/drive/MyDrive/tag-polysemy/mtg-audio-low/31/769431.low.mp3,3,9.921618,6.312978
1283856,/content/drive/MyDrive/tag-polysemy/mtg-audio-low/56/1283856.low.mp3,11,-0.35949495,2.8783734
1390710,/content/drive/MyDrive/tag-polysemy/mtg-audio-low/10/1390710.low.mp3,13,3.9947193,3.5457716
443385,/content/drive/MyDrive/tag-polysemy/mtg-audio-low/85/443385.low.mp3,13,5.2385817,1.6851192
91618,/content/drive/MyDrive/tag-polysemy/mtg-audio-low/18/91618.low.mp3,6,6.8461714,6.6410084
383978,/content/drive/MyDrive/tag-polysemy/mtg-audio-low/78/383978.low.mp3,2,8.703836,3.7405055
1111172,/content/drive/MyDrive/tag-polysemy/mtg-audio-low/72/1111172.low.mp3,4,4.985423,2.5837684
473105,/content/drive/MyDrive/tag-polysemy/mtg-audio-low/05/473105.low.mp3,10,7.3087683,2.0180478
426729,/content/drive/MyDrive/tag-polysemy/mtg-audio-low/29/426729.low.mp3,18,1.7118094,4.439337
1053500,/content/drive/MyDrive/tag-polysemy/mtg-audio-low/00/1053500.low.mp3,19,6.355514,2.4184842
415600,/content/drive/MyDrive/tag-polysemy/mtg-audio-low/00/415600.low.mp3,19,6.015638,3.088456
502898,/content/drive/MyDrive/tag-polysemy/mtg-audio-low/98/502898.low.mp3,4,3.5267053,2.0009987
225608,/content/drive/MyDrive/tag-polysemy/mtg-audio-low/08/225608.low.mp3,16,5.494721,6.0777154
36237,/content/drive/MyDrive/tag-polysemy/mtg-audio-low/37/36237.low.mp3,18,2.696004,2.8838997
271746,/content/drive/MyDrive/tag-polysemy/mtg-audio-low/46/271746.low.mp3,1,0.36865225,6.141728
780391,/content/drive/MyDrive/tag-polysemy/mtg-audio-low/91/780391.low.mp3,0,6.431516,3.5322564
742882,/content/drive/MyDrive/tag-polysemy/mtg-audio-low/82/742882.low.mp3,11,-0.2016951,2.9780939
1108994,/content/drive/MyDrive/tag-polysemy/mtg-audio-low/94/1108994.low.mp3,7,2.590927,3.1040187
108587,/content/drive/MyDrive/tag-polysemy/mtg-audio-low/87/108587.low.mp3,12,6.4214334,0.35117894
1192534,/content/drive/MyDrive/tag-polysemy/mtg-audio-low/34/1192534.low.mp3,17,3.4749672,4.326067
400402,/content/drive/MyDrive/tag-polysemy/mtg-audio-low/02/400402.low.mp3,3,9.10619,6.492136
594914,/content/drive/MyDrive/tag-polysemy/mtg-audio-low/14/594914.low.mp3,11,0.5730792,3.3644762
303966,/content/drive/MyDrive/tag-polysemy/mtg-audio-low/66/303966.low.mp3,13,5.4532957,1.1466804
843217,/content/drive/MyDrive/tag-polysemy/mtg-audio-low/17/843217.low.mp3,3,10.153847,6.371691
811246,/content/drive/MyDrive/tag-polysemy/mtg-audio-low/46/811246.low.mp3,11,0.38040435,4.0745635
1399790,/content/drive/MyDrive/tag-polysemy/mtg-audio-low/90/1399790.low.mp3,1,0.4435448,5.9435363
1385249,/content/drive/MyDrive/tag-polysemy/mtg-audio-low/49/1385249.low.mp3,0,6.364582,3.6578002
80789,/content/drive/MyDrive/tag-polysemy/mtg-audio-low/89/80789.low.mp3,8,2.669816,3.5628216
1056058,/content/drive/MyDrive/tag-polysemy/mtg-audio-low/58/1056058.low.mp3,13,5.3175144,3.336123
899769,/content/drive/MyDrive/tag-polysemy/mtg-audio-low/69/899769.low.mp3,10,6.552318,2.1018074
99660,/content/drive/MyDrive/tag-polysemy/mtg-audio-low/60/99660.low.mp3,0,4.2241106,4.187736
1106580,/content/drive/MyDrive/tag-polysemy/mtg-audio-low/80/1106580.low.mp3,5,1.6965456,4.8845787
1188765,/content/drive/MyDrive/tag-polysemy/mtg-audio-low/65/1188765.low.mp3,3,8.328806,5.8236494
1079444,/content/drive/MyDrive/tag-polysemy/mtg-audio-low/44/1079444.low.mp3,16,2.7482703,5.472528
1279770,/content/drive/MyDrive/tag-polysemy/mtg-audio-low/70/1279770.low.mp3,3,9.894021,6.449069
111957,/content/drive/MyDrive/tag-polysemy/mtg-audio-low/57/111957.low.mp3,9,10.662954,4.3074923
1356516,/content/drive/MyDrive/tag-polysemy/mtg-audio-low/16/1356516.low.mp3,12,6.9886584,1.3666917
1400987,/content/drive/MyDrive/tag-polysemy/mtg-audio-low/87/1400987.low.mp3,7,2.6656075,3.4635985
1219280,/content/drive/MyDrive/tag-polysemy/mtg-audio-low/80/1219280.low.mp3,16,5.649422,5.8533664
1217349,/content/drive/MyDrive/tag-polysemy/mtg-audio-low/49/1217349.low.mp3,16,6.428251,6.22986
1208232,/content/drive/MyDrive/tag-polysemy/mtg-audio-low/32/1208232.low.mp3,12,6.8772163,0.58290046
1034240,/content/drive/MyDrive/tag-polysemy/mtg-audio-low/40/1034240.low.mp3,11,0.07673832,2.9480567
210602,/content/drive/MyDrive/tag-polysemy/mtg-audio-low/02/210602.low.mp3,19,5.4755635,2.806879
200581,/content/drive/MyDrive/tag-polysemy/mtg-audio-low/81/200581.low.mp3,14,8.410725,6.825087
1148777,/content/drive/MyDrive/tag-polysemy/mtg-audio-low/77/1148777.low.mp3,17,6.3511605,3.936495
428559,/content/drive/MyDrive/tag-polysemy/mtg-audio-low/59/428559.low.mp3,8,5.9258146,3.6213348
272976,/content/drive/MyDrive/tag-polysemy/mtg-audio-low/76/272976.low.mp3,1,0.647495,6.4293547
312918,/content/drive/MyDrive/tag-polysemy/mtg-audio-low/18/312918.low.mp3,9,10.679328,4.8814235
305170,/content/drive/MyDrive/tag-polysemy/mtg-audio-low/70/305170.low.mp3,18,9.482932,6.367324
1373108,/content/drive/MyDrive/tag-polysemy/mtg-audio-low/08/1373108.low.mp3,18,3.2097526,1.8528993
25383,/content/drive/MyDrive/tag-polysemy/mtg-audio-low/83/25383.low.mp3,11,0.9361859,4.3306108
521016,/content/drive/MyDrive/tag-polysemy/mtg-audio-low/16/521016.low.mp3,2,9.80906,3.4743989
1138238,/content/drive/MyDrive/tag-polysemy/mtg-audio-low/38/1138238.low.mp3,9,3.9431713,4.2445607
1084724,/content/drive/MyDrive/tag-polysemy/mtg-audio-low/24/1084724.low.mp3,11,0.5168933,4.0913835
378692,/content/drive/MyDrive/tag-polysemy/mtg-audio-low/92/378692.low.mp3,18,4.092833,3.561841
364351,/content/drive/MyDrive/tag-polysemy/mtg-audio-low/51/364351.low.mp3,19,5.3072996,2.790936
537122,/content/drive/MyDrive/tag-polysemy/mtg-audio-low/22/537122.low.mp3,0,10.409392,3.177599
221365,/content/drive/MyDrive/tag-polysemy/mtg-audio-low/65/221365.low.mp3,14,8.38925,6.495234
12414,/content/drive/MyDrive/tag-polysemy/mtg-audio-low/14/12414.low.mp3,12,6.2724276,0.6603663
253342,/content/drive/MyDrive/tag-polysemy/mtg-audio-low/42/253342.low.mp3,14,9.542515,6.22655
217493,/content/drive/MyDrive/tag-polysemy/mtg-audio-low/93/217493.low.mp3,19,8.447786,3.6587455
181852,/content/drive/MyDrive/tag-polysemy/mtg-audio-low/52/181852.low.mp3,7,4.530058,2.2373765
373002,/content/drive/MyDrive/tag-polysemy/mtg-audio-low/02/373002.low.mp3,10,6.523538,0.91706926
134571,/content/drive/MyDrive/tag-polysemy/mtg-audio-low/71/134571.low.mp3,11,0.55720466,3.4813004
440513,/content/drive/MyDrive/tag-polysemy/mtg-audio-low/13/440513.low.mp3,15,3.7089643,6.4545
88877,/content/drive/MyDrive/tag-polysemy/mtg-audio-low/77/88877.low.mp3,14,8.51521,6.0707035
1299922,/content/drive/MyDrive/tag-polysemy/mtg-audio-low/22/1299922.low.mp3,10,6.490308,0.6358351
141081,/content/drive/MyDrive/tag-polysemy/mtg-audio-low/81/141081.low.mp3,6,8.565884,6.614318
1131044,/content/drive/MyDrive/tag-polysemy/mtg-audio-low/44/1131044.low.mp3,11,0.13748066,2.9723213
167212,/content/drive/MyDrive/tag-polysemy/mtg-audio-low/12/167212.low.mp3,7,2.883925,2.4167275
151032,/content/drive/MyDrive/tag-polysemy/mtg-audio-low/32/151032.low.mp3,1,1.1158286,5.6846285
1257405,/content/drive/MyDrive/tag-polysemy/mtg-audio-low/05/1257405.low.mp3,16,6.462279,5.610152
1063129,/content/drive/MyDrive/tag-polysemy/mtg-audio-low/29/1063129.low.mp3,11,0.19212088,2.9112685
268315,/content/drive/MyDrive/tag-polysemy/mtg-audio-low/15/268315.low.mp3,11,0.11355781,2.958404
237472,/content/drive/MyDrive/tag-polysemy/mtg-audio-low/72/237472.low.mp3,18,3.9280965,1.6867064
1162699,/content/drive/MyDrive/tag-polysemy/mtg-audio-low/99/1162699.low.mp3,8,5.180168,5.155134
1420433,/content/drive/MyDrive/tag-polysemy/mtg-audio-low/33/1420433.low.mp3,10,7.258403,2.3835683
1288338,/content/drive/MyDrive/tag-polysemy/mtg-audio-low/38/1288338.low.mp3,12,6.4615192,0.27143502
1097944,/content/drive/MyDrive/tag-polysemy/mtg-audio-low/44/1097944.low.mp3,5,5.7029867,5.3436375
1291605,/content/drive/MyDrive/tag-polysemy/mtg-audio-low/05/1291605.low.mp3,10,7.4697123,0.47895056
123449,/content/drive/MyDrive/tag-polysemy/mtg-audio-low/49/123449.low.mp3,15,3.2472787,6.5826464
112716,/content/drive/MyDrive/tag-polysemy/mtg-audio-low/16/112716.low.mp3,4,4.436297,2.459827
1235166,/content/drive/MyDrive/tag-polysemy/mtg-audio-low/66/1235166.low.mp3,17,6.064446,4.3315077
1066514,/content/drive/MyDrive/tag-polysemy/mtg-audio-low/14/1066514.low.mp3,5,5.1592016,5.3725777
26884,/content/drive/MyDrive/tag-polysemy/mtg-audio-low/84/26884.low.mp3,15,4.504105,6.167387
622395,/content/drive/MyDrive/tag-polysemy/mtg-audio-low/95/622395.low.mp3,15,3.1727734,6.3742785
1125406,/content/drive/MyDrive/tag-polysemy/mtg-audio-low/06/1125406.low.mp3,7,2.3389275,2.6800747
856979,/content/drive/MyDrive/tag-polysemy/mtg-audio-low/79/856979.low.mp3,12,6.3279567,2.2707627
673273,/content/drive/MyDrive/tag-polysemy/mtg-audio-low/73/673273.low.mp3,12,5.923883,2.4522774
7394,/content/drive/MyDrive/tag-polysemy/mtg-audio-low/94/7394.low.mp3,5,5.2181463,5.620709
547999,/content/drive/MyDrive/tag-polysemy/mtg-audio-low/99/547999.low.mp3,3,9.713818,5.0858955
1109964,/content/drive/MyDrive/tag-polysemy/mtg-audio-low/64/1109964.low.mp3,5,5.8378325,3.6269374
1134296,/content/drive/MyDrive/tag-polysemy/mtg-audio-low/96/1134296.low.mp3,2,8.514327,5.6612267
18078,/content/drive/MyDrive/tag-polysemy/mtg-audio-low/78/18078.low.mp3,12,5.942927,1.6483798
1037338,/content/drive/MyDrive/tag-polysemy/mtg-audio-low/38/1037338.low.mp3,11,0.8296172,3.572689
1420641,/content/drive/MyDrive/tag-polysemy/mtg-audio-low/41/1420641.low.mp3,15,2.2716846,5.603264
1087095,/content/drive/MyDrive/tag-polysemy/mtg-audio-low/95/1087095.low.mp3,5,5.6276155,5.491802
1350821,/content/drive/MyDrive/tag-polysemy/mtg-audio-low/21/1350821.low.mp3,8,1.505313,3.851453
1274236,/content/drive/MyDrive/tag-polysemy/mtg-audio-low/36/1274236.low.mp3,16,2.8370788,5.395268
680608,/content/drive/MyDrive/tag-polysemy/mtg-audio-low/08/680608.low.mp3,7,2.444987,3.010989
16407,/content/drive/MyDrive/tag-polysemy/mtg-audio-low/07/16407.low.mp3,17,4.3045835,5.760028
299375,/content/drive/MyDrive/tag-polysemy/mtg-audio-low/75/299375.low.mp3,2,8.902698,4.990664
1165975,/content/drive/MyDrive/tag-polysemy/mtg-audio-low/75/1165975.low.mp3,10,7.2247696,1.0444537
1077381,/content/drive/MyDrive/tag-polysemy/mtg-audio-low/81/1077381.low.mp3,9,10.55871,4.00084
378322,/content/drive/MyDrive/tag-polysemy/mtg-audio-low/22/378322.low.mp3,8,4.8408365,3.8569338
203530,/content/drive/MyDrive/tag-polysemy/mtg-audio-low/30/203530.low.mp3,18,3.1068566,1.8207828
1179882,/content/drive/MyDrive/tag-polysemy/mtg-audio-low/82/1179882.low.mp3,19,6.0375447,3.894089
95641,/content/drive/MyDrive/tag-polysemy/mtg-audio-low/41/95641.low.mp3,8,1.1864644,5.3569465
49491,/content/drive/MyDrive/tag-polysemy/mtg-audio-low/91/49491.low.mp3,19,4.9038167,2.1891565
173494,/content/drive/MyDrive/tag-polysemy/mtg-audio-low/94/173494.low.mp3,6,7.6192245,6.7439036
118779,/content/drive/MyDrive/tag-polysemy/mtg-audio-low/79/118779.low.mp3,17,4.3112283,5.763679
166335,/content/drive/MyDrive/tag-polysemy/mtg-audio-low/35/166335.low.mp3,18,3.912842,2.443212
1352766,/content/drive/MyDrive/tag-polysemy/mtg-audio-low/66/1352766.low.mp3,6,8.180743,6.3396606
130608,/content/drive/MyDrive/tag-polysemy/mtg-audio-low/08/130608.low.mp3,18,7.635282,3.2666435
478251,/content/drive/MyDrive/tag-polysemy/mtg-audio-low/51/478251.low.mp3,16,4.609358,5.6462984
1274162,/content/drive/MyDrive/tag-polysemy/mtg-audio-low/62/1274162.low.mp3,1,1.5331367,6.3485284
921548,/content/drive/MyDrive/tag-polysemy/mtg-audio-low/48/921548.low.mp3,18,3.6072118,2.084647
1164061,/content/drive/MyDrive/tag-polysemy/mtg-audio-low/61/1164061.low.mp3,5,5.28748,4.93065
1324373,/content/drive/MyDrive/tag-polysemy/mtg-audio-low/73/1324373.low.mp3,18,4.769039,3.3744376
1297200,/content/drive/MyDrive/tag-polysemy/mtg-audio-low/00/1297200.low.mp3,4,6.0316877,1.2699145
1109980,/content/drive/MyDrive/tag-polysemy/mtg-audio-low/80/1109980.low.mp3,14,6.3217854,3.8302517
1318213,/content/drive/MyDrive/tag-polysemy/mtg-audio-low/13/1318213.low.mp3,16,8.542843,6.448776
324611,/content/drive/MyDrive/tag-polysemy/mtg-audio-low/11/324611.low.mp3,17,4.0622644,5.5106964
443609,/content/drive/MyDrive/tag-polysemy/mtg-audio-low/09/443609.low.mp3,0,6.5147243,3.2670734
1321723,/content/drive/MyDrive/tag-polysemy/mtg-audio-low/23/1321723.low.mp3,10,7.459889,2.0857203
29960,/content/drive/MyDrive/tag-polysemy/mtg-audio-low/60/29960.low.mp3,2,9.356032,5.0347
320005,/content/drive/MyDrive/tag-polysemy/mtg-audio-low/05/320005.low.mp3,11,1.2192509,4.805242
230827,/content/drive/MyDrive/tag-polysemy/mtg-audio-low/27/230827.low.mp3,6,7.799534,6.8842077
180998,/content/drive/MyDrive/tag-polysemy/mtg-audio-low/98/180998.low.mp3,0,6.829246,4.066292
169988,/content/drive/MyDrive/tag-polysemy/mtg-audio-low/88/169988.low.mp3,7,2.2909648,2.8063521
1378473,/content/drive/MyDrive/tag-polysemy/mtg-audio-low/73/1378473.low.mp3,13,6.3999248,1.4111748
1063336,/content/drive/MyDrive/tag-polysemy/mtg-audio-low/36/1063336.low.mp3,5,5.4711742,3.2384403
1381342,/content/drive/MyDrive/tag-polysemy/mtg-audio-low/42/1381342.low.mp3,6,8.260393,6.1963735
1236633,/content/drive/MyDrive/tag-polysemy/mtg-audio-low/33/1236633.low.mp3,5,5.472785,4.8889675
1253439,/content/drive/MyDrive/tag-polysemy/mtg-audio-low/39/1253439.low.mp3,3,9.675882,6.012483
273395,/content/drive/MyDrive/tag-polysemy/mtg-audio-low/95/273395.low.mp3,11,4.048585,2.7643867
289315,/content/drive/MyDrive/tag-polysemy/mtg-audio-low/15/289315.low.mp3,13,5.297496,1.6108682
1187194,/content/drive/MyDrive/tag-polysemy/mtg-audio-low/94/1187194.low.mp3,13,5.6096616,2.8604906
1295326,/content/drive/MyDrive/tag-polysemy/mtg-audio-low/26/1295326.low.mp3,15,5.1943555,5.2619066
543393,/content/drive/MyDrive/tag-polysemy/mtg-audio-low/93/543393.low.mp3,18,3.3980126,2.3394148
1044166,/content/drive/MyDrive/tag-polysemy/mtg-audio-low/66/1044166.low.mp3,16,6.182024,5.523264
242178,/content/drive/MyDrive/tag-polysemy/mtg-audio-low/78/242178.low.mp3,3,8.846675,4.8571362
966861,/content/drive/MyDrive/tag-polysemy/mtg-audio-low/61/966861.low.mp3,19,4.73719,2.7365887
1115151,/content/drive/MyDrive/tag-polysemy/mtg-audio-low/51/1115151.low.mp3,3,8.639061,4.8765316
654631,/content/drive/MyDrive/tag-polysemy/mtg-audio-low/31/654631.low.mp3,8,2.3568597,3.3817594
1306703,/content/drive/MyDrive/tag-polysemy/mtg-audio-low/03/1306703.low.mp3,5,5.2999344,3.1320307
272579,/content/drive/MyDrive/tag-polysemy/mtg-audio-low/79/272579.low.mp3,3,10.137995,6.4950566
1248251,/content/drive/MyDrive/tag-polysemy/mtg-audio-low/51/1248251.low.mp3,19,6.162854,3.581499
331277,/content/drive/MyDrive/tag-polysemy/mtg-audio-low/77/331277.low.mp3,13,5.11319,1.4903661
1116408,/content/drive/MyDrive/tag-polysemy/mtg-audio-low/08/1116408.low.mp3,1,1.4305762,6.4053993
1208042,/content/drive/MyDrive/tag-polysemy/mtg-audio-low/42/1208042.low.mp3,3,8.768804,5.3058443
80801,/content/drive/MyDrive/tag-polysemy/mtg-audio-low/01/80801.low.mp3,8,3.9489453,4.009548
1045370,/content/drive/MyDrive/tag-polysemy/mtg-audio-low/70/1045370.low.mp3,11,0.41750345,3.0908303
101893,/content/drive/MyDrive/tag-polysemy/mtg-audio-low/93/101893.low.mp3,12,7.969182,2.3836706
88562,/content/drive/MyDrive/tag-polysemy/mtg-audio-low/62/88562.low.mp3,1,0.83552194,5.9887943
1376257,/content/drive/MyDrive/tag-polysemy/mtg-audio-low/57/1376257.low.mp3,19,4.0895624,4.224716
1378521,/content/drive/MyDrive/tag-polysemy/mtg-audio-low/21/1378521.low.mp3,12,6.957822,0.66950303
784717,/content/drive/MyDrive/tag-polysemy/mtg-audio-low/17/784717.low.mp3,12,6.106277,1.0747932
1145840,/content/drive/MyDrive/tag-polysemy/mtg-audio-low/40/1145840.low.mp3,16,2.7451885,5.426566
875372,/content/drive/MyDrive/tag-polysemy/mtg-audio-low/72/875372.low.mp3,19,6.320989,3.128163
1320953,/content/drive/MyDrive/tag-polysemy/mtg-audio-low/53/1320953.low.mp3,19,5.3867455,4.6713004
78731,/content/drive/MyDrive/tag-polysemy/mtg-audio-low/31/78731.low.mp3,14,8.55132,6.177652
78189,/content/drive/MyDrive/tag-polysemy/mtg-audio-low/89/78189.low.mp3,9,10.611877,4.434291
15466,/content/drive/MyDrive/tag-polysemy/mtg-audio-low/66/15466.low.mp3,15,7.5572433,4.3640532
1029328,/content/drive/MyDrive/tag-polysemy/mtg-audio-low/28/1029328.low.mp3,9,10.475338,3.5011966
1073653,/content/drive/MyDrive/tag-polysemy/mtg-audio-low/53/1073653.low.mp3,7,3.2888844,2.0376508
1147843,/content/drive/MyDrive/tag-polysemy/mtg-audio-low/43/1147843.low.mp3,7,4.1801414,2.060947
1338399,/content/drive/MyDrive/tag-polysemy/mtg-audio-low/99/1338399.low.mp3,12,6.602017,0.34271014
839518,/content/drive/MyDrive/tag-polysemy/mtg-audio-low/18/839518.low.mp3,13,3.8994944,3.866559
172015,/content/drive/MyDrive/tag-polysemy/mtg-audio-low/15/172015.low.mp3,9,10.287489,3.6137176
168878,/content/drive/MyDrive/tag-polysemy/mtg-audio-low/78/168878.low.mp3,13,5.8119845,2.5766819
1029514,/content/drive/MyDrive/tag-polysemy/mtg-audio-low/14/1029514.low.mp3,19,3.5078788,3.7688863
215757,/content/drive/MyDrive/tag-polysemy/mtg-audio-low/57/215757.low.mp3,3,10.408795,6.5163255
1167922,/content/drive/MyDrive/tag-polysemy/mtg-audio-low/22/1167922.low.mp3,14,8.667831,6.5936484
1173330,/content/drive/MyDrive/tag-polysemy/mtg-audio-low/30/1173330.low.mp3,13,6.6105223,2.7757041
1174172,/content/drive/MyDrive/tag-polysemy/mtg-audio-low/72/1174172.low.mp3,5,4.8252854,4.823256
799925,/content/drive/MyDrive/tag-polysemy/mtg-audio-low/25/799925.low.mp3,19,3.2121937,3.9775984
443366,/content/drive/MyDrive/tag-polysemy/mtg-audio-low/66/443366.low.mp3,10,7.3767586,2.0408516
1122070,/content/drive/MyDrive/tag-polysemy/mtg-audio-low/70/1122070.low.mp3,2,9.892873,4.3035116
1113987,/content/drive/MyDrive/tag-polysemy/mtg-audio-low/87/1113987.low.mp3,18,3.0100121,2.0050492
1399827,/content/drive/MyDrive/tag-polysemy/mtg-audio-low/27/1399827.low.mp3,16,2.9277723,5.272305
1197060,/content/drive/MyDrive/tag-polysemy/mtg-audio-low/60/1197060.low.mp3,5,5.0687156,5.3771524
1046907,/content/drive/MyDrive/tag-polysemy/mtg-audio-low/07/1046907.low.mp3,9,4.718002,3.71528
145876,/content/drive/MyDrive/tag-polysemy/mtg-audio-low/76/145876.low.mp3,19,5.855003,3.2649736
1353365,/content/drive/MyDrive/tag-polysemy/mtg-audio-low/65/1353365.low.mp3,13,4.1284957,3.3528285
361546,/content/drive/MyDrive/tag-polysemy/mtg-audio-low/46/361546.low.mp3,4,5.3729925,0.34988558
88320,/content/drive/MyDrive/tag-polysemy/mtg-audio-low/20/88320.low.mp3,19,5.7674646,4.1522946
1131566,/content/drive/MyDrive/tag-polysemy/mtg-audio-low/66/1131566.low.mp3,17,6.9527726,3.1827796
1408741,/content/drive/MyDrive/tag-polysemy/mtg-audio-low/41/1408741.low.mp3,17,9.418719,6.0046077
151099,/content/drive/MyDrive/tag-polysemy/mtg-audio-low/99/151099.low.mp3,1,1.098686,5.7400813
1063872,/content/drive/MyDrive/tag-polysemy/mtg-audio-low/72/1063872.low.mp3,15,1.7383391,5.2527905
1344651,/content/drive/MyDrive/tag-polysemy/mtg-audio-low/51/1344651.low.mp3,18,3.0587146,1.8083159
980884,/content/drive/MyDrive/tag-polysemy/mtg-audio-low/84/980884.low.mp3,12,7.2338734,0.768193
38115,/content/drive/MyDrive/tag-polysemy/mtg-audio-low/15/38115.low.mp3,4,5.0929875,1.833322
217197,/content/drive/MyDrive/tag-polysemy/mtg-audio-low/97/217197.low.mp3,19,5.615059,1.8451844
1346779,/content/drive/MyDrive/tag-polysemy/mtg-audio-low/79/1346779.low.mp3,3,8.518797,3.7993207
1044781,/content/drive/MyDrive/tag-polysemy/mtg-audio-low/81/1044781.low.mp3,3,10.268452,6.6033754
1186079,/content/drive/MyDrive/tag-polysemy/mtg-audio-low/79/1186079.low.mp3,16,5.533728,5.948032
5086,/content/drive/MyDrive/tag-polysemy/mtg-audio-low/86/5086.low.mp3,19,4.4644647,4.0389233
1416386,/content/drive/MyDrive/tag-polysemy/mtg-audio-low/86/1416386.low.mp3,19,4.9482713,3.1808736
1272715,/content/drive/MyDrive/tag-polysemy/mtg-audio-low/15/1272715.low.mp3,19,5.5291805,3.0242424
1401330,/content/drive/MyDrive/tag-polysemy/mtg-audio-low/30/1401330.low.mp3,4,4.1368012,1.8597428
1280435,/content/drive/MyDrive/tag-polysemy/mtg-audio-low/35/1280435.low.mp3,19,3.4212947,3.5165231
992151,/content/drive/MyDrive/tag-polysemy/mtg-audio-low/51/992151.low.mp3,16,3.0373898,4.5742483
35513,/content/drive/MyDrive/tag-polysemy/mtg-audio-low/13/35513.low.mp3,4,3.566542,3.1520143
261782,/content/drive/MyDrive/tag-polysemy/mtg-audio-low/82/261782.low.mp3,5,4.450319,2.572899
1257401,/content/drive/MyDrive/tag-polysemy/mtg-audio-low/01/1257401.low.mp3,16,6.3557897,5.9235272
177826,/content/drive/MyDrive/tag-polysemy/mtg-audio-low/26/177826.low.mp3,19,5.7534513,3.121636
760901,/content/drive/MyDrive/tag-polysemy/mtg-audio-low/01/760901.low.mp3,16,3.3858995,4.241308
750275,/content/drive/MyDrive/tag-polysemy/mtg-audio-low/75/750275.low.mp3,7,2.4145598,2.4109926
1342506,/content/drive/MyDrive/tag-polysemy/mtg-audio-low/06/1342506.low.mp3,12,6.284703,2.252857
1050671,/content/drive/MyDrive/tag-polysemy/mtg-audio-low/71/1050671.low.mp3,15,3.230918,6.476215
37372,/content/drive/MyDrive/tag-polysemy/mtg-audio-low/72/37372.low.mp3,18,4.289278,2.7731721
1216124,/content/drive/MyDrive/tag-polysemy/mtg-audio-low/24/1216124.low.mp3,4,4.2854304,2.0043566
1231036,/content/drive/MyDrive/tag-polysemy/mtg-audio-low/36/1231036.low.mp3,0,5.5119185,2.3406994
1205644,/content/drive/MyDrive/tag-polysemy/mtg-audio-low/44/1205644.low.mp3,4,4.5543675,1.2649643
83377,/content/drive/MyDrive/tag-polysemy/mtg-audio-low/77/83377.low.mp3,0,10.083469,3.535967
1316280,/content/drive/MyDrive/tag-polysemy/mtg-audio-low/80/1316280.low.mp3,2,8.580294,3.634359
162590,/content/drive/MyDrive/tag-polysemy/mtg-audio-low/90/162590.low.mp3,16,6.2004614,6.2156796
1098871,/content/drive/MyDrive/tag-polysemy/mtg-audio-low/71/1098871.low.mp3,13,3.6497934,3.4883807
1076291,/content/drive/MyDrive/tag-polysemy/mtg-audio-low/91/1076291.low.mp3,9,10.457867,3.7884538
2277,/content/drive/MyDrive/tag-polysemy/mtg-audio-low/77/2277.low.mp3,1,0.8058112,5.4974747
147292,/content/drive/MyDrive/tag-polysemy/mtg-audio-low/92/147292.low.mp3,13,5.524753,2.197748
253892,/content/drive/MyDrive/tag-polysemy/mtg-audio-low/92/253892.low.mp3,4,4.268676,1.9654104
883576,/content/drive/MyDrive/tag-polysemy/mtg-audio-low/76/883576.low.mp3,11,-0.33898616,2.8442228
271085,/content/drive/MyDrive/tag-polysemy/mtg-audio-low/85/271085.low.mp3,4,6.0827827,0.56389743
1330155,/content/drive/MyDrive/tag-polysemy/mtg-audio-low/55/1330155.low.mp3,7,2.55287,2.8650029
49013,/content/drive/MyDrive/tag-polysemy/mtg-audio-low/13/49013.low.mp3,9,6.9121604,3.3146195
1309930,/content/drive/MyDrive/tag-polysemy/mtg-audio-low/30/1309930.low.mp3,15,4.7171106,3.4391253
1403817,/content/drive/MyDrive/tag-polysemy/mtg-audio-low/17/1403817.low.mp3,17,4.431425,5.4896617
1346630,/content/drive/MyDrive/tag-polysemy/mtg-audio-low/30/1346630.low.mp3,11,0.9468965,4.015492
659903,/content/drive/MyDrive/tag-polysemy/mtg-audio-low/03/659903.low.mp3,0,6.504843,3.6042526
398183,/content/drive/MyDrive/tag-polysemy/mtg-audio-low/83/398183.low.mp3,3,9.894979,6.2129254
1324676,/content/drive/MyDrive/tag-polysemy/mtg-audio-low/76/1324676.low.mp3,16,2.8901289,4.6135755
300563,/content/drive/MyDrive/tag-polysemy/mtg-audio-low/63/300563.low.mp3,11,0.050086875,2.8246603
774832,/content/drive/MyDrive/tag-polysemy/mtg-audio-low/32/774832.low.mp3,9,6.6019216,3.9183838
168948,/content/drive/MyDrive/tag-polysemy/mtg-audio-low/48/168948.low.mp3,2,9.15667,5.044687
465937,/content/drive/MyDrive/tag-polysemy/mtg-audio-low/37/465937.low.mp3,16,5.1451654,5.115525
1157016,/content/drive/MyDrive/tag-polysemy/mtg-audio-low/16/1157016.low.mp3,17,1.2606757,2.8618252
1086306,/content/drive/MyDrive/tag-polysemy/mtg-audio-low/06/1086306.low.mp3,19,7.863489,2.5080914
159419,/content/drive/MyDrive/tag-polysemy/mtg-audio-low/19/159419.low.mp3,7,2.3098176,3.3370519
391596,/content/drive/MyDrive/tag-polysemy/mtg-audio-low/96/391596.low.mp3,3,8.266709,4.139732
1352248,/content/drive/MyDrive/tag-polysemy/mtg-audio-low/48/1352248.low.mp3,17,5.0305705,4.65251
1146541,/content/drive/MyDrive/tag-polysemy/mtg-audio-low/41/1146541.low.mp3,4,5.844252,1.3684126
17492,/content/drive/MyDrive/tag-polysemy/mtg-audio-low/92/17492.low.mp3,16,4.5624113,4.4805875
1107329,/content/drive/MyDrive/tag-polysemy/mtg-audio-low/29/1107329.low.mp3,19,4.332602,2.5321817
837575,/content/drive/MyDrive/tag-polysemy/mtg-audio-low/75/837575.low.mp3,4,6.3646483,0.3759568
1181617,/content/drive/MyDrive/tag-polysemy/mtg-audio-low/17/1181617.low.mp3,5,4.440133,2.6241834
506151,/content/drive/MyDrive/tag-polysemy/mtg-audio-low/51/506151.low.mp3,18,3.4970312,1.7332304
1015038,/content/drive/MyDrive/tag-polysemy/mtg-audio-low/38/1015038.low.mp3,18,3.3951213,1.7828662
1297174,/content/drive/MyDrive/tag-polysemy/mtg-audio-low/74/1297174.low.mp3,5,1.3409147,3.3990688
1416527,/content/drive/MyDrive/tag-polysemy/mtg-audio-low/27/1416527.low.mp3,1,0.80691385,5.017673
42332,/content/drive/MyDrive/tag-polysemy/mtg-audio-low/32/42332.low.mp3,9,9.887083,5.4737325
1250644,/content/drive/MyDrive/tag-polysemy/mtg-audio-low/44/1250644.low.mp3,3,10.189906,6.3509817
631022,/content/drive/MyDrive/tag-polysemy/mtg-audio-low/22/631022.low.mp3,2,8.994217,3.7379057
1230710,/content/drive/MyDrive/tag-polysemy/mtg-audio-low/10/1230710.low.mp3,18,4.2626166,3.040636
465938,/content/drive/MyDrive/tag-polysemy/mtg-audio-low/38/465938.low.mp3,16,4.990084,3.0131607
783627,/content/drive/MyDrive/tag-polysemy/mtg-audio-low/27/783627.low.mp3,11,1.1529862,3.6168427
1027883,/content/drive/MyDrive/tag-polysemy/mtg-audio-low/83/1027883.low.mp3,9,10.456637,3.4617238
229082,/content/drive/MyDrive/tag-polysemy/mtg-audio-low/82/229082.low.mp3,2,9.508126,5.4287767
1358871,/content/drive/MyDrive/tag-polysemy/mtg-audio-low/71/1358871.low.mp3,4,5.436934,2.0544245
1158178,/content/drive/MyDrive/tag-polysemy/mtg-audio-low/78/1158178.low.mp3,17,5.65919,3.9855976
410115,/content/drive/MyDrive/tag-polysemy/mtg-audio-low/15/410115.low.mp3,19,5.4752164,2.94763
409710,/content/drive/MyDrive/tag-polysemy/mtg-audio-low/10/409710.low.mp3,19,5.663229,2.8148816
1311288,/content/drive/MyDrive/tag-polysemy/mtg-audio-low/88/1311288.low.mp3,10,7.1693377,0.8849781
1420612,/content/drive/MyDrive/tag-polysemy/mtg-audio-low/12/1420612.low.mp3,10,7.126034,1.8275712
925530,/content/drive/MyDrive/tag-polysemy/mtg-audio-low/30/925530.low.mp3,1,0.7436979,6.1181436
202948,/content/drive/MyDrive/tag-polysemy/mtg-audio-low/48/202948.low.mp3,19,6.7380095,2.6059349
34546,/content/drive/MyDrive/tag-polysemy/mtg-audio-low/46/34546.low.mp3,3,10.043806,6.5060754
492105,/content/drive/MyDrive/tag-polysemy/mtg-audio-low/05/492105.low.mp3,13,5.9154453,3.1143818
959963,/content/drive/MyDrive/tag-polysemy/mtg-audio-low/63/959963.low.mp3,16,6.8332334,6.429329
519769,/content/drive/MyDrive/tag-polysemy/mtg-audio-low/69/519769.low.mp3,3,9.495387,6.165843
1220287,/content/drive/MyDrive/tag-polysemy/mtg-audio-low/87/1220287.low.mp3,18,3.8981137,1.7467263
1087557,/content/drive/MyDrive/tag-polysemy/mtg-audio-low/57/1087557.low.mp3,19,4.133092,3.8676708
1209270,/content/drive/MyDrive/tag-polysemy/mtg-audio-low/70/1209270.low.mp3,14,8.998267,6.435746
801586,/content/drive/MyDrive/tag-polysemy/mtg-audio-low/86/801586.low.mp3,12,6.598147,1.3954843
899850,/content/drive/MyDrive/tag-polysemy/mtg-audio-low/50/899850.low.mp3,0,7.918189,3.4234438
1206639,/content/drive/MyDrive/tag-polysemy/mtg-audio-low/39/1206639.low.mp3,19,3.9116728,3.3923483
1319533,/content/drive/MyDrive/tag-polysemy/mtg-audio-low/33/1319533.low.mp3,5,5.153464,5.8134656
1336420,/content/drive/MyDrive/tag-polysemy/mtg-audio-low/20/1336420.low.mp3,12,7.0894494,0.73213273
124404,/content/drive/MyDrive/tag-polysemy/mtg-audio-low/04/124404.low.mp3,19,3.5354922,3.4945054
1059990,/content/drive/MyDrive/tag-polysemy/mtg-audio-low/90/1059990.low.mp3,17,1.034693,4.236537
1419107,/content/drive/MyDrive/tag-polysemy/mtg-audio-low/07/1419107.low.mp3,18,4.201485,3.1851525
1303145,/content/drive/MyDrive/tag-polysemy/mtg-audio-low/45/1303145.low.mp3,7,5.3539143,1.8854622
1349691,/content/drive/MyDrive/tag-polysemy/mtg-audio-low/91/1349691.low.mp3,1,1.4200307,5.6260495
104526,/content/drive/MyDrive/tag-polysemy/mtg-audio-low/26/104526.low.mp3,4,4.394675,1.2714257
1288557,/content/drive/MyDrive/tag-polysemy/mtg-audio-low/57/1288557.low.mp3,12,3.3690872,3.4878109
33451,/content/drive/MyDrive/tag-polysemy/mtg-audio-low/51/33451.low.mp3,18,1.7946659,4.581347
1405087,/content/drive/MyDrive/tag-polysemy/mtg-audio-low/87/1405087.low.mp3,11,-0.017921418,3.1070044
1318823,/content/drive/MyDrive/tag-polysemy/mtg-audio-low/23/1318823.low.mp3,12,6.5807605,2.0259092
1199054,/content/drive/MyDrive/tag-polysemy/mtg-audio-low/54/1199054.low.mp3,12,6.302237,2.0341496
1166156,/content/drive/MyDrive/tag-polysemy/mtg-audio-low/56/1166156.low.mp3,1,1.2569412,5.5909576
1349108,/content/drive/MyDrive/tag-polysemy/mtg-audio-low/08/1349108.low.mp3,13,5.479565,1.3183484
372064,/content/drive/MyDrive/tag-polysemy/mtg-audio-low/64/372064.low.mp3,16,6.526048,5.943333
1366227,/content/drive/MyDrive/tag-polysemy/mtg-audio-low/27/1366227.low.mp3,13,3.074968,3.2746687
11692,/content/drive/MyDrive/tag-polysemy/mtg-audio-low/92/11692.low.mp3,3,7.2852235,2.8983006
1409346,/content/drive/MyDrive/tag-polysemy/mtg-audio-low/46/1409346.low.mp3,5,5.3866477,5.0483427
303950,/content/drive/MyDrive/tag-polysemy/mtg-audio-low/50/303950.low.mp3,12,6.5828342,0.30395487
1066197,/content/drive/MyDrive/tag-polysemy/mtg-audio-low/97/1066197.low.mp3,18,1.2282292,3.6630046
489586,/content/drive/MyDrive/tag-polysemy/mtg-audio-low/86/489586.low.mp3,12,6.516852,0.47123817
1132934,/content/drive/MyDrive/tag-polysemy/mtg-audio-low/34/1132934.low.mp3,1,0.6621731,4.3018656
1170014,/content/drive/MyDrive/tag-polysemy/mtg-audio-low/14/1170014.low.mp3,10,7.4076858,1.6659769
1096920,/content/drive/MyDrive/tag-polysemy/mtg-audio-low/20/1096920.low.mp3,7,2.3102665,4.0338798
259892,/content/drive/MyDrive/tag-polysemy/mtg-audio-low/92/259892.low.mp3,1,-0.05575025,6.163307
1222627,/content/drive/MyDrive/tag-polysemy/mtg-audio-low/27/1222627.low.mp3,11,0.5936514,4.36368
1054397,/content/drive/MyDrive/tag-polysemy/mtg-audio-low/97/1054397.low.mp3,3,8.432014,3.7623
1353346,/content/drive/MyDrive/tag-polysemy/mtg-audio-low/46/1353346.low.mp3,9,6.950965,3.3582046
34806,/content/drive/MyDrive/tag-polysemy/mtg-audio-low/06/34806.low.mp3,3,9.56067,6.3948326
335214,/content/drive/MyDrive/tag-polysemy/mtg-audio-low/14/335214.low.mp3,12,5.7499175,1.2880243
1219476,/content/drive/MyDrive/tag-polysemy/mtg-audio-low/76/1219476.low.mp3,17,3.8004155,5.578765
347604,/content/drive/MyDrive/tag-polysemy/mtg-audio-low/04/347604.low.mp3,3,10.122649,6.5381823
1371702,/content/drive/MyDrive/tag-polysemy/mtg-audio-low/02/1371702.low.mp3,10,7.6827292,0.8074039
1420673,/content/drive/MyDrive/tag-polysemy/mtg-audio-low/73/1420673.low.mp3,10,7.5108175,1.2226777
897313,/content/drive/MyDrive/tag-polysemy/mtg-audio-low/13/897313.low.mp3,0,6.4266167,3.4628062
116600,/content/drive/MyDrive/tag-polysemy/mtg-audio-low/00/116600.low.mp3,7,2.9232564,2.3230875
402070,/content/drive/MyDrive/tag-polysemy/mtg-audio-low/70/402070.low.mp3,4,5.1219378,3.4687846
1348879,/content/drive/MyDrive/tag-polysemy/mtg-audio-low/79/1348879.low.mp3,12,7.8851247,1.4279972
1371419,/content/drive/MyDrive/tag-polysemy/mtg-audio-low/19/1371419.low.mp3,9,10.537874,3.786093
297869,/content/drive/MyDrive/tag-polysemy/mtg-audio-low/69/297869.low.mp3,18,9.608487,5.096859
1123252,/content/drive/MyDrive/tag-polysemy/mtg-audio-low/52/1123252.low.mp3,3,7.9998116,2.9585123
151100,/content/drive/MyDrive/tag-polysemy/mtg-audio-low/00/151100.low.mp3,1,0.45657507,5.8495054
1378204,/content/drive/MyDrive/tag-polysemy/mtg-audio-low/04/1378204.low.mp3,12,6.9956956,0.92269284
322124,/content/drive/MyDrive/tag-polysemy/mtg-audio-low/24/322124.low.mp3,14,8.583273,5.9853625
8685,/content/drive/MyDrive/tag-polysemy/mtg-audio-low/85/8685.low.mp3,16,5.7042017,6.1248746
1412960,/content/drive/MyDrive/tag-polysemy/mtg-audio-low/60/1412960.low.mp3,13,4.06076,3.38346
1046591,/content/drive/MyDrive/tag-polysemy/mtg-audio-low/91/1046591.low.mp3,14,10.234348,4.918637
132216,/content/drive/MyDrive/tag-polysemy/mtg-audio-low/16/132216.low.mp3,13,6.270947,0.9482595
1110014,/content/drive/MyDrive/tag-polysemy/mtg-audio-low/14/1110014.low.mp3,13,5.322908,2.440204
1193235,/content/drive/MyDrive/tag-polysemy/mtg-audio-low/35/1193235.low.mp3,17,4.550568,5.7849298
1326222,/content/drive/MyDrive/tag-polysemy/mtg-audio-low/22/1326222.low.mp3,11,3.6631064,5.452344
1393523,/content/drive/MyDrive/tag-polysemy/mtg-audio-low/23/1393523.low.mp3,6,8.093015,7.0522003
1344835,/content/drive/MyDrive/tag-polysemy/mtg-audio-low/35/1344835.low.mp3,15,10.6147,5.2766423
146589,/content/drive/MyDrive/tag-polysemy/mtg-audio-low/89/146589.low.mp3,1,-0.046036232,6.166127
1194699,/content/drive/MyDrive/tag-polysemy/mtg-audio-low/99/1194699.low.mp3,11,0.48541528,2.858819
446476,/content/drive/MyDrive/tag-polysemy/mtg-audio-low/76/446476.low.mp3,5,5.3697715,4.165515
480707,/content/drive/MyDrive/tag-polysemy/mtg-audio-low/07/480707.low.mp3,13,3.4403753,4.0098214
285133,/content/drive/MyDrive/tag-polysemy/mtg-audio-low/33/285133.low.mp3,16,3.7205489,4.4046264
14346,/content/drive/MyDrive/tag-polysemy/mtg-audio-low/46/14346.low.mp3,6,8.515991,6.5044565
1236302,/content/drive/MyDrive/tag-polysemy/mtg-audio-low/02/1236302.low.mp3,18,2.6471627,3.2400577
39695,/content/drive/MyDrive/tag-polysemy/mtg-audio-low/95/39695.low.mp3,0,3.5869217,4.089061
45023,/content/drive/MyDrive/tag-polysemy/mtg-audio-low/23/45023.low.mp3,7,2.4119608,2.8217864
1405398,/content/drive/MyDrive/tag-polysemy/mtg-audio-low/98/1405398.low.mp3,17,3.7945259,2.4978666
31692,/content/drive/MyDrive/tag-polysemy/mtg-audio-low/92/31692.low.mp3,4,4.25827,1.4935967
350362,/content/drive/MyDrive/tag-polysemy/mtg-audio-low/62/350362.low.mp3,1,0.5775629,5.650685
329645,/content/drive/MyDrive/tag-polysemy/mtg-audio-low/45/329645.low.mp3,5,5.984807,5.0089355
830866,/content/drive/MyDrive/tag-polysemy/mtg-audio-low/66/830866.low.mp3,5,1.54438,3.283756
523747,/content/drive/MyDrive/tag-polysemy/mtg-audio-low/47/523747.low.mp3,19,6.091051,3.0802927
1134015,/content/drive/MyDrive/tag-polysemy/mtg-audio-low/15/1134015.low.mp3,14,8.330454,6.767108
178631,/content/drive/MyDrive/tag-polysemy/mtg-audio-low/31/178631.low.mp3,19,3.6421108,3.280645
676068,/content/drive/MyDrive/tag-polysemy/mtg-audio-low/68/676068.low.mp3,14,6.1682887,5.165292
1386825,/content/drive/MyDrive/tag-polysemy/mtg-audio-low/25/1386825.low.mp3,8,1.9380296,4.658852
1115565,/content/drive/MyDrive/tag-polysemy/mtg-audio-low/65/1115565.low.mp3,1,1.0072429,6.3696527
259833,/content/drive/MyDrive/tag-polysemy/mtg-audio-low/33/259833.low.mp3,1,-0.10065521,6.204734
764956,/content/drive/MyDrive/tag-polysemy/mtg-audio-low/56/764956.low.mp3,14,6.6980367,5.926659
306423,/content/drive/MyDrive/tag-polysemy/mtg-audio-low/23/306423.low.mp3,1,1.0846835,5.5183477
934753,/content/drive/MyDrive/tag-polysemy/mtg-audio-low/53/934753.low.mp3,8,1.49548,3.8395803
1371978,/content/drive/MyDrive/tag-polysemy/mtg-audio-low/78/1371978.low.mp3,10,7.5737786,0.69162244
1097133,/content/drive/MyDrive/tag-polysemy/mtg-audio-low/33/1097133.low.mp3,10,5.267931,1.1493825
1348178,/content/drive/MyDrive/tag-polysemy/mtg-audio-low/78/1348178.low.mp3,7,2.3064919,2.473307
1399351,/content/drive/MyDrive/tag-polysemy/mtg-audio-low/51/1399351.low.mp3,10,5.7745023,2.109038
319823,/content/drive/MyDrive/tag-polysemy/mtg-audio-low/23/319823.low.mp3,3,9.384218,5.608538
764,/content/drive/MyDrive/tag-polysemy/mtg-audio-low/64/764.low.mp3,2,9.297039,5.0376363
1159588,/content/drive/MyDrive/tag-polysemy/mtg-audio-low/88/1159588.low.mp3,12,6.8399644,0.8354143
173497,/content/drive/MyDrive/tag-polysemy/mtg-audio-low/97/173497.low.mp3,6,7.6120763,6.8287764
363184,/content/drive/MyDrive/tag-polysemy/mtg-audio-low/84/363184.low.mp3,10,7.556348,1.5475311
204522,/content/drive/MyDrive/tag-polysemy/mtg-audio-low/22/204522.low.mp3,5,6.292381,5.631434
315161,/content/drive/MyDrive/tag-polysemy/mtg-audio-low/61/315161.low.mp3,17,4.5896106,5.424125
76953,/content/drive/MyDrive/tag-polysemy/mtg-audio-low/53/76953.low.mp3,3,10.415203,5.96415
145730,/content/drive/MyDrive/tag-polysemy/mtg-audio-low/30/145730.low.mp3,15,2.8466592,5.607734
1369705,/content/drive/MyDrive/tag-polysemy/mtg-audio-low/05/1369705.low.mp3,18,2.7074096,3.2521884
75045,/content/drive/MyDrive/tag-polysemy/mtg-audio-low/45/75045.low.mp3,12,7.353706,0.51802313
214345,/content/drive/MyDrive/tag-polysemy/mtg-audio-low/45/214345.low.mp3,13,6.0403924,1.6025821
397853,/content/drive/MyDrive/tag-polysemy/mtg-audio-low/53/397853.low.mp3,19,4.508399,2.5529318
88871,/content/drive/MyDrive/tag-polysemy/mtg-audio-low/71/88871.low.mp3,6,7.889606,6.842982
759140,/content/drive/MyDrive/tag-polysemy/mtg-audio-low/40/759140.low.mp3,14,8.598991,6.7343206
1336810,/content/drive/MyDrive/tag-polysemy/mtg-audio-low/10/1336810.low.mp3,18,5.758533,2.5352757
926201,/content/drive/MyDrive/tag-polysemy/mtg-audio-low/01/926201.low.mp3,3,10.150706,6.4240503
1398153,/content/drive/MyDrive/tag-polysemy/mtg-audio-low/53/1398153.low.mp3,5,5.211866,3.935864
376250,/content/drive/MyDrive/tag-polysemy/mtg-audio-low/50/376250.low.mp3,13,1.6607363,4.761137
128314,/content/drive/MyDrive/tag-polysemy/mtg-audio-low/14/128314.low.mp3,8,1.8730427,3.3800473
25380,/content/drive/MyDrive/tag-polysemy/mtg-audio-low/80/25380.low.mp3,11,1.0354861,4.6759043
1420697,/content/drive/MyDrive/tag-polysemy/mtg-audio-low/97/1420697.low.mp3,13,5.921657,2.6231298
362420,/content/drive/MyDrive/tag-polysemy/mtg-audio-low/20/362420.low.mp3,14,8.379121,6.2976766
1310209,/content/drive/MyDrive/tag-polysemy/mtg-audio-low/09/1310209.low.mp3,5,5.220697,5.5891924
24840,/content/drive/MyDrive/tag-polysemy/mtg-audio-low/40/24840.low.mp3,11,1.085355,3.5830133
1383743,/content/drive/MyDrive/tag-polysemy/mtg-audio-low/43/1383743.low.mp3,7,8.151736,1.7743164
452740,/content/drive/MyDrive/tag-polysemy/mtg-audio-low/40/452740.low.mp3,13,5.285829,1.4251233
155229,/content/drive/MyDrive/tag-polysemy/mtg-audio-low/29/155229.low.mp3,8,1.5338228,3.9340894
1168479,/content/drive/MyDrive/tag-polysemy/mtg-audio-low/79/1168479.low.mp3,2,9.319677,4.963962
215567,/content/drive/MyDrive/tag-polysemy/mtg-audio-low/67/215567.low.mp3,6,7.6786537,6.4009404
1014960,/content/drive/MyDrive/tag-polysemy/mtg-audio-low/60/1014960.low.mp3,14,9.258468,5.6327367
943380,/content/drive/MyDrive/tag-polysemy/mtg-audio-low/80/943380.low.mp3,1,1.5166235,6.4035034
1320588,/content/drive/MyDrive/tag-polysemy/mtg-audio-low/88/1320588.low.mp3,3,10.294526,6.3814793
1303068,/content/drive/MyDrive/tag-polysemy/mtg-audio-low/68/1303068.low.mp3,3,8.86027,4.7887554
7550,/content/drive/MyDrive/tag-polysemy/mtg-audio-low/50/7550.low.mp3,19,4.9051003,2.5122921
1394303,/content/drive/MyDrive/tag-polysemy/mtg-audio-low/03/1394303.low.mp3,8,2.2662456,4.171925
1109851,/content/drive/MyDrive/tag-polysemy/mtg-audio-low/51/1109851.low.mp3,8,3.9979258,3.9883928
1365241,/content/drive/MyDrive/tag-polysemy/mtg-audio-low/41/1365241.low.mp3,6,7.9885607,7.011371
11700,/content/drive/MyDrive/tag-polysemy/mtg-audio-low/00/11700.low.mp3,18,8.657344,4.84332
1373458,/content/drive/MyDrive/tag-polysemy/mtg-audio-low/58/1373458.low.mp3,3,8.355502,4.075063
199503,/content/drive/MyDrive/tag-polysemy/mtg-audio-low/03/199503.low.mp3,6,7.9741035,6.7803354
1143236,/content/drive/MyDrive/tag-polysemy/mtg-audio-low/36/1143236.low.mp3,1,1.0819645,5.4372783
180749,/content/drive/MyDrive/tag-polysemy/mtg-audio-low/49/180749.low.mp3,4,6.130453,5.037855
1267645,/content/drive/MyDrive/tag-polysemy/mtg-audio-low/45/1267645.low.mp3,15,3.4857495,6.3264923
1146636,/content/drive/MyDrive/tag-polysemy/mtg-audio-low/36/1146636.low.mp3,19,4.8279505,3.537731
1166814,/content/drive/MyDrive/tag-polysemy/mtg-audio-low/14/1166814.low.mp3,18,1.5045862,4.763471
26648,/content/drive/MyDrive/tag-polysemy/mtg-audio-low/48/26648.low.mp3,11,4.250648,3.9540648
93563,/content/drive/MyDrive/tag-polysemy/mtg-audio-low/63/93563.low.mp3,19,5.7562413,4.2086267
211964,/content/drive/MyDrive/tag-polysemy/mtg-audio-low/64/211964.low.mp3,13,6.0213814,0.75235665
301970,/content/drive/MyDrive/tag-polysemy/mtg-audio-low/70/301970.low.mp3,18,4.052211,1.6674805
269449,/content/drive/MyDrive/tag-polysemy/mtg-audio-low/49/269449.low.mp3,13,3.5190916,3.8213756
26219,/content/drive/MyDrive/tag-polysemy/mtg-audio-low/19/26219.low.mp3,19,5.063002,3.5351853
320805,/content/drive/MyDrive/tag-polysemy/mtg-audio-low/05/320805.low.mp3,15,10.453423,6.1139975
1369493,/content/drive/MyDrive/tag-polysemy/mtg-audio-low/93/1369493.low.mp3,5,3.9090755,4.550771
1185295,/content/drive/MyDrive/tag-polysemy/mtg-audio-low/95/1185295.low.mp3,8,5.134304,3.697946
208185,/content/drive/MyDrive/tag-polysemy/mtg-audio-low/85/208185.low.mp3,14,8.866653,6.136343
344330,/content/drive/MyDrive/tag-polysemy/mtg-audio-low/30/344330.low.mp3,5,4.7609386,4.3139777
1086374,/content/drive/MyDrive/tag-polysemy/mtg-audio-low/74/1086374.low.mp3,18,2.7886944,3.5042157
1353627,/content/drive/MyDrive/tag-polysemy/mtg-audio-low/27/1353627.low.mp3,18,4.0749187,1.7107043
968025,/content/drive/MyDrive/tag-polysemy/mtg-audio-low/25/968025.low.mp3,10,8.107767,2.1776063
1112016,/content/drive/MyDrive/tag-polysemy/mtg-audio-low/16/1112016.low.mp3,1,1.3271039,5.9523115
417220,/content/drive/MyDrive/tag-polysemy/mtg-audio-low/20/417220.low.mp3,5,3.9738529,4.1727276
728924,/content/drive/MyDrive/tag-polysemy/mtg-audio-low/24/728924.low.mp3,19,6.889647,3.2830338
1084433,/content/drive/MyDrive/tag-polysemy/mtg-audio-low/33/1084433.low.mp3,15,4.729459,5.553927
838688,/content/drive/MyDrive/tag-polysemy/mtg-audio-low/88/838688.low.mp3,18,3.5055664,1.7039449
586158,/content/drive/MyDrive/tag-polysemy/mtg-audio-low/58/586158.low.mp3,4,5.22186,2.0428872
1286510,/content/drive/MyDrive/tag-polysemy/mtg-audio-low/10/1286510.low.mp3,1,0.6238132,6.1959043
155297,/content/drive/MyDrive/tag-polysemy/mtg-audio-low/97/155297.low.mp3,7,2.4401646,2.4884784
1067234,/content/drive/MyDrive/tag-polysemy/mtg-audio-low/34/1067234.low.mp3,12,5.914142,1.4828603
1065641,/content/drive/MyDrive/tag-polysemy/mtg-audio-low/41/1065641.low.mp3,11,3.214708,1.8482542
7759,/content/drive/MyDrive/tag-polysemy/mtg-audio-low/59/7759.low.mp3,12,3.7496378,3.182315
1187705,/content/drive/MyDrive/tag-polysemy/mtg-audio-low/05/1187705.low.mp3,1,0.019937268,6.546123
577971,/content/drive/MyDrive/tag-polysemy/mtg-audio-low/71/577971.low.mp3,8,1.3387285,4.727627
1110704,/content/drive/MyDrive/tag-polysemy/mtg-audio-low/04/1110704.low.mp3,12,4.35759,1.6189746
1054126,/content/drive/MyDrive/tag-polysemy/mtg-audio-low/26/1054126.low.mp3,19,5.6807976,2.7635858
1331478,/content/drive/MyDrive/tag-polysemy/mtg-audio-low/78/1331478.low.mp3,15,10.104765,6.1353693
1144619,/content/drive/MyDrive/tag-polysemy/mtg-audio-low/19/1144619.low.mp3,7,2.380932,2.9138968
196848,/content/drive/MyDrive/tag-polysemy/mtg-audio-low/48/196848.low.mp3,11,1.128612,4.1625023
99161,/content/drive/MyDrive/tag-polysemy/mtg-audio-low/61/99161.low.mp3,19,6.0750046,1.9569851
1143811,/content/drive/MyDrive/tag-polysemy/mtg-audio-low/11/1143811.low.mp3,14,5.8478665,5.885082
1333205,/content/drive/MyDrive/tag-polysemy/mtg-audio-low/05/1333205.low.mp3,1,-0.048240576,6.147527
260841,/content/drive/MyDrive/tag-polysemy/mtg-audio-low/41/260841.low.mp3,2,8.623759,4.374987
470553,/content/drive/MyDrive/tag-polysemy/mtg-audio-low/53/470553.low.mp3,5,4.1451464,4.43331
1373133,/content/drive/MyDrive/tag-polysemy/mtg-audio-low/33/1373133.low.mp3,4,7.678419,6.2137666
1151407,/content/drive/MyDrive/tag-polysemy/mtg-audio-low/07/1151407.low.mp3,11,-0.3222938,2.9314888
1285787,/content/drive/MyDrive/tag-polysemy/mtg-audio-low/87/1285787.low.mp3,14,8.981188,6.1315393
1246339,/content/drive/MyDrive/tag-polysemy/mtg-audio-low/39/1246339.low.mp3,11,1.2024044,4.7931724
110022,/content/drive/MyDrive/tag-polysemy/mtg-audio-low/22/110022.low.mp3,4,6.3994346,1.4532956
1066513,/content/drive/MyDrive/tag-polysemy/mtg-audio-low/13/1066513.low.mp3,8,3.6299436,5.045683
1102692,/content/drive/MyDrive/tag-polysemy/mtg-audio-low/92/1102692.low.mp3,17,4.6780934,5.0153427
26226,/content/drive/MyDrive/tag-polysemy/mtg-audio-low/26/26226.low.mp3,17,5.1266522,6.009435
568180,/content/drive/MyDrive/tag-polysemy/mtg-audio-low/80/568180.low.mp3,13,6.70061,1.6207141
1356348,/content/drive/MyDrive/tag-polysemy/mtg-audio-low/48/1356348.low.mp3,5,5.2715297,3.866202
933749,/content/drive/MyDrive/tag-polysemy/mtg-audio-low/49/933749.low.mp3,14,6.3761086,5.9292464
368876,/content/drive/MyDrive/tag-polysemy/mtg-audio-low/76/368876.low.mp3,11,0.15054715,3.970601
1169147,/content/drive/MyDrive/tag-polysemy/mtg-audio-low/47/1169147.low.mp3,2,10.034377,3.7284443
1169418,/content/drive/MyDrive/tag-polysemy/mtg-audio-low/18/1169418.low.mp3,3,10.102868,6.4803987
553250,/content/drive/MyDrive/tag-polysemy/mtg-audio-low/50/553250.low.mp3,9,10.245399,3.7208433
1150109,/content/drive/MyDrive/tag-polysemy/mtg-audio-low/09/1150109.low.mp3,1,0.5701817,5.414222
376227,/content/drive/MyDrive/tag-polysemy/mtg-audio-low/27/376227.low.mp3,4,5.8486238,1.6098903
370178,/content/drive/MyDrive/tag-polysemy/mtg-audio-low/78/370178.low.mp3,15,3.3938384,6.3616414
1316343,/content/drive/MyDrive/tag-polysemy/mtg-audio-low/43/1316343.low.mp3,17,4.2733355,5.806683
832633,/content/drive/MyDrive/tag-polysemy/mtg-audio-low/33/832633.low.mp3,14,9.14093,6.2347283
1255511,/content/drive/MyDrive/tag-polysemy/mtg-audio-low/11/1255511.low.mp3,0,10.291584,3.1649497
1401998,/content/drive/MyDrive/tag-polysemy/mtg-audio-low/98/1401998.low.mp3,11,1.0127139,4.82588
165333,/content/drive/MyDrive/tag-polysemy/mtg-audio-low/33/165333.low.mp3,10,6.694029,1.5733576
1033259,/content/drive/MyDrive/tag-polysemy/mtg-audio-low/59/1033259.low.mp3,3,9.480079,5.558077
382415,/content/drive/MyDrive/tag-polysemy/mtg-audio-low/15/382415.low.mp3,17,4.048054,5.8240323
436705,/content/drive/MyDrive/tag-polysemy/mtg-audio-low/05/436705.low.mp3,5,5.10576,4.4110622
311966,/content/drive/MyDrive/tag-polysemy/mtg-audio-low/66/311966.low.mp3,2,9.411978,3.2463527
1349693,/content/drive/MyDrive/tag-polysemy/mtg-audio-low/93/1349693.low.mp3,8,1.5330145,3.851583
1031105,/content/drive/MyDrive/tag-polysemy/mtg-audio-low/05/1031105.low.mp3,11,-0.24620672,2.9159503
938367,/content/drive/MyDrive/tag-polysemy/mtg-audio-low/67/938367.low.mp3,11,0.7862146,4.379497
168949,/content/drive/MyDrive/tag-polysemy/mtg-audio-low/49/168949.low.mp3,11,1.1449546,3.7743561
1400659,/content/drive/MyDrive/tag-polysemy/mtg-audio-low/59/1400659.low.mp3,12,6.119807,1.2429177
1415993,/content/drive/MyDrive/tag-polysemy/mtg-audio-low/93/1415993.low.mp3,4,4.7626286,1.9854887
922854,/content/drive/MyDrive/tag-polysemy/mtg-audio-low/54/922854.low.mp3,14,8.572873,6.709766
1321084,/content/drive/MyDrive/tag-polysemy/mtg-audio-low/84/1321084.low.mp3,1,0.7490754,6.1202035
305826,/content/drive/MyDrive/tag-polysemy/mtg-audio-low/26/305826.low.mp3,9,10.5208435,4.163586
495365,/content/drive/MyDrive/tag-polysemy/mtg-audio-low/65/495365.low.mp3,8,5.16843,3.5899074
1300036,/content/drive/MyDrive/tag-polysemy/mtg-audio-low/36/1300036.low.mp3,18,10.323349,5.85321
1053509,/content/drive/MyDrive/tag-polysemy/mtg-audio-low/09/1053509.low.mp3,13,6.26703,1.0552328
74041,/content/drive/MyDrive/tag-polysemy/mtg-audio-low/41/74041.low.mp3,2,8.130941,1.8199033
1349073,/content/drive/MyDrive/tag-polysemy/mtg-audio-low/73/1349073.low.mp3,13,5.580827,1.4529468
1330558,/content/drive/MyDrive/tag-polysemy/mtg-audio-low/58/1330558.low.mp3,15,3.260505,6.286194
10053,/content/drive/MyDrive/tag-polysemy/mtg-audio-low/53/10053.low.mp3,6,6.9520116,6.560761
773055,/content/drive/MyDrive/tag-polysemy/mtg-audio-low/55/773055.low.mp3,2,9.526912,5.2273636
246993,/content/drive/MyDrive/tag-polysemy/mtg-audio-low/93/246993.low.mp3,16,3.1374435,4.871409
12674,/content/drive/MyDrive/tag-polysemy/mtg-audio-low/74/12674.low.mp3,3,8.4288225,6.3050966
389,/content/drive/MyDrive/tag-polysemy/mtg-audio-low/89/389.low.mp3,18,0.6027811,2.7899354
711956,/content/drive/MyDrive/tag-polysemy/mtg-audio-low/56/711956.low.mp3,3,8.20207,5.8082924
502601,/content/drive/MyDrive/tag-polysemy/mtg-audio-low/01/502601.low.mp3,12,6.528301,0.38232076
1066503,/content/drive/MyDrive/tag-polysemy/mtg-audio-low/03/1066503.low.mp3,6,7.1425138,6.5023127
1343811,/content/drive/MyDrive/tag-polysemy/mtg-audio-low/11/1343811.low.mp3,15,10.649491,5.2511353
74611,/content/drive/MyDrive/tag-polysemy/mtg-audio-low/11/74611.low.mp3,7,2.5215924,2.859386
1374330,/content/drive/MyDrive/tag-polysemy/mtg-audio-low/30/1374330.low.mp3,16,2.9694192,4.9988875
1405128,/content/drive/MyDrive/tag-polysemy/mtg-audio-low/28/1405128.low.mp3,16,4.626502,5.801679
1346778,/content/drive/MyDrive/tag-polysemy/mtg-audio-low/78/1346778.low.mp3,2,9.661897,5.2086616
1033913,/content/drive/MyDrive/tag-polysemy/mtg-audio-low/13/1033913.low.mp3,15,10.322702,6.223003
1191327,/content/drive/MyDrive/tag-polysemy/mtg-audio-low/27/1191327.low.mp3,11,0.23563087,4.080984
109966,/content/drive/MyDrive/tag-polysemy/mtg-audio-low/66/109966.low.mp3,16,6.187432,5.412574
1385584,/content/drive/MyDrive/tag-polysemy/mtg-audio-low/84/1385584.low.mp3,18,4.715763,3.3579626
1115646,/content/drive/MyDrive/tag-polysemy/mtg-audio-low/46/1115646.low.mp3,13,3.4250016,4.288769
371805,/content/drive/MyDrive/tag-polysemy/mtg-audio-low/05/371805.low.mp3,15,3.5151527,2.7205288
1126030,/content/drive/MyDrive/tag-polysemy/mtg-audio-low/30/1126030.low.mp3,0,6.4775715,3.5978463
799917,/content/drive/MyDrive/tag-polysemy/mtg-audio-low/17/799917.low.mp3,1,1.3573959,6.3911123
1145280,/content/drive/MyDrive/tag-polysemy/mtg-audio-low/80/1145280.low.mp3,0,9.047791,4.451799
230843,/content/drive/MyDrive/tag-polysemy/mtg-audio-low/43/230843.low.mp3,19,8.304506,6.3672824
832019,/content/drive/MyDrive/tag-polysemy/mtg-audio-low/19/832019.low.mp3,19,5.7922277,3.0567172
313869,/content/drive/MyDrive/tag-polysemy/mtg-audio-low/69/313869.low.mp3,13,4.8974423,3.5587351
1420531,/content/drive/MyDrive/tag-polysemy/mtg-audio-low/31/1420531.low.mp3,12,6.9140344,1.0321263
1137247,/content/drive/MyDrive/tag-polysemy/mtg-audio-low/47/1137247.low.mp3,0,6.70647,2.3524716
134062,/content/drive/MyDrive/tag-polysemy/mtg-audio-low/62/134062.low.mp3,19,6.422865,3.183552
1165996,/content/drive/MyDrive/tag-polysemy/mtg-audio-low/96/1165996.low.mp3,14,8.665883,5.9628134
495561,/content/drive/MyDrive/tag-polysemy/mtg-audio-low/61/495561.low.mp3,7,2.4137728,2.6330407
116856,/content/drive/MyDrive/tag-polysemy/mtg-audio-low/56/116856.low.mp3,1,1.1073459,6.393223
1376054,/content/drive/MyDrive/tag-polysemy/mtg-audio-low/54/1376054.low.mp3,17,4.216073,5.8519387
1321734,/content/drive/MyDrive/tag-polysemy/mtg-audio-low/34/1321734.low.mp3,10,7.144383,2.773077
1393519,/content/drive/MyDrive/tag-polysemy/mtg-audio-low/19/1393519.low.mp3,6,7.458673,6.5635214
1218923,/content/drive/MyDrive/tag-polysemy/mtg-audio-low/23/1218923.low.mp3,16,5.190128,5.531405
957946,/content/drive/MyDrive/tag-polysemy/mtg-audio-low/46/957946.low.mp3,4,4.581423,1.4264793
1209621,/content/drive/MyDrive/tag-polysemy/mtg-audio-low/21/1209621.low.mp3,6,7.220893,7.04932
993765,/content/drive/MyDrive/tag-polysemy/mtg-audio-low/65/993765.low.mp3,19,6.427335,1.9214028
1036476,/content/drive/MyDrive/tag-polysemy/mtg-audio-low/76/1036476.low.mp3,6,7.1240573,6.9667983
1220570,/content/drive/MyDrive/tag-polysemy/mtg-audio-low/70/1220570.low.mp3,2,8.787604,5.9265785
1090246,/content/drive/MyDrive/tag-polysemy/mtg-audio-low/46/1090246.low.mp3,9,10.6264515,4.0871286
673275,/content/drive/MyDrive/tag-polysemy/mtg-audio-low/75/673275.low.mp3,14,6.3779907,5.77119
1245434,/content/drive/MyDrive/tag-polysemy/mtg-audio-low/34/1245434.low.mp3,10,7.4171643,2.0038674
308729,/content/drive/MyDrive/tag-polysemy/mtg-audio-low/29/308729.low.mp3,12,6.5507956,1.1058309
363185,/content/drive/MyDrive/tag-polysemy/mtg-audio-low/85/363185.low.mp3,10,7.3979654,2.1912189
40320,/content/drive/MyDrive/tag-polysemy/mtg-audio-low/20/40320.low.mp3,16,5.862048,6.1080737
154283,/content/drive/MyDrive/tag-polysemy/mtg-audio-low/83/154283.low.mp3,13,6.605335,2.4250321
588972,/content/drive/MyDrive/tag-polysemy/mtg-audio-low/72/588972.low.mp3,7,2.4589906,2.2025836
1420554,/content/drive/MyDrive/tag-polysemy/mtg-audio-low/54/1420554.low.mp3,17,6.9637866,3.4834073
26436,/content/drive/MyDrive/tag-polysemy/mtg-audio-low/36/26436.low.mp3,18,1.3743637,4.585192
1183328,/content/drive/MyDrive/tag-polysemy/mtg-audio-low/28/1183328.low.mp3,11,0.15613022,2.9759712
1136992,/content/drive/MyDrive/tag-polysemy/mtg-audio-low/92/1136992.low.mp3,10,7.5287137,0.59388155
338348,/content/drive/MyDrive/tag-polysemy/mtg-audio-low/48/338348.low.mp3,15,3.2646666,6.576179
1136204,/content/drive/MyDrive/tag-polysemy/mtg-audio-low/04/1136204.low.mp3,11,-0.15652952,2.9556987
445691,/content/drive/MyDrive/tag-polysemy/mtg-audio-low/91/445691.low.mp3,17,4.4003687,5.1780715
1082340,/content/drive/MyDrive/tag-polysemy/mtg-audio-low/40/1082340.low.mp3,8,3.9920251,1.9635099
179677,/content/drive/MyDrive/tag-polysemy/mtg-audio-low/77/179677.low.mp3,0,6.345284,3.6285274
1385239,/content/drive/MyDrive/tag-polysemy/mtg-audio-low/39/1385239.low.mp3,10,7.195691,0.5583153
470549,/content/drive/MyDrive/tag-polysemy/mtg-audio-low/49/470549.low.mp3,0,10.008048,3.4557412
363709,/content/drive/MyDrive/tag-polysemy/mtg-audio-low/09/363709.low.mp3,17,0.46811137,5.807883
764605,/content/drive/MyDrive/tag-polysemy/mtg-audio-low/05/764605.low.mp3,4,6.4926376,0.5048416
536674,/content/drive/MyDrive/tag-polysemy/mtg-audio-low/74/536674.low.mp3,5,6.3279347,5.0231824
163775,/content/drive/MyDrive/tag-polysemy/mtg-audio-low/75/163775.low.mp3,5,5.327484,4.8036785
1121487,/content/drive/MyDrive/tag-polysemy/mtg-audio-low/87/1121487.low.mp3,12,6.7934074,1.3470534
370175,/content/drive/MyDrive/tag-polysemy/mtg-audio-low/75/370175.low.mp3,5,10.16744,5.66009
844692,/content/drive/MyDrive/tag-polysemy/mtg-audio-low/92/844692.low.mp3,4,5.477421,1.1850802
259969,/content/drive/MyDrive/tag-polysemy/mtg-audio-low/69/259969.low.mp3,17,4.3185883,5.7691975
572352,/content/drive/MyDrive/tag-polysemy/mtg-audio-low/52/572352.low.mp3,13,6.1973953,2.4985337
1309248,/content/drive/MyDrive/tag-polysemy/mtg-audio-low/48/1309248.low.mp3,9,10.237428,3.4827497
1279763,/content/drive/MyDrive/tag-polysemy/mtg-audio-low/63/1279763.low.mp3,14,8.973212,6.225172
180950,/content/drive/MyDrive/tag-polysemy/mtg-audio-low/50/180950.low.mp3,6,6.888079,6.5149574
1167864,/content/drive/MyDrive/tag-polysemy/mtg-audio-low/64/1167864.low.mp3,14,8.741002,5.9075885
46545,/content/drive/MyDrive/tag-polysemy/mtg-audio-low/45/46545.low.mp3,1,0.90141374,6.487661
847329,/content/drive/MyDrive/tag-polysemy/mtg-audio-low/29/847329.low.mp3,18,3.2038305,2.2606163
1311239,/content/drive/MyDrive/tag-polysemy/mtg-audio-low/39/1311239.low.mp3,12,6.9298973,1.2720051
1341603,/content/drive/MyDrive/tag-polysemy/mtg-audio-low/03/1341603.low.mp3,10,6.706739,0.7678538
1399296,/content/drive/MyDrive/tag-polysemy/mtg-audio-low/96/1399296.low.mp3,7,2.9489298,2.40196
848378,/content/drive/MyDrive/tag-polysemy/mtg-audio-low/78/848378.low.mp3,9,10.523699,3.6716948
1210417,/content/drive/MyDrive/tag-polysemy/mtg-audio-low/17/1210417.low.mp3,13,2.9639325,3.5634038
25559,/content/drive/MyDrive/tag-polysemy/mtg-audio-low/59/25559.low.mp3,16,6.108915,6.0780883
1344146,/content/drive/MyDrive/tag-polysemy/mtg-audio-low/46/1344146.low.mp3,4,6.063575,1.2221739
218559,/content/drive/MyDrive/tag-polysemy/mtg-audio-low/59/218559.low.mp3,3,9.133551,5.753576
1129933,/content/drive/MyDrive/tag-polysemy/mtg-audio-low/33/1129933.low.mp3,4,5.532918,1.7523018
1178064,/content/drive/MyDrive/tag-polysemy/mtg-audio-low/64/1178064.low.mp3,11,1.0973405,4.6135683
90729,/content/drive/MyDrive/tag-polysemy/mtg-audio-low/29/90729.low.mp3,5,4.165322,4.5674477
1320015,/content/drive/MyDrive/tag-polysemy/mtg-audio-low/15/1320015.low.mp3,0,6.4728527,3.3141232
773686,/content/drive/MyDrive/tag-polysemy/mtg-audio-low/86/773686.low.mp3,17,6.064701,5.3984323
1162101,/content/drive/MyDrive/tag-polysemy/mtg-audio-low/01/1162101.low.mp3,11,0.056311138,3.170385
919471,/content/drive/MyDrive/tag-polysemy/mtg-audio-low/71/919471.low.mp3,13,5.2546897,2.595117
919940,/content/drive/MyDrive/tag-polysemy/mtg-audio-low/40/919940.low.mp3,12,6.7467284,1.8847587
1137411,/content/drive/MyDrive/tag-polysemy/mtg-audio-low/11/1137411.low.mp3,7,2.5604937,3.1524138
1218784,/content/drive/MyDrive/tag-polysemy/mtg-audio-low/84/1218784.low.mp3,2,8.041938,5.8410344
89278,/content/drive/MyDrive/tag-polysemy/mtg-audio-low/78/89278.low.mp3,14,5.888699,5.9222593
1169880,/content/drive/MyDrive/tag-polysemy/mtg-audio-low/80/1169880.low.mp3,10,7.144139,1.3110552
303811,/content/drive/MyDrive/tag-polysemy/mtg-audio-low/11/303811.low.mp3,11,0.99430794,3.8254442
1057642,/content/drive/MyDrive/tag-polysemy/mtg-audio-low/42/1057642.low.mp3,7,2.4762478,2.8919513
1163506,/content/drive/MyDrive/tag-polysemy/mtg-audio-low/06/1163506.low.mp3,10,5.729681,3.9614902
1254450,/content/drive/MyDrive/tag-polysemy/mtg-audio-low/50/1254450.low.mp3,13,3.4639482,3.4847388
695190,/content/drive/MyDrive/tag-polysemy/mtg-audio-low/90/695190.low.mp3,19,5.3693824,3.1993866
307926,/content/drive/MyDrive/tag-polysemy/mtg-audio-low/26/307926.low.mp3,12,8.0747595,2.9420955
1384789,/content/drive/MyDrive/tag-polysemy/mtg-audio-low/89/1384789.low.mp3,0,10.018837,3.490099
5140,/content/drive/MyDrive/tag-polysemy/mtg-audio-low/40/5140.low.mp3,5,5.163308,5.54311
1355460,/content/drive/MyDrive/tag-polysemy/mtg-audio-low/60/1355460.low.mp3,10,7.9113646,2.3051467
1088078,/content/drive/MyDrive/tag-polysemy/mtg-audio-low/78/1088078.low.mp3,17,4.3339415,5.8335934
1282035,/content/drive/MyDrive/tag-polysemy/mtg-audio-low/35/1282035.low.mp3,10,6.379447,1.9098922
1016187,/content/drive/MyDrive/tag-polysemy/mtg-audio-low/87/1016187.low.mp3,19,6.637505,3.290667
115920,/content/drive/MyDrive/tag-polysemy/mtg-audio-low/20/115920.low.mp3,3,10.001245,6.627937
1109811,/content/drive/MyDrive/tag-polysemy/mtg-audio-low/11/1109811.low.mp3,18,4.455217,2.6812582
1086194,/content/drive/MyDrive/tag-polysemy/mtg-audio-low/94/1086194.low.mp3,18,2.5258017,3.2270765
606407,/content/drive/MyDrive/tag-polysemy/mtg-audio-low/07/606407.low.mp3,8,4.0052476,3.886745
2615,/content/drive/MyDrive/tag-polysemy/mtg-audio-low/15/2615.low.mp3,13,5.2210574,1.5374371
1346771,/content/drive/MyDrive/tag-polysemy/mtg-audio-low/71/1346771.low.mp3,10,7.7628045,0.88781595
1344720,/content/drive/MyDrive/tag-polysemy/mtg-audio-low/20/1344720.low.mp3,17,6.136683,4.7043805
188715,/content/drive/MyDrive/tag-polysemy/mtg-audio-low/15/188715.low.mp3,15,3.4819956,6.3150406
669143,/content/drive/MyDrive/tag-polysemy/mtg-audio-low/43/669143.low.mp3,19,2.925248,3.580542
1398501,/content/drive/MyDrive/tag-polysemy/mtg-audio-low/01/1398501.low.mp3,14,8.244027,6.431157
9836,/content/drive/MyDrive/tag-polysemy/mtg-audio-low/36/9836.low.mp3,6,7.875021,6.679661
128313,/content/drive/MyDrive/tag-polysemy/mtg-audio-low/13/128313.low.mp3,18,3.2232678,2.3824658
768650,/content/drive/MyDrive/tag-polysemy/mtg-audio-low/50/768650.low.mp3,19,5.9030704,2.1649396
369910,/content/drive/MyDrive/tag-polysemy/mtg-audio-low/10/369910.low.mp3,19,6.051204,3.4431221
317927,/content/drive/MyDrive/tag-polysemy/mtg-audio-low/27/317927.low.mp3,10,6.8402643,1.2618455
1121442,/content/drive/MyDrive/tag-polysemy/mtg-audio-low/42/1121442.low.mp3,12,7.0394998,1.637615
242179,/content/drive/MyDrive/tag-polysemy/mtg-audio-low/79/242179.low.mp3,3,9.600649,5.5035644
1301829,/content/drive/MyDrive/tag-polysemy/mtg-audio-low/29/1301829.low.mp3,18,4.658459,2.3654687
1408425,/content/drive/MyDrive/tag-polysemy/mtg-audio-low/25/1408425.low.mp3,3,8.993659,5.6035886
357123,/content/drive/MyDrive/tag-polysemy/mtg-audio-low/23/357123.low.mp3,4,3.264769,1.9748422
1242277,/content/drive/MyDrive/tag-polysemy/mtg-audio-low/77/1242277.low.mp3,5,5.4409018,5.400462
698141,/content/drive/MyDrive/tag-polysemy/mtg-audio-low/41/698141.low.mp3,0,10.225121,3.2268074
1103427,/content/drive/MyDrive/tag-polysemy/mtg-audio-low/27/1103427.low.mp3,5,4.7928104,5.6269817
303803,/content/drive/MyDrive/tag-polysemy/mtg-audio-low/03/303803.low.mp3,5,4.3047867,2.9370255
1110089,/content/drive/MyDrive/tag-polysemy/mtg-audio-low/89/1110089.low.mp3,8,3.8215487,4.2444496
1235606,/content/drive/MyDrive/tag-polysemy/mtg-audio-low/06/1235606.low.mp3,17,4.43771,5.7112994
1135704,/content/drive/MyDrive/tag-polysemy/mtg-audio-low/04/1135704.low.mp3,14,8.755307,6.34771
1033262,/content/drive/MyDrive/tag-polysemy/mtg-audio-low/62/1033262.low.mp3,3,9.255328,5.4205093
914767,/content/drive/MyDrive/tag-polysemy/mtg-audio-low/67/914767.low.mp3,3,10.416262,6.393066
1182014,/content/drive/MyDrive/tag-polysemy/mtg-audio-low/14/1182014.low.mp3,10,7.080117,1.813766
4635,/content/drive/MyDrive/tag-polysemy/mtg-audio-low/35/4635.low.mp3,5,5.065321,4.7957826
192066,/content/drive/MyDrive/tag-polysemy/mtg-audio-low/66/192066.low.mp3,15,10.562753,6.672307
347602,/content/drive/MyDrive/tag-polysemy/mtg-audio-low/02/347602.low.mp3,2,9.165444,5.0745845
1220945,/content/drive/MyDrive/tag-polysemy/mtg-audio-low/45/1220945.low.mp3,11,-0.24932301,2.8718553
446470,/content/drive/MyDrive/tag-polysemy/mtg-audio-low/70/446470.low.mp3,11,0.04652897,2.8529053
1336346,/content/drive/MyDrive/tag-polysemy/mtg-audio-low/46/1336346.low.mp3,18,3.7409978,1.9694006
961953,/content/drive/MyDrive/tag-polysemy/mtg-audio-low/53/961953.low.mp3,1,0.5724703,5.5673175
1284332,/content/drive/MyDrive/tag-polysemy/mtg-audio-low/32/1284332.low.mp3,3,9.575495,5.529774
1385582,/content/drive/MyDrive/tag-polysemy/mtg-audio-low/82/1385582.low.mp3,19,5.3691998,3.448434
1252983,/content/drive/MyDrive/tag-polysemy/mtg-audio-low/83/1252983.low.mp3,18,5.8541,1.7073411
898440,/content/drive/MyDrive/tag-polysemy/mtg-audio-low/40/898440.low.mp3,12,6.689904,0.27556095
1353266,/content/drive/MyDrive/tag-polysemy/mtg-audio-low/66/1353266.low.mp3,10,7.1871448,2.0254514
1154904,/content/drive/MyDrive/tag-polysemy/mtg-audio-low/04/1154904.low.mp3,12,6.49871,1.7408006
1377394,/content/drive/MyDrive/tag-polysemy/mtg-audio-low/94/1377394.low.mp3,18,4.0210614,2.0898178
857634,/content/drive/MyDrive/tag-polysemy/mtg-audio-low/34/857634.low.mp3,5,4.4075336,5.023822
181854,/content/drive/MyDrive/tag-polysemy/mtg-audio-low/54/181854.low.mp3,7,2.8587854,2.0770102
676244,/content/drive/MyDrive/tag-polysemy/mtg-audio-low/44/676244.low.mp3,15,10.505645,5.958576
492108,/content/drive/MyDrive/tag-polysemy/mtg-audio-low/08/492108.low.mp3,3,7.512458,3.9162927
1215037,/content/drive/MyDrive/tag-polysemy/mtg-audio-low/37/1215037.low.mp3,4,5.984907,1.1869121
1379042,/content/drive/MyDrive/tag-polysemy/mtg-audio-low/42/1379042.low.mp3,3,9.614119,5.5242577
474697,/content/drive/MyDrive/tag-polysemy/mtg-audio-low/97/474697.low.mp3,6,6.862686,6.7063084
1242271,/content/drive/MyDrive/tag-polysemy/mtg-audio-low/71/1242271.low.mp3,3,10.4327965,6.090217
1112026,/content/drive/MyDrive/tag-polysemy/mtg-audio-low/26/1112026.low.mp3,1,0.5689832,6.169528
1156034,/content/drive/MyDrive/tag-polysemy/mtg-audio-low/34/1156034.low.mp3,7,2.4995544,4.7731094
981257,/content/drive/MyDrive/tag-polysemy/mtg-audio-low/57/981257.low.mp3,11,-0.005553259,2.8888745
80824,/content/drive/MyDrive/tag-polysemy/mtg-audio-low/24/80824.low.mp3,13,4.436128,2.3069913
1408403,/content/drive/MyDrive/tag-polysemy/mtg-audio-low/03/1408403.low.mp3,15,3.7062814,6.286558
1089275,/content/drive/MyDrive/tag-polysemy/mtg-audio-low/75/1089275.low.mp3,11,4.3794637,2.7246377
1114669,/content/drive/MyDrive/tag-polysemy/mtg-audio-low/69/1114669.low.mp3,13,6.247652,1.018246
306166,/content/drive/MyDrive/tag-polysemy/mtg-audio-low/66/306166.low.mp3,14,6.7346854,5.7727623
1254449,/content/drive/MyDrive/tag-polysemy/mtg-audio-low/49/1254449.low.mp3,4,4.728419,1.5709772
740994,/content/drive/MyDrive/tag-polysemy/mtg-audio-low/94/740994.low.mp3,14,9.273393,6.2433224
1209935,/content/drive/MyDrive/tag-polysemy/mtg-audio-low/35/1209935.low.mp3,9,10.662915,4.858753
1161930,/content/drive/MyDrive/tag-polysemy/mtg-audio-low/30/1161930.low.mp3,5,5.2113576,4.9927955
1098065,/content/drive/MyDrive/tag-polysemy/mtg-audio-low/65/1098065.low.mp3,0,6.269028,3.287274
337827,/content/drive/MyDrive/tag-polysemy/mtg-audio-low/27/337827.low.mp3,18,4.824055,2.8998542
1150138,/content/drive/MyDrive/tag-polysemy/mtg-audio-low/38/1150138.low.mp3,12,5.895368,1.5997361
1163964,/content/drive/MyDrive/tag-polysemy/mtg-audio-low/64/1163964.low.mp3,15,10.523101,6.0673494
483993,/content/drive/MyDrive/tag-polysemy/mtg-audio-low/93/483993.low.mp3,13,6.5772085,1.6367776
877614,/content/drive/MyDrive/tag-polysemy/mtg-audio-low/14/877614.low.mp3,19,5.852951,3.337604
1366691,/content/drive/MyDrive/tag-polysemy/mtg-audio-low/91/1366691.low.mp3,19,5.425103,2.9826467
79518,/content/drive/MyDrive/tag-polysemy/mtg-audio-low/18/79518.low.mp3,16,3.710047,4.4721537
935821,/content/drive/MyDrive/tag-polysemy/mtg-audio-low/21/935821.low.mp3,14,8.664284,6.7447243
1371778,/content/drive/MyDrive/tag-polysemy/mtg-audio-low/78/1371778.low.mp3,3,10.1737,6.519408
766435,/content/drive/MyDrive/tag-polysemy/mtg-audio-low/35/766435.low.mp3,14,9.216301,5.964833
36327,/content/drive/MyDrive/tag-polysemy/mtg-audio-low/27/36327.low.mp3,3,8.613741,6.278402
1159078,/content/drive/MyDrive/tag-polysemy/mtg-audio-low/78/1159078.low.mp3,19,2.3627915,4.5204434
192088,/content/drive/MyDrive/tag-polysemy/mtg-audio-low/88/192088.low.mp3,3,10.61842,6.6971116
1038159,/content/drive/MyDrive/tag-polysemy/mtg-audio-low/59/1038159.low.mp3,1,0.46061298,6.1262255
155067,/content/drive/MyDrive/tag-polysemy/mtg-audio-low/67/155067.low.mp3,19,4.980792,3.2411368
592185,/content/drive/MyDrive/tag-polysemy/mtg-audio-low/85/592185.low.mp3,1,0.76855713,5.958665
645222,/content/drive/MyDrive/tag-polysemy/mtg-audio-low/22/645222.low.mp3,5,5.3129354,4.294286
476802,/content/drive/MyDrive/tag-polysemy/mtg-audio-low/02/476802.low.mp3,16,6.241211,5.601316
1285140,/content/drive/MyDrive/tag-polysemy/mtg-audio-low/40/1285140.low.mp3,4,2.8780024,2.8600333
148359,/content/drive/MyDrive/tag-polysemy/mtg-audio-low/59/148359.low.mp3,13,6.813023,3.2654731
1407162,/content/drive/MyDrive/tag-polysemy/mtg-audio-low/62/1407162.low.mp3,7,4.3009024,2.4197474
132284,/content/drive/MyDrive/tag-polysemy/mtg-audio-low/84/132284.low.mp3,7,2.7359512,2.5935977
1241783,/content/drive/MyDrive/tag-polysemy/mtg-audio-low/83/1241783.low.mp3,16,6.649434,6.4432993
86247,/content/drive/MyDrive/tag-polysemy/mtg-audio-low/47/86247.low.mp3,15,3.0258503,6.3260684
1127605,/content/drive/MyDrive/tag-polysemy/mtg-audio-low/05/1127605.low.mp3,19,5.0888114,3.0869524
208032,/content/drive/MyDrive/tag-polysemy/mtg-audio-low/32/208032.low.mp3,9,10.668396,4.2964077
1345602,/content/drive/MyDrive/tag-polysemy/mtg-audio-low/02/1345602.low.mp3,4,6.1255803,0.34030706
25221,/content/drive/MyDrive/tag-polysemy/mtg-audio-low/21/25221.low.mp3,15,1.8127701,5.234827
313780,/content/drive/MyDrive/tag-polysemy/mtg-audio-low/80/313780.low.mp3,13,4.2407184,3.8268068
311406,/content/drive/MyDrive/tag-polysemy/mtg-audio-low/06/311406.low.mp3,0,10.296861,3.3274226
1043270,/content/drive/MyDrive/tag-polysemy/mtg-audio-low/70/1043270.low.mp3,10,6.8368497,1.9845588
1315912,/content/drive/MyDrive/tag-polysemy/mtg-audio-low/12/1315912.low.mp3,5,5.4254284,4.379391
47899,/content/drive/MyDrive/tag-polysemy/mtg-audio-low/99/47899.low.mp3,17,10.466656,5.2684255
429203,/content/drive/MyDrive/tag-polysemy/mtg-audio-low/03/429203.low.mp3,6,8.141589,6.9480314
1361914,/content/drive/MyDrive/tag-polysemy/mtg-audio-low/14/1361914.low.mp3,5,5.4688177,5.587466
1160128,/content/drive/MyDrive/tag-polysemy/mtg-audio-low/28/1160128.low.mp3,8,1.2471942,3.7333841
389794,/content/drive/MyDrive/tag-polysemy/mtg-audio-low/94/389794.low.mp3,6,7.311806,6.6622396
1166134,/content/drive/MyDrive/tag-polysemy/mtg-audio-low/34/1166134.low.mp3,1,0.6049466,5.7766476
1274150,/content/drive/MyDrive/tag-polysemy/mtg-audio-low/50/1274150.low.mp3,1,1.498175,6.380346
1101131,/content/drive/MyDrive/tag-polysemy/mtg-audio-low/31/1101131.low.mp3,5,5.90789,5.251323
1319996,/content/drive/MyDrive/tag-polysemy/mtg-audio-low/96/1319996.low.mp3,0,6.3687644,3.480336
1339621,/content/drive/MyDrive/tag-polysemy/mtg-audio-low/21/1339621.low.mp3,3,10.395325,5.790251
114773,/content/drive/MyDrive/tag-polysemy/mtg-audio-low/73/114773.low.mp3,17,4.078988,5.791891
1300329,/content/drive/MyDrive/tag-polysemy/mtg-audio-low/29/1300329.low.mp3,1,0.5863995,6.1775665
1124430,/content/drive/MyDrive/tag-polysemy/mtg-audio-low/30/1124430.low.mp3,10,7.5322356,1.6772872
693668,/content/drive/MyDrive/tag-polysemy/mtg-audio-low/68/693668.low.mp3,8,4.5051937,2.7229977
1135857,/content/drive/MyDrive/tag-polysemy/mtg-audio-low/57/1135857.low.mp3,7,2.5228615,3.2907987
1379074,/content/drive/MyDrive/tag-polysemy/mtg-audio-low/74/1379074.low.mp3,3,9.549736,5.546191
156883,/content/drive/MyDrive/tag-polysemy/mtg-audio-low/83/156883.low.mp3,17,10.265012,5.593314
1355046,/content/drive/MyDrive/tag-polysemy/mtg-audio-low/46/1355046.low.mp3,13,4.15732,4.886812
1307203,/content/drive/MyDrive/tag-polysemy/mtg-audio-low/03/1307203.low.mp3,5,5.22772,4.1957684
1138769,/content/drive/MyDrive/tag-polysemy/mtg-audio-low/69/1138769.low.mp3,2,9.736892,3.719119
165194,/content/drive/MyDrive/tag-polysemy/mtg-audio-low/94/165194.low.mp3,14,8.680923,6.3751273
1260131,/content/drive/MyDrive/tag-polysemy/mtg-audio-low/31/1260131.low.mp3,11,0.039840877,3.0237057
1078476,/content/drive/MyDrive/tag-polysemy/mtg-audio-low/76/1078476.low.mp3,14,8.73455,5.9362073
176943,/content/drive/MyDrive/tag-polysemy/mtg-audio-low/43/176943.low.mp3,3,10.105433,6.4983306
973919,/content/drive/MyDrive/tag-polysemy/mtg-audio-low/19/973919.low.mp3,3,9.835069,5.522412
1403004,/content/drive/MyDrive/tag-polysemy/mtg-audio-low/04/1403004.low.mp3,11,0.64654946,3.6015446
1412198,/content/drive/MyDrive/tag-polysemy/mtg-audio-low/98/1412198.low.mp3,18,5.1260653,1.7550455
356932,/content/drive/MyDrive/tag-polysemy/mtg-audio-low/32/356932.low.mp3,6,7.6216264,7.076811
159781,/content/drive/MyDrive/tag-polysemy/mtg-audio-low/81/159781.low.mp3,4,5.4182086,1.8895814
1400655,/content/drive/MyDrive/tag-polysemy/mtg-audio-low/55/1400655.low.mp3,19,4.6050763,2.5287716
1416570,/content/drive/MyDrive/tag-polysemy/mtg-audio-low/70/1416570.low.mp3,15,2.4281428,5.8132677
1118601,/content/drive/MyDrive/tag-polysemy/mtg-audio-low/01/1118601.low.mp3,7,4.256158,2.0953465
699089,/content/drive/MyDrive/tag-polysemy/mtg-audio-low/89/699089.low.mp3,4,5.378586,0.34716865
1175118,/content/drive/MyDrive/tag-polysemy/mtg-audio-low/18/1175118.low.mp3,10,6.879804,0.47362044
1344980,/content/drive/MyDrive/tag-polysemy/mtg-audio-low/80/1344980.low.mp3,12,7.013615,0.9401989
1365656,/content/drive/MyDrive/tag-polysemy/mtg-audio-low/56/1365656.low.mp3,9,10.052714,5.080868
1393085,/content/drive/MyDrive/tag-polysemy/mtg-audio-low/85/1393085.low.mp3,17,4.0915637,5.7528653
1115146,/content/drive/MyDrive/tag-polysemy/mtg-audio-low/46/1115146.low.mp3,2,8.347357,3.7361577
49487,/content/drive/MyDrive/tag-polysemy/mtg-audio-low/87/49487.low.mp3,16,6.7761974,6.4114103
1349071,/content/drive/MyDrive/tag-polysemy/mtg-audio-low/71/1349071.low.mp3,18,2.90463,3.554692
1087103,/content/drive/MyDrive/tag-polysemy/mtg-audio-low/03/1087103.low.mp3,5,5.528376,4.7530003
404221,/content/drive/MyDrive/tag-polysemy/mtg-audio-low/21/404221.low.mp3,3,10.078772,6.5977683
1119820,/content/drive/MyDrive/tag-polysemy/mtg-audio-low/20/1119820.low.mp3,13,3.6715672,2.5231917
1245177,/content/drive/MyDrive/tag-polysemy/mtg-audio-low/77/1245177.low.mp3,1,0.7007465,6.0872216
1177893,/content/drive/MyDrive/tag-polysemy/mtg-audio-low/93/1177893.low.mp3,3,10.225082,6.408921
208293,/content/drive/MyDrive/tag-polysemy/mtg-audio-low/93/208293.low.mp3,14,8.256174,6.809782
1374684,/content/drive/MyDrive/tag-polysemy/mtg-audio-low/84/1374684.low.mp3,19,9.825255,5.3149323
1236865,/content/drive/MyDrive/tag-polysemy/mtg-audio-low/65/1236865.low.mp3,5,5.23034,5.202833
1051172,/content/drive/MyDrive/tag-polysemy/mtg-audio-low/72/1051172.low.mp3,3,10.191996,6.609252
1289127,/content/drive/MyDrive/tag-polysemy/mtg-audio-low/27/1289127.low.mp3,1,0.49655184,6.018097
1078616,/content/drive/MyDrive/tag-polysemy/mtg-audio-low/16/1078616.low.mp3,7,2.5761924,4.0564957
377786,/content/drive/MyDrive/tag-polysemy/mtg-audio-low/86/377786.low.mp3,17,3.7480555,4.244365
324032,/content/drive/MyDrive/tag-polysemy/mtg-audio-low/32/324032.low.mp3,17,3.8764787,4.8870735
481862,/content/drive/MyDrive/tag-polysemy/mtg-audio-low/62/481862.low.mp3,15,3.562808,6.5219913
1357120,/content/drive/MyDrive/tag-polysemy/mtg-audio-low/20/1357120.low.mp3,14,8.617958,5.9667435
1053338,/content/drive/MyDrive/tag-polysemy/mtg-audio-low/38/1053338.low.mp3,0,6.3563585,3.414434
98548,/content/drive/MyDrive/tag-polysemy/mtg-audio-low/48/98548.low.mp3,15,3.2801528,6.2961183
1308821,/content/drive/MyDrive/tag-polysemy/mtg-audio-low/21/1308821.low.mp3,17,3.6472175,4.6113877
1305857,/content/drive/MyDrive/tag-polysemy/mtg-audio-low/57/1305857.low.mp3,4,6.0262513,0.28246263
479920,/content/drive/MyDrive/tag-polysemy/mtg-audio-low/20/479920.low.mp3,5,4.7189693,2.791539
519491,/content/drive/MyDrive/tag-polysemy/mtg-audio-low/91/519491.low.mp3,0,10.210314,3.2629895
1131489,/content/drive/MyDrive/tag-polysemy/mtg-audio-low/89/1131489.low.mp3,17,3.8194242,5.6047444
1344983,/content/drive/MyDrive/tag-polysemy/mtg-audio-low/83/1344983.low.mp3,12,6.660085,0.34772807
564413,/content/drive/MyDrive/tag-polysemy/mtg-audio-low/13/564413.low.mp3,1,0.0978888,6.5346727
1371745,/content/drive/MyDrive/tag-polysemy/mtg-audio-low/45/1371745.low.mp3,6,6.46802,0.7506482
1241636,/content/drive/MyDrive/tag-polysemy/mtg-audio-low/36/1241636.low.mp3,11,0.42288545,4.280958
465622,/content/drive/MyDrive/tag-polysemy/mtg-audio-low/22/465622.low.mp3,15,10.606909,5.3287926
1367163,/content/drive/MyDrive/tag-polysemy/mtg-audio-low/63/1367163.low.mp3,4,6.1519437,2.375251
1415796,/content/drive/MyDrive/tag-polysemy/mtg-audio-low/96/1415796.low.mp3,13,3.8566413,3.718506
1203440,/content/drive/MyDrive/tag-polysemy/mtg-audio-low/40/1203440.low.mp3,14,9.095698,5.4063296
865772,/content/drive/MyDrive/tag-polysemy/mtg-audio-low/72/865772.low.mp3,11,-0.097657986,3.1505947
1154279,/content/drive/MyDrive/tag-polysemy/mtg-audio-low/79/1154279.low.mp3,4,5.3656526,0.3150043
1089923,/content/drive/MyDrive/tag-polysemy/mtg-audio-low/23/1089923.low.mp3,5,6.716912,1.5974993
1177396,/content/drive/MyDrive/tag-polysemy/mtg-audio-low/96/1177396.low.mp3,2,8.297662,1.9392146
1110752,/content/drive/MyDrive/tag-polysemy/mtg-audio-low/52/1110752.low.mp3,13,4.083193,3.9846368
1317587,/content/drive/MyDrive/tag-polysemy/mtg-audio-low/87/1317587.low.mp3,18,5.5083623,2.762556
1276483,/content/drive/MyDrive/tag-polysemy/mtg-audio-low/83/1276483.low.mp3,8,1.7962878,5.0979433
1146086,/content/drive/MyDrive/tag-polysemy/mtg-audio-low/86/1146086.low.mp3,10,6.387948,1.4846123
1154345,/content/drive/MyDrive/tag-polysemy/mtg-audio-low/45/1154345.low.mp3,12,6.9687166,0.7213656
517956,/content/drive/MyDrive/tag-polysemy/mtg-audio-low/56/517956.low.mp3,11,1.2198708,4.5460877
149069,/content/drive/MyDrive/tag-polysemy/mtg-audio-low/69/149069.low.mp3,6,8.137593,6.793609
1380679,/content/drive/MyDrive/tag-polysemy/mtg-audio-low/79/1380679.low.mp3,19,3.8462658,4.445385
1151395,/content/drive/MyDrive/tag-polysemy/mtg-audio-low/95/1151395.low.mp3,8,1.2795002,4.6702857
680609,/content/drive/MyDrive/tag-polysemy/mtg-audio-low/09/680609.low.mp3,18,2.6824362,3.4181352
75205,/content/drive/MyDrive/tag-polysemy/mtg-audio-low/05/75205.low.mp3,17,2.4159417,4.9863772
1198813,/content/drive/MyDrive/tag-polysemy/mtg-audio-low/13/1198813.low.mp3,13,4.884223,2.248297
1281205,/content/drive/MyDrive/tag-polysemy/mtg-audio-low/05/1281205.low.mp3,4,4.5363374,1.3785349
1328163,/content/drive/MyDrive/tag-polysemy/mtg-audio-low/63/1328163.low.mp3,3,8.8546505,5.623022
1169399,/content/drive/MyDrive/tag-polysemy/mtg-audio-low/99/1169399.low.mp3,16,6.8048615,6.5144567
1396688,/content/drive/MyDrive/tag-polysemy/mtg-audio-low/88/1396688.low.mp3,5,5.465174,5.1019416
280159,/content/drive/MyDrive/tag-polysemy/mtg-audio-low/59/280159.low.mp3,1,0.03766668,6.573581
1027875,/content/drive/MyDrive/tag-polysemy/mtg-audio-low/75/1027875.low.mp3,0,10.544751,3.1866663
106586,/content/drive/MyDrive/tag-polysemy/mtg-audio-low/86/106586.low.mp3,8,2.1182342,4.2588444
352949,/content/drive/MyDrive/tag-polysemy/mtg-audio-low/49/352949.low.mp3,19,5.9206514,3.0628176
1161935,/content/drive/MyDrive/tag-polysemy/mtg-audio-low/35/1161935.low.mp3,0,6.685828,2.0250242
1199567,/content/drive/MyDrive/tag-polysemy/mtg-audio-low/67/1199567.low.mp3,13,4.656015,3.9171479
175050,/content/drive/MyDrive/tag-polysemy/mtg-audio-low/50/175050.low.mp3,7,2.8702393,5.2947164
1342537,/content/drive/MyDrive/tag-polysemy/mtg-audio-low/37/1342537.low.mp3,13,3.87209,4.045274
133671,/content/drive/MyDrive/tag-polysemy/mtg-audio-low/71/133671.low.mp3,12,5.919545,1.5467507
165309,/content/drive/MyDrive/tag-polysemy/mtg-audio-low/09/165309.low.mp3,4,5.331033,2.9479084
918917,/content/drive/MyDrive/tag-polysemy/mtg-audio-low/17/918917.low.mp3,19,5.827388,2.6525276
1348724,/content/drive/MyDrive/tag-polysemy/mtg-audio-low/24/1348724.low.mp3,8,1.5515198,3.8859305
1169708,/content/drive/MyDrive/tag-polysemy/mtg-audio-low/08/1169708.low.mp3,1,-0.028568743,6.558904
1225503,/content/drive/MyDrive/tag-polysemy/mtg-audio-low/03/1225503.low.mp3,0,10.600394,3.5357828
1067689,/content/drive/MyDrive/tag-polysemy/mtg-audio-low/89/1067689.low.mp3,14,6.2148557,5.654126
1244818,/content/drive/MyDrive/tag-polysemy/mtg-audio-low/18/1244818.low.mp3,11,-0.1422652,2.9237976
718309,/content/drive/MyDrive/tag-polysemy/mtg-audio-low/09/718309.low.mp3,8,2.4366293,4.510918
1090981,/content/drive/MyDrive/tag-polysemy/mtg-audio-low/81/1090981.low.mp3,14,9.271948,6.2108307
575457,/content/drive/MyDrive/tag-polysemy/mtg-audio-low/57/575457.low.mp3,15,3.4930546,6.2629128
345542,/content/drive/MyDrive/tag-polysemy/mtg-audio-low/42/345542.low.mp3,9,10.48246,4.176462
258362,/content/drive/MyDrive/tag-polysemy/mtg-audio-low/62/258362.low.mp3,5,4.7189484,4.7633677
1304424,/content/drive/MyDrive/tag-polysemy/mtg-audio-low/24/1304424.low.mp3,10,7.3244734,0.72668785
1158975,/content/drive/MyDrive/tag-polysemy/mtg-audio-low/75/1158975.low.mp3,19,6.7505703,6.548107
1239989,/content/drive/MyDrive/tag-polysemy/mtg-audio-low/89/1239989.low.mp3,11,-0.26067835,2.9517596
415186,/content/drive/MyDrive/tag-polysemy/mtg-audio-low/86/415186.low.mp3,5,5.713639,5.146543
1085097,/content/drive/MyDrive/tag-polysemy/mtg-audio-low/97/1085097.low.mp3,5,5.6054087,5.439963
1189952,/content/drive/MyDrive/tag-polysemy/mtg-audio-low/52/1189952.low.mp3,14,6.9805174,5.8676972
1274435,/content/drive/MyDrive/tag-polysemy/mtg-audio-low/35/1274435.low.mp3,16,5.7377973,4.9416685
915676,/content/drive/MyDrive/tag-polysemy/mtg-audio-low/76/915676.low.mp3,3,8.422991,6.3102446
1090534,/content/drive/MyDrive/tag-polysemy/mtg-audio-low/34/1090534.low.mp3,5,5.06779,5.3008475
495551,/content/drive/MyDrive/tag-polysemy/mtg-audio-low/51/495551.low.mp3,8,1.7454048,3.5998456
1057825,/content/drive/MyDrive/tag-polysemy/mtg-audio-low/25/1057825.low.mp3,4,5.000154,1.6627933
1046905,/content/drive/MyDrive/tag-polysemy/mtg-audio-low/05/1046905.low.mp3,19,4.769239,3.5662787
1315909,/content/drive/MyDrive/tag-polysemy/mtg-audio-low/09/1315909.low.mp3,16,5.632843,4.3661356
153571,/content/drive/MyDrive/tag-polysemy/mtg-audio-low/71/153571.low.mp3,11,-0.07646907,3.1907372
81806,/content/drive/MyDrive/tag-polysemy/mtg-audio-low/06/81806.low.mp3,5,4.09297,5.057666
1404701,/content/drive/MyDrive/tag-polysemy/mtg-audio-low/01/1404701.low.mp3,13,6.00519,2.0597413
196259,/content/drive/MyDrive/tag-polysemy/mtg-audio-low/59/196259.low.mp3,1,0.97400385,6.3506985
183451,/content/drive/MyDrive/tag-polysemy/mtg-audio-low/51/183451.low.mp3,11,1.0077783,3.346019
265714,/content/drive/MyDrive/tag-polysemy/mtg-audio-low/14/265714.low.mp3,13,3.418246,4.1270537
241941,/content/drive/MyDrive/tag-polysemy/mtg-audio-low/41/241941.low.mp3,10,6.8786473,1.3445139
335254,/content/drive/MyDrive/tag-polysemy/mtg-audio-low/54/335254.low.mp3,1,0.7771367,5.593422
167201,/content/drive/MyDrive/tag-polysemy/mtg-audio-low/01/167201.low.mp3,7,2.6723623,2.1556718
1397742,/content/drive/MyDrive/tag-polysemy/mtg-audio-low/42/1397742.low.mp3,5,6.0450034,5.569315
506069,/content/drive/MyDrive/tag-polysemy/mtg-audio-low/69/506069.low.mp3,1,0.5902945,5.674265
19238,/content/drive/MyDrive/tag-polysemy/mtg-audio-low/38/19238.low.mp3,14,8.352654,6.391005
1251854,/content/drive/MyDrive/tag-polysemy/mtg-audio-low/54/1251854.low.mp3,5,5.2369547,5.273078
1148781,/content/drive/MyDrive/tag-polysemy/mtg-audio-low/81/1148781.low.mp3,0,6.0350995,3.5483053
1350171,/content/drive/MyDrive/tag-polysemy/mtg-audio-low/71/1350171.low.mp3,5,7.458232,0.86813635
307390,/content/drive/MyDrive/tag-polysemy/mtg-audio-low/90/307390.low.mp3,18,3.2487617,2.9862998
117097,/content/drive/MyDrive/tag-polysemy/mtg-audio-low/97/117097.low.mp3,14,10.232752,5.497721
1317792,/content/drive/MyDrive/tag-polysemy/mtg-audio-low/92/1317792.low.mp3,0,6.296005,3.3656642
1380655,/content/drive/MyDrive/tag-polysemy/mtg-audio-low/55/1380655.low.mp3,5,5.5940804,5.7062683
1420682,/content/drive/MyDrive/tag-polysemy/mtg-audio-low/82/1420682.low.mp3,10,7.7666306,2.0370462
1099978,/content/drive/MyDrive/tag-polysemy/mtg-audio-low/78/1099978.low.mp3,5,5.4566326,5.5806155
1075561,/content/drive/MyDrive/tag-polysemy/mtg-audio-low/61/1075561.low.mp3,9,10.596613,4.349854
1086375,/content/drive/MyDrive/tag-polysemy/mtg-audio-low/75/1086375.low.mp3,13,5.7718315,1.8717153
1396264,/content/drive/MyDrive/tag-polysemy/mtg-audio-low/64/1396264.low.mp3,9,10.639342,3.981207
1134644,/content/drive/MyDrive/tag-polysemy/mtg-audio-low/44/1134644.low.mp3,14,7.171742,6.4662385
170467,/content/drive/MyDrive/tag-polysemy/mtg-audio-low/67/170467.low.mp3,19,4.6211867,2.4075398
1349063,/content/drive/MyDrive/tag-polysemy/mtg-audio-low/63/1349063.low.mp3,4,4.938091,1.9377202
1128891,/content/drive/MyDrive/tag-polysemy/mtg-audio-low/91/1128891.low.mp3,11,0.6634692,3.1964061
412700,/content/drive/MyDrive/tag-polysemy/mtg-audio-low/00/412700.low.mp3,19,4.2724376,3.2518194
1143939,/content/drive/MyDrive/tag-polysemy/mtg-audio-low/39/1143939.low.mp3,8,1.1884494,3.149945
1350277,/content/drive/MyDrive/tag-polysemy/mtg-audio-low/77/1350277.low.mp3,9,10.549262,4.0624943
364009,/content/drive/MyDrive/tag-polysemy/mtg-audio-low/09/364009.low.mp3,12,6.9092984,1.0282093
310122,/content/drive/MyDrive/tag-polysemy/mtg-audio-low/22/310122.low.mp3,3,7.819474,2.5954244
1309626,/content/drive/MyDrive/tag-polysemy/mtg-audio-low/26/1309626.low.mp3,16,2.8713458,5.1797185
1390850,/content/drive/MyDrive/tag-polysemy/mtg-audio-low/50/1390850.low.mp3,9,10.363162,4.4344616
128540,/content/drive/MyDrive/tag-polysemy/mtg-audio-low/40/128540.low.mp3,8,5.0771756,3.7099555
858784,/content/drive/MyDrive/tag-polysemy/mtg-audio-low/84/858784.low.mp3,8,1.6855936,4.538854
1389855,/content/drive/MyDrive/tag-polysemy/mtg-audio-low/55/1389855.low.mp3,18,2.2438369,4.883181
1372082,/content/drive/MyDrive/tag-polysemy/mtg-audio-low/82/1372082.low.mp3,0,6.322673,3.3473384
1195909,/content/drive/MyDrive/tag-polysemy/mtg-audio-low/09/1195909.low.mp3,5,5.274273,5.1691155
1009675,/content/drive/MyDrive/tag-polysemy/mtg-audio-low/75/1009675.low.mp3,14,8.664145,6.3060994
194676,/content/drive/MyDrive/tag-polysemy/mtg-audio-low/76/194676.low.mp3,11,0.6462927,3.6321037
181353,/content/drive/MyDrive/tag-polysemy/mtg-audio-low/53/181353.low.mp3,10,7.896021,1.8458365
1225969,/content/drive/MyDrive/tag-polysemy/mtg-audio-low/69/1225969.low.mp3,6,7.7526402,6.8087034
1235170,/content/drive/MyDrive/tag-polysemy/mtg-audio-low/70/1235170.low.mp3,13,6.3775034,1.5437399
226981,/content/drive/MyDrive/tag-polysemy/mtg-audio-low/81/226981.low.mp3,15,5.1889954,5.354163
940730,/content/drive/MyDrive/tag-polysemy/mtg-audio-low/30/940730.low.mp3,19,5.7105956,3.0829065
1249961,/content/drive/MyDrive/tag-polysemy/mtg-audio-low/61/1249961.low.mp3,6,7.048829,6.9048467
1123873,/content/drive/MyDrive/tag-polysemy/mtg-audio-low/73/1123873.low.mp3,4,5.427611,0.46276945
372171,/content/drive/MyDrive/tag-polysemy/mtg-audio-low/71/372171.low.mp3,3,9.813296,5.7134414
277926,/content/drive/MyDrive/tag-polysemy/mtg-audio-low/26/277926.low.mp3,3,10.115677,6.482332
1397233,/content/drive/MyDrive/tag-polysemy/mtg-audio-low/33/1397233.low.mp3,4,6.8047094,6.474999
80812,/content/drive/MyDrive/tag-polysemy/mtg-audio-low/12/80812.low.mp3,19,4.991792,2.8986993
307113,/content/drive/MyDrive/tag-polysemy/mtg-audio-low/13/307113.low.mp3,2,9.278175,5.038807
1133088,/content/drive/MyDrive/tag-polysemy/mtg-audio-low/88/1133088.low.mp3,1,0.2148136,6.0606
359661,/content/drive/MyDrive/tag-polysemy/mtg-audio-low/61/359661.low.mp3,1,-0.017277064,6.5507793
321105,/content/drive/MyDrive/tag-polysemy/mtg-audio-low/05/321105.low.mp3,2,7.4340014,0.39289868
977854,/content/drive/MyDrive/tag-polysemy/mtg-audio-low/54/977854.low.mp3,4,1.5277452,4.9077325
1037340,/content/drive/MyDrive/tag-polysemy/mtg-audio-low/40/1037340.low.mp3,11,0.04902287,3.1453488
950828,/content/drive/MyDrive/tag-polysemy/mtg-audio-low/28/950828.low.mp3,6,6.929848,6.582632
1379149,/content/drive/MyDrive/tag-polysemy/mtg-audio-low/49/1379149.low.mp3,14,8.566418,6.4166656
240687,/content/drive/MyDrive/tag-polysemy/mtg-audio-low/87/240687.low.mp3,7,2.4689417,3.2737637
1349960,/content/drive/MyDrive/tag-polysemy/mtg-audio-low/60/1349960.low.mp3,1,1.4387729,5.450227
455146,/content/drive/MyDrive/tag-polysemy/mtg-audio-low/46/455146.low.mp3,18,6.203358,5.2581
1400598,/content/drive/MyDrive/tag-polysemy/mtg-audio-low/98/1400598.low.mp3,14,8.612776,6.0622044
910329,/content/drive/MyDrive/tag-polysemy/mtg-audio-low/29/910329.low.mp3,10,7.265783,1.0042205
1215848,/content/drive/MyDrive/tag-polysemy/mtg-audio-low/48/1215848.low.mp3,0,10.254664,3.372992
1115399,/content/drive/MyDrive/tag-polysemy/mtg-audio-low/99/1115399.low.mp3,17,4.168203,5.641214
1054735,/content/drive/MyDrive/tag-polysemy/mtg-audio-low/35/1054735.low.mp3,12,6.5151563,1.4301046
162353,/content/drive/MyDrive/tag-polysemy/mtg-audio-low/53/162353.low.mp3,5,5.8438706,2.321339
1396994,/content/drive/MyDrive/tag-polysemy/mtg-audio-low/94/1396994.low.mp3,19,5.395944,3.0418315
1320857,/content/drive/MyDrive/tag-polysemy/mtg-audio-low/57/1320857.low.mp3,12,6.636036,0.63102746
1216154,/content/drive/MyDrive/tag-polysemy/mtg-audio-low/54/1216154.low.mp3,11,-0.13758652,2.916858
1353244,/content/drive/MyDrive/tag-polysemy/mtg-audio-low/44/1353244.low.mp3,10,7.2778497,2.2532208
1296932,/content/drive/MyDrive/tag-polysemy/mtg-audio-low/32/1296932.low.mp3,5,5.242545,5.083666
53640,/content/drive/MyDrive/tag-polysemy/mtg-audio-low/40/53640.low.mp3,8,3.00543,2.457628
1087769,/content/drive/MyDrive/tag-polysemy/mtg-audio-low/69/1087769.low.mp3,17,4.3173833,5.326822
95239,/content/drive/MyDrive/tag-polysemy/mtg-audio-low/39/95239.low.mp3,14,9.550359,6.3880672
1399524,/content/drive/MyDrive/tag-polysemy/mtg-audio-low/24/1399524.low.mp3,10,4.852769,2.647383
1291557,/content/drive/MyDrive/tag-polysemy/mtg-audio-low/57/1291557.low.mp3,18,1.1244749,3.0888703
1184708,/content/drive/MyDrive/tag-polysemy/mtg-audio-low/08/1184708.low.mp3,18,5.093489,3.8677592
1030098,/content/drive/MyDrive/tag-polysemy/mtg-audio-low/98/1030098.low.mp3,19,5.6280637,2.0757694
1235184,/content/drive/MyDrive/tag-polysemy/mtg-audio-low/84/1235184.low.mp3,16,7.9127307,6.592704
582667,/content/drive/MyDrive/tag-polysemy/mtg-audio-low/67/582667.low.mp3,9,10.393541,3.7280173
1090697,/content/drive/MyDrive/tag-polysemy/mtg-audio-low/97/1090697.low.mp3,7,2.3954177,2.8484666
353142,/content/drive/MyDrive/tag-polysemy/mtg-audio-low/42/353142.low.mp3,13,7.2978935,1.5337713
143907,/content/drive/MyDrive/tag-polysemy/mtg-audio-low/07/143907.low.mp3,17,4.894757,3.5433676
26433,/content/drive/MyDrive/tag-polysemy/mtg-audio-low/33/26433.low.mp3,15,2.0561295,5.452446
759749,/content/drive/MyDrive/tag-polysemy/mtg-audio-low/49/759749.low.mp3,15,9.849243,6.3513803
20765,/content/drive/MyDrive/tag-polysemy/mtg-audio-low/65/20765.low.mp3,17,4.6672735,5.7187047
1376048,/content/drive/MyDrive/tag-polysemy/mtg-audio-low/48/1376048.low.mp3,17,4.406059,5.77639
1420654,/content/drive/MyDrive/tag-polysemy/mtg-audio-low/54/1420654.low.mp3,11,0.6498112,3.286234
433646,/content/drive/MyDrive/tag-polysemy/mtg-audio-low/46/433646.low.mp3,18,3.7146716,2.1293364
370183,/content/drive/MyDrive/tag-polysemy/mtg-audio-low/83/370183.low.mp3,6,8.083415,6.487587
16411,/content/drive/MyDrive/tag-polysemy/mtg-audio-low/11/16411.low.mp3,17,4.3531203,5.725967
200160,/content/drive/MyDrive/tag-polysemy/mtg-audio-low/60/200160.low.mp3,11,-0.31823164,2.9480424
115203,/content/drive/MyDrive/tag-polysemy/mtg-audio-low/03/115203.low.mp3,13,7.766851,3.2309425
1035758,/content/drive/MyDrive/tag-polysemy/mtg-audio-low/58/1035758.low.mp3,4,4.975539,2.0173357
1403818,/content/drive/MyDrive/tag-polysemy/mtg-audio-low/18/1403818.low.mp3,17,5.503775,5.4291553
182072,/content/drive/MyDrive/tag-polysemy/mtg-audio-low/72/182072.low.mp3,13,4.419061,4.0641828
1352246,/content/drive/MyDrive/tag-polysemy/mtg-audio-low/46/1352246.low.mp3,13,3.7132068,3.403187
1420690,/content/drive/MyDrive/tag-polysemy/mtg-audio-low/90/1420690.low.mp3,10,7.9760637,2.0798538
718510,/content/drive/MyDrive/tag-polysemy/mtg-audio-low/10/718510.low.mp3,16,5.6134324,5.862747
1340789,/content/drive/MyDrive/tag-polysemy/mtg-audio-low/89/1340789.low.mp3,10,7.6712813,1.4130927
1086682,/content/drive/MyDrive/tag-polysemy/mtg-audio-low/82/1086682.low.mp3,11,0.80979645,4.050236
47761,/content/drive/MyDrive/tag-polysemy/mtg-audio-low/61/47761.low.mp3,4,4.971564,2.2745662
1169714,/content/drive/MyDrive/tag-polysemy/mtg-audio-low/14/1169714.low.mp3,1,-0.02022751,6.571917
1419798,/content/drive/MyDrive/tag-polysemy/mtg-audio-low/98/1419798.low.mp3,4,4.8810635,1.7911499
1270632,/content/drive/MyDrive/tag-polysemy/mtg-audio-low/32/1270632.low.mp3,17,4.481551,5.827965
1273387,/content/drive/MyDrive/tag-polysemy/mtg-audio-low/87/1273387.low.mp3,2,9.048054,3.641895
984842,/content/drive/MyDrive/tag-polysemy/mtg-audio-low/42/984842.low.mp3,17,7.179475,3.9893944
802418,/content/drive/MyDrive/tag-polysemy/mtg-audio-low/18/802418.low.mp3,8,3.627706,1.9033334
1274238,/content/drive/MyDrive/tag-polysemy/mtg-audio-low/38/1274238.low.mp3,3,10.184663,6.1588845
492136,/content/drive/MyDrive/tag-polysemy/mtg-audio-low/36/492136.low.mp3,3,10.2353115,6.300637
956421,/content/drive/MyDrive/tag-polysemy/mtg-audio-low/21/956421.low.mp3,6,7.4532948,7.087769
1189908,/content/drive/MyDrive/tag-polysemy/mtg-audio-low/08/1189908.low.mp3,19,2.5858963,4.055973
1023278,/content/drive/MyDrive/tag-polysemy/mtg-audio-low/78/1023278.low.mp3,8,1.3707252,3.8791392
1267346,/content/drive/MyDrive/tag-polysemy/mtg-audio-low/46/1267346.low.mp3,6,8.023009,6.8898997
295575,/content/drive/MyDrive/tag-polysemy/mtg-audio-low/75/295575.low.mp3,10,7.1459594,0.99005896
1352247,/content/drive/MyDrive/tag-polysemy/mtg-audio-low/47/1352247.low.mp3,17,5.0649276,4.787099
618550,/content/drive/MyDrive/tag-polysemy/mtg-audio-low/50/618550.low.mp3,11,0.9376419,4.6470423
1044952,/content/drive/MyDrive/tag-polysemy/mtg-audio-low/52/1044952.low.mp3,6,8.332572,6.6585217
1354718,/content/drive/MyDrive/tag-polysemy/mtg-audio-low/18/1354718.low.mp3,6,7.7616234,7.131388
166539,/content/drive/MyDrive/tag-polysemy/mtg-audio-low/39/166539.low.mp3,2,9.934456,5.78993
1352577,/content/drive/MyDrive/tag-polysemy/mtg-audio-low/77/1352577.low.mp3,8,1.5158006,3.8815172
1261463,/content/drive/MyDrive/tag-polysemy/mtg-audio-low/63/1261463.low.mp3,2,8.878843,3.7964864
1276506,/content/drive/MyDrive/tag-polysemy/mtg-audio-low/06/1276506.low.mp3,15,3.5608003,6.6239357
78957,/content/drive/MyDrive/tag-polysemy/mtg-audio-low/57/78957.low.mp3,13,2.5608208,3.8302732
1178762,/content/drive/MyDrive/tag-polysemy/mtg-audio-low/62/1178762.low.mp3,0,10.030846,3.1890025
891599,/content/drive/MyDrive/tag-polysemy/mtg-audio-low/99/891599.low.mp3,13,6.1844463,2.4605443
1097127,/content/drive/MyDrive/tag-polysemy/mtg-audio-low/27/1097127.low.mp3,10,7.5169587,1.078023
1341573,/content/drive/MyDrive/tag-polysemy/mtg-audio-low/73/1341573.low.mp3,10,6.242119,1.9082366
1281573,/content/drive/MyDrive/tag-polysemy/mtg-audio-low/73/1281573.low.mp3,9,10.025305,3.6361413
986591,/content/drive/MyDrive/tag-polysemy/mtg-audio-low/91/986591.low.mp3,16,5.6525517,5.9199286
1344831,/content/drive/MyDrive/tag-polysemy/mtg-audio-low/31/1344831.low.mp3,9,10.618622,5.162711
1321145,/content/drive/MyDrive/tag-polysemy/mtg-audio-low/45/1321145.low.mp3,5,5.4859123,4.4452243
1150738,/content/drive/MyDrive/tag-polysemy/mtg-audio-low/38/1150738.low.mp3,17,5.0178056,5.8082976
446474,/content/drive/MyDrive/tag-polysemy/mtg-audio-low/74/446474.low.mp3,5,5.3039865,4.284456
1088632,/content/drive/MyDrive/tag-polysemy/mtg-audio-low/32/1088632.low.mp3,9,10.512318,4.12305
1104911,/content/drive/MyDrive/tag-polysemy/mtg-audio-low/11/1104911.low.mp3,18,5.0290055,3.06966
1136882,/content/drive/MyDrive/tag-polysemy/mtg-audio-low/82/1136882.low.mp3,0,4.0451074,3.8767414
258720,/content/drive/MyDrive/tag-polysemy/mtg-audio-low/20/258720.low.mp3,14,9.186286,6.2648406
1235058,/content/drive/MyDrive/tag-polysemy/mtg-audio-low/58/1235058.low.mp3,6,7.4105744,7.1393075
1385243,/content/drive/MyDrive/tag-polysemy/mtg-audio-low/43/1385243.low.mp3,12,6.49301,0.91880804
1105862,/content/drive/MyDrive/tag-polysemy/mtg-audio-low/62/1105862.low.mp3,10,6.720864,0.7971568
1311301,/content/drive/MyDrive/tag-polysemy/mtg-audio-low/01/1311301.low.mp3,9,10.011264,3.8642182
1400662,/content/drive/MyDrive/tag-polysemy/mtg-audio-low/62/1400662.low.mp3,10,7.912905,2.426987
1222728,/content/drive/MyDrive/tag-polysemy/mtg-audio-low/28/1222728.low.mp3,7,4.2012157,1.3790469
1227498,/content/drive/MyDrive/tag-polysemy/mtg-audio-low/98/1227498.low.mp3,19,4.507422,2.969087
1239985,/content/drive/MyDrive/tag-polysemy/mtg-audio-low/85/1239985.low.mp3,0,6.52268,3.61273
167225,/content/drive/MyDrive/tag-polysemy/mtg-audio-low/25/167225.low.mp3,5,4.8275905,4.695426
61455,/content/drive/MyDrive/tag-polysemy/mtg-audio-low/55/61455.low.mp3,1,1.2311485,6.522297
881054,/content/drive/MyDrive/tag-polysemy/mtg-audio-low/54/881054.low.mp3,4,6.623643,1.1303178
1269922,/content/drive/MyDrive/tag-polysemy/mtg-audio-low/22/1269922.low.mp3,16,6.5811834,5.8666615
1190139,/content/drive/MyDrive/tag-polysemy/mtg-audio-low/39/1190139.low.mp3,13,4.7745714,3.838372
429240,/content/drive/MyDrive/tag-polysemy/mtg-audio-low/40/429240.low.mp3,5,5.3067236,4.1456137
1124383,/content/drive/MyDrive/tag-polysemy/mtg-audio-low/83/1124383.low.mp3,7,2.3345418,2.7780676
1160233,/content/drive/MyDrive/tag-polysemy/mtg-audio-low/33/1160233.low.mp3,19,5.741926,2.505219
1393689,/content/drive/MyDrive/tag-polysemy/mtg-audio-low/89/1393689.low.mp3,0,3.6036847,3.651892
977117,/content/drive/MyDrive/tag-polysemy/mtg-audio-low/17/977117.low.mp3,16,9.426324,5.9321914
1353327,/content/drive/MyDrive/tag-polysemy/mtg-audio-low/27/1353327.low.mp3,10,7.7378244,1.9618844
1395068,/content/drive/MyDrive/tag-polysemy/mtg-audio-low/68/1395068.low.mp3,13,6.016308,2.117568
36977,/content/drive/MyDrive/tag-polysemy/mtg-audio-low/77/36977.low.mp3,5,4.3422103,3.6827
423117,/content/drive/MyDrive/tag-polysemy/mtg-audio-low/17/423117.low.mp3,0,3.5257394,3.975765
1306013,/content/drive/MyDrive/tag-polysemy/mtg-audio-low/13/1306013.low.mp3,9,10.301111,5.2263575
577325,/content/drive/MyDrive/tag-polysemy/mtg-audio-low/25/577325.low.mp3,5,6.389976,5.2084045
1185707,/content/drive/MyDrive/tag-polysemy/mtg-audio-low/07/1185707.low.mp3,3,8.723062,5.2344823
1123452,/content/drive/MyDrive/tag-polysemy/mtg-audio-low/52/1123452.low.mp3,13,5.868346,1.8677453
550445,/content/drive/MyDrive/tag-polysemy/mtg-audio-low/45/550445.low.mp3,19,6.0950274,3.2504115
17148,/content/drive/MyDrive/tag-polysemy/mtg-audio-low/48/17148.low.mp3,11,1.4861373,4.677935
1188128,/content/drive/MyDrive/tag-polysemy/mtg-audio-low/28/1188128.low.mp3,2,8.249086,1.8522161
1417339,/content/drive/MyDrive/tag-polysemy/mtg-audio-low/39/1417339.low.mp3,8,1.5473686,4.620179
499056,/content/drive/MyDrive/tag-polysemy/mtg-audio-low/56/499056.low.mp3,2,9.572548,3.7493186
1150395,/content/drive/MyDrive/tag-polysemy/mtg-audio-low/95/1150395.low.mp3,18,2.4328475,3.4912953
1086592,/content/drive/MyDrive/tag-polysemy/mtg-audio-low/92/1086592.low.mp3,7,2.6066942,2.5127861
1166811,/content/drive/MyDrive/tag-polysemy/mtg-audio-low/11/1166811.low.mp3,18,2.5903058,2.909072
1393403,/content/drive/MyDrive/tag-polysemy/mtg-audio-low/03/1393403.low.mp3,14,7.461051,6.7180266
1312589,/content/drive/MyDrive/tag-polysemy/mtg-audio-low/89/1312589.low.mp3,13,5.4088235,1.1810397
217652,/content/drive/MyDrive/tag-polysemy/mtg-audio-low/52/217652.low.mp3,11,0.4657051,4.1736317
992074,/content/drive/MyDrive/tag-polysemy/mtg-audio-low/74/992074.low.mp3,3,7.9827204,2.6224315
376692,/content/drive/MyDrive/tag-polysemy/mtg-audio-low/92/376692.low.mp3,4,5.600954,3.898471
1352846,/content/drive/MyDrive/tag-polysemy/mtg-audio-low/46/1352846.low.mp3,16,3.2104545,4.898883
519530,/content/drive/MyDrive/tag-polysemy/mtg-audio-low/30/519530.low.mp3,11,0.9817297,4.400748
123932,/content/drive/MyDrive/tag-polysemy/mtg-audio-low/32/123932.low.mp3,7,2.4226286,2.3649745
1371499,/content/drive/MyDrive/tag-polysemy/mtg-audio-low/99/1371499.low.mp3,6,6.3300147,5.242842
976792,/content/drive/MyDrive/tag-polysemy/mtg-audio-low/92/976792.low.mp3,5,4.569323,5.0232234
150915,/content/drive/MyDrive/tag-polysemy/mtg-audio-low/15/150915.low.mp3,1,0.70491505,5.955145
1420676,/content/drive/MyDrive/tag-polysemy/mtg-audio-low/76/1420676.low.mp3,10,7.2968144,2.185981
441638,/content/drive/MyDrive/tag-polysemy/mtg-audio-low/38/441638.low.mp3,2,3.0463676,3.8928223
1374698,/content/drive/MyDrive/tag-polysemy/mtg-audio-low/98/1374698.low.mp3,14,9.470387,6.2979035
383976,/content/drive/MyDrive/tag-polysemy/mtg-audio-low/76/383976.low.mp3,14,6.7869425,5.8052745
417096,/content/drive/MyDrive/tag-polysemy/mtg-audio-low/96/417096.low.mp3,10,7.07848,0.82982826
83132,/content/drive/MyDrive/tag-polysemy/mtg-audio-low/32/83132.low.mp3,4,3.4597104,2.0426028
120858,/content/drive/MyDrive/tag-polysemy/mtg-audio-low/58/120858.low.mp3,1,0.7529329,5.9909053
1371496,/content/drive/MyDrive/tag-polysemy/mtg-audio-low/96/1371496.low.mp3,19,5.492751,2.2005708
1088582,/content/drive/MyDrive/tag-polysemy/mtg-audio-low/82/1088582.low.mp3,10,6.786176,1.8885043
791687,/content/drive/MyDrive/tag-polysemy/mtg-audio-low/87/791687.low.mp3,11,-0.38883054,2.8167973
1250046,/content/drive/MyDrive/tag-polysemy/mtg-audio-low/46/1250046.low.mp3,10,7.5086923,0.8739436
630989,/content/drive/MyDrive/tag-polysemy/mtg-audio-low/89/630989.low.mp3,2,8.123443,2.1904857
1031095,/content/drive/MyDrive/tag-polysemy/mtg-audio-low/95/1031095.low.mp3,12,6.4714403,1.9058175
1316756,/content/drive/MyDrive/tag-polysemy/mtg-audio-low/56/1316756.low.mp3,16,7.09173,5.8638616
1344326,/content/drive/MyDrive/tag-polysemy/mtg-audio-low/26/1344326.low.mp3,3,8.791888,4.798127
1041558,/content/drive/MyDrive/tag-polysemy/mtg-audio-low/58/1041558.low.mp3,3,10.465216,6.471962
1221918,/content/drive/MyDrive/tag-polysemy/mtg-audio-low/18/1221918.low.mp3,11,1.1164378,5.0043654
669990,/content/drive/MyDrive/tag-polysemy/mtg-audio-low/90/669990.low.mp3,13,5.207407,1.9839823
1121103,/content/drive/MyDrive/tag-polysemy/mtg-audio-low/03/1121103.low.mp3,19,5.548845,4.9103885
203673,/content/drive/MyDrive/tag-polysemy/mtg-audio-low/73/203673.low.mp3,19,7.3723097,3.8587995
1092342,/content/drive/MyDrive/tag-polysemy/mtg-audio-low/42/1092342.low.mp3,4,2.831461,3.812522
1169879,/content/drive/MyDrive/tag-polysemy/mtg-audio-low/79/1169879.low.mp3,10,5.0513463,1.0995499
21860,/content/drive/MyDrive/tag-polysemy/mtg-audio-low/60/21860.low.mp3,16,6.944208,6.5825553
965791,/content/drive/MyDrive/tag-polysemy/mtg-audio-low/91/965791.low.mp3,4,4.567851,1.8639859
802320,/content/drive/MyDrive/tag-polysemy/mtg-audio-low/20/802320.low.mp3,19,8.232296,3.5642278
358114,/content/drive/MyDrive/tag-polysemy/mtg-audio-low/14/358114.low.mp3,6,7.368886,7.1259923
837577,/content/drive/MyDrive/tag-polysemy/mtg-audio-low/77/837577.low.mp3,10,7.127554,1.0923017
1042077,/content/drive/MyDrive/tag-polysemy/mtg-audio-low/77/1042077.low.mp3,13,6.0834723,1.0612634
496488,/content/drive/MyDrive/tag-polysemy/mtg-audio-low/88/496488.low.mp3,11,0.6486528,3.6366951
1090538,/content/drive/MyDrive/tag-polysemy/mtg-audio-low/38/1090538.low.mp3,1,0.9954155,5.727071
1400506,/content/drive/MyDrive/tag-polysemy/mtg-audio-low/06/1400506.low.mp3,13,2.9670682,3.7897787
1345884,/content/drive/MyDrive/tag-polysemy/mtg-audio-low/84/1345884.low.mp3,17,5.595617,5.2043476
313867,/content/drive/MyDrive/tag-polysemy/mtg-audio-low/67/313867.low.mp3,4,4.7356267,1.5089417
1012593,/content/drive/MyDrive/tag-polysemy/mtg-audio-low/93/1012593.low.mp3,0,7.6929636,3.895207
1126394,/content/drive/MyDrive/tag-polysemy/mtg-audio-low/94/1126394.low.mp3,9,10.583659,3.9499345
1417801,/content/drive/MyDrive/tag-polysemy/mtg-audio-low/01/1417801.low.mp3,16,6.025201,6.112049
19873,/content/drive/MyDrive/tag-polysemy/mtg-audio-low/73/19873.low.mp3,13,5.141725,3.11092
23016,/content/drive/MyDrive/tag-polysemy/mtg-audio-low/16/23016.low.mp3,18,3.8340576,1.7848277
812325,/content/drive/MyDrive/tag-polysemy/mtg-audio-low/25/812325.low.mp3,18,3.1957104,2.4230402
1193886,/content/drive/MyDrive/tag-polysemy/mtg-audio-low/86/1193886.low.mp3,5,1.166206,3.2122643
769795,/content/drive/MyDrive/tag-polysemy/mtg-audio-low/95/769795.low.mp3,1,0.6151289,5.8213797
1110715,/content/drive/MyDrive/tag-polysemy/mtg-audio-low/15/1110715.low.mp3,8,3.471167,2.1436117
1339443,/content/drive/MyDrive/tag-polysemy/mtg-audio-low/43/1339443.low.mp3,4,5.5586243,1.0236768
1369858,/content/drive/MyDrive/tag-polysemy/mtg-audio-low/58/1369858.low.mp3,15,3.3684022,6.3585253
41971,/content/drive/MyDrive/tag-polysemy/mtg-audio-low/71/41971.low.mp3,4,5.4661813,0.4453795
36355,/content/drive/MyDrive/tag-polysemy/mtg-audio-low/55/36355.low.mp3,7,2.6053507,2.3225353
1345464,/content/drive/MyDrive/tag-polysemy/mtg-audio-low/64/1345464.low.mp3,15,10.658402,5.2935905
1103260,/content/drive/MyDrive/tag-polysemy/mtg-audio-low/60/1103260.low.mp3,15,9.857709,5.8590264
1284933,/content/drive/MyDrive/tag-polysemy/mtg-audio-low/33/1284933.low.mp3,19,6.0270205,4.4919615
1215808,/content/drive/MyDrive/tag-polysemy/mtg-audio-low/08/1215808.low.mp3,3,8.739615,4.7666144
1083493,/content/drive/MyDrive/tag-polysemy/mtg-audio-low/93/1083493.low.mp3,12,7.4221206,0.55261326
1238882,/content/drive/MyDrive/tag-polysemy/mtg-audio-low/82/1238882.low.mp3,9,10.211629,3.7097306
1202105,/content/drive/MyDrive/tag-polysemy/mtg-audio-low/05/1202105.low.mp3,5,5.451211,4.1566286
1385979,/content/drive/MyDrive/tag-polysemy/mtg-audio-low/79/1385979.low.mp3,18,4.3496366,2.5826883
1267843,/content/drive/MyDrive/tag-polysemy/mtg-audio-low/43/1267843.low.mp3,4,5.9585786,1.478548
509744,/content/drive/MyDrive/tag-polysemy/mtg-audio-low/44/509744.low.mp3,18,2.8639524,3.4231575
1251622,/content/drive/MyDrive/tag-polysemy/mtg-audio-low/22/1251622.low.mp3,5,3.8584158,4.5783057
1402851,/content/drive/MyDrive/tag-polysemy/mtg-audio-low/51/1402851.low.mp3,12,7.0933433,0.6138799
506159,/content/drive/MyDrive/tag-polysemy/mtg-audio-low/59/506159.low.mp3,18,4.442794,1.9490613
1235726,/content/drive/MyDrive/tag-polysemy/mtg-audio-low/26/1235726.low.mp3,17,1.2708713,3.2003896
127610,/content/drive/MyDrive/tag-polysemy/mtg-audio-low/10/127610.low.mp3,8,5.35978,3.757394
1306203,/content/drive/MyDrive/tag-polysemy/mtg-audio-low/03/1306203.low.mp3,3,10.43099,6.5200257
727904,/content/drive/MyDrive/tag-polysemy/mtg-audio-low/04/727904.low.mp3,7,2.2922926,2.7470365
1112002,/content/drive/MyDrive/tag-polysemy/mtg-audio-low/02/1112002.low.mp3,8,4.0889335,3.9614449
1216822,/content/drive/MyDrive/tag-polysemy/mtg-audio-low/22/1216822.low.mp3,15,10.292425,6.5815864
1221847,/content/drive/MyDrive/tag-polysemy/mtg-audio-low/47/1221847.low.mp3,15,10.34683,6.23107
1133318,/content/drive/MyDrive/tag-polysemy/mtg-audio-low/18/1133318.low.mp3,11,0.6893029,4.4050345
1311283,/content/drive/MyDrive/tag-polysemy/mtg-audio-low/83/1311283.low.mp3,12,6.855823,1.3936089
1165269,/content/drive/MyDrive/tag-polysemy/mtg-audio-low/69/1165269.low.mp3,2,9.972096,5.330711
785632,/content/drive/MyDrive/tag-polysemy/mtg-audio-low/32/785632.low.mp3,15,10.2358675,6.663881
134469,/content/drive/MyDrive/tag-polysemy/mtg-audio-low/69/134469.low.mp3,4,2.5687904,3.9746487
584379,/content/drive/MyDrive/tag-polysemy/mtg-audio-low/79/584379.low.mp3,15,1.1886705,4.636363
1067870,/content/drive/MyDrive/tag-polysemy/mtg-audio-low/70/1067870.low.mp3,18,3.1054108,2.2173486
8307,/content/drive/MyDrive/tag-polysemy/mtg-audio-low/07/8307.low.mp3,19,5.4488034,3.5703475
1414622,/content/drive/MyDrive/tag-polysemy/mtg-audio-low/22/1414622.low.mp3,17,4.454289,5.6315207
441954,/content/drive/MyDrive/tag-polysemy/mtg-audio-low/54/441954.low.mp3,10,7.131382,0.6239194
1122006,/content/drive/MyDrive/tag-polysemy/mtg-audio-low/06/1122006.low.mp3,11,1.2114931,4.552071
702501,/content/drive/MyDrive/tag-polysemy/mtg-audio-low/01/702501.low.mp3,11,0.30974606,4.1853957
1003498,/content/drive/MyDrive/tag-polysemy/mtg-audio-low/98/1003498.low.mp3,16,6.226164,5.566706
826579,/content/drive/MyDrive/tag-polysemy/mtg-audio-low/79/826579.low.mp3,4,4.851082,1.2750394
1042146,/content/drive/MyDrive/tag-polysemy/mtg-audio-low/46/1042146.low.mp3,4,4.1949887,1.7581373
151087,/content/drive/MyDrive/tag-polysemy/mtg-audio-low/87/151087.low.mp3,1,0.6831371,5.9143233
1365124,/content/drive/MyDrive/tag-polysemy/mtg-audio-low/24/1365124.low.mp3,6,7.8747854,6.9520564
1235974,/content/drive/MyDrive/tag-polysemy/mtg-audio-low/74/1235974.low.mp3,4,5.001187,1.2066809
13823,/content/drive/MyDrive/tag-polysemy/mtg-audio-low/23/13823.low.mp3,7,2.86814,2.1994321
1348323,/content/drive/MyDrive/tag-polysemy/mtg-audio-low/23/1348323.low.mp3,8,1.7497289,3.6501577
1361378,/content/drive/MyDrive/tag-polysemy/mtg-audio-low/78/1361378.low.mp3,13,5.028629,1.4251616
1089930,/content/drive/MyDrive/tag-polysemy/mtg-audio-low/30/1089930.low.mp3,5,6.1912,5.0557914
276975,/content/drive/MyDrive/tag-polysemy/mtg-audio-low/75/276975.low.mp3,13,5.8592997,1.2280511
1162097,/content/drive/MyDrive/tag-polysemy/mtg-audio-low/97/1162097.low.mp3,16,2.8801348,5.286893
1256832,/content/drive/MyDrive/tag-polysemy/mtg-audio-low/32/1256832.low.mp3,19,5.519681,3.0443144
821990,/content/drive/MyDrive/tag-polysemy/mtg-audio-low/90/821990.low.mp3,15,2.9196265,5.7208714
1379094,/content/drive/MyDrive/tag-polysemy/mtg-audio-low/94/1379094.low.mp3,3,9.719862,5.428361
24566,/content/drive/MyDrive/tag-polysemy/mtg-audio-low/66/24566.low.mp3,10,6.8156204,2.0780823
1385587,/content/drive/MyDrive/tag-polysemy/mtg-audio-low/87/1385587.low.mp3,18,4.7859755,3.4033139
19860,/content/drive/MyDrive/tag-polysemy/mtg-audio-low/60/19860.low.mp3,19,5.35531,5.642041
1203119,/content/drive/MyDrive/tag-polysemy/mtg-audio-low/19/1203119.low.mp3,2,9.304325,4.8268213
220598,/content/drive/MyDrive/tag-polysemy/mtg-audio-low/98/220598.low.mp3,9,10.221171,5.0413957
1292528,/content/drive/MyDrive/tag-polysemy/mtg-audio-low/28/1292528.low.mp3,10,7.1708064,2.090575
506157,/content/drive/MyDrive/tag-polysemy/mtg-audio-low/57/506157.low.mp3,5,5.287281,3.928746
1329326,/content/drive/MyDrive/tag-polysemy/mtg-audio-low/26/1329326.low.mp3,0,10.243838,3.3813908
1205618,/content/drive/MyDrive/tag-polysemy/mtg-audio-low/18/1205618.low.mp3,5,5.753121,4.116431
387421,/content/drive/MyDrive/tag-polysemy/mtg-audio-low/21/387421.low.mp3,5,5.335602,5.2278857
1098401,/content/drive/MyDrive/tag-polysemy/mtg-audio-low/01/1098401.low.mp3,17,4.10068,5.805572
1117793,/content/drive/MyDrive/tag-polysemy/mtg-audio-low/93/1117793.low.mp3,8,1.5571392,3.8556495
536931,/content/drive/MyDrive/tag-polysemy/mtg-audio-low/31/536931.low.mp3,15,7.8329725,5.5911202
1129936,/content/drive/MyDrive/tag-polysemy/mtg-audio-low/36/1129936.low.mp3,13,5.232226,1.9597821
1096862,/content/drive/MyDrive/tag-polysemy/mtg-audio-low/62/1096862.low.mp3,5,5.074993,5.439223
321477,/content/drive/MyDrive/tag-polysemy/mtg-audio-low/77/321477.low.mp3,3,10.475743,6.467945
1052564,/content/drive/MyDrive/tag-polysemy/mtg-audio-low/64/1052564.low.mp3,0,10.420326,3.649621
1387749,/content/drive/MyDrive/tag-polysemy/mtg-audio-low/49/1387749.low.mp3,3,9.288998,5.6082764
352689,/content/drive/MyDrive/tag-polysemy/mtg-audio-low/89/352689.low.mp3,1,0.89548606,5.5480933
33830,/content/drive/MyDrive/tag-polysemy/mtg-audio-low/30/33830.low.mp3,2,9.488645,5.089673
1057643,/content/drive/MyDrive/tag-polysemy/mtg-audio-low/43/1057643.low.mp3,18,3.141438,2.3106806
1383720,/content/drive/MyDrive/tag-polysemy/mtg-audio-low/20/1383720.low.mp3,4,5.814496,0.484587
1186853,/content/drive/MyDrive/tag-polysemy/mtg-audio-low/53/1186853.low.mp3,5,5.08062,3.0562406
1068667,/content/drive/MyDrive/tag-polysemy/mtg-audio-low/67/1068667.low.mp3,12,5.9532285,2.4274402
718511,/content/drive/MyDrive/tag-polysemy/mtg-audio-low/11/718511.low.mp3,5,1.1826735,3.21766
1268327,/content/drive/MyDrive/tag-polysemy/mtg-audio-low/27/1268327.low.mp3,3,8.542012,5.828754
434127,/content/drive/MyDrive/tag-polysemy/mtg-audio-low/27/434127.low.mp3,10,7.328623,0.518784
671177,/content/drive/MyDrive/tag-polysemy/mtg-audio-low/77/671177.low.mp3,18,4.263007,2.9618802
678073,/content/drive/MyDrive/tag-polysemy/mtg-audio-low/73/678073.low.mp3,13,6.3994107,1.1230181
1292160,/content/drive/MyDrive/tag-polysemy/mtg-audio-low/60/1292160.low.mp3,4,5.219225,1.2691268
366011,/content/drive/MyDrive/tag-polysemy/mtg-audio-low/11/366011.low.mp3,11,1.1423916,3.6911108
1060627,/content/drive/MyDrive/tag-polysemy/mtg-audio-low/27/1060627.low.mp3,18,5.9860563,4.2316384
142204,/content/drive/MyDrive/tag-polysemy/mtg-audio-low/04/142204.low.mp3,15,9.755337,6.4273806
1203365,/content/drive/MyDrive/tag-polysemy/mtg-audio-low/65/1203365.low.mp3,9,10.00011,5.051997
944696,/content/drive/MyDrive/tag-polysemy/mtg-audio-low/96/944696.low.mp3,10,7.567982,1.9761052
1341199,/content/drive/MyDrive/tag-polysemy/mtg-audio-low/99/1341199.low.mp3,0,10.290015,3.124517
1226801,/content/drive/MyDrive/tag-polysemy/mtg-audio-low/01/1226801.low.mp3,8,1.6462849,3.842851
1394780,/content/drive/MyDrive/tag-polysemy/mtg-audio-low/80/1394780.low.mp3,6,6.768147,6.457278
1354105,/content/drive/MyDrive/tag-polysemy/mtg-audio-low/05/1354105.low.mp3,15,10.586359,5.6186433
48843,/content/drive/MyDrive/tag-polysemy/mtg-audio-low/43/48843.low.mp3,3,10.333618,6.307751
1305896,/content/drive/MyDrive/tag-polysemy/mtg-audio-low/96/1305896.low.mp3,9,10.520278,4.389613
1393532,/content/drive/MyDrive/tag-polysemy/mtg-audio-low/32/1393532.low.mp3,18,4.807206,2.9129682
1090253,/content/drive/MyDrive/tag-polysemy/mtg-audio-low/53/1090253.low.mp3,9,10.572435,3.9450235
1022254,/content/drive/MyDrive/tag-polysemy/mtg-audio-low/54/1022254.low.mp3,7,3.0207589,2.4349144
34816,/content/drive/MyDrive/tag-polysemy/mtg-audio-low/16/34816.low.mp3,3,9.754797,6.1285353
235303,/content/drive/MyDrive/tag-polysemy/mtg-audio-low/03/235303.low.mp3,13,4.382422,3.822171
1056746,/content/drive/MyDrive/tag-polysemy/mtg-audio-low/46/1056746.low.mp3,10,6.780423,1.0588585
783439,/content/drive/MyDrive/tag-polysemy/mtg-audio-low/39/783439.low.mp3,4,4.6494446,2.4772651
1095489,/content/drive/MyDrive/tag-polysemy/mtg-audio-low/89/1095489.low.mp3,18,3.255639,1.7923063
116961,/content/drive/MyDrive/tag-polysemy/mtg-audio-low/61/116961.low.mp3,15,3.3410203,2.7897484
530625,/content/drive/MyDrive/tag-polysemy/mtg-audio-low/25/530625.low.mp3,0,6.4150476,3.1978297
1399743,/content/drive/MyDrive/tag-polysemy/mtg-audio-low/43/1399743.low.mp3,7,2.7231193,2.4011512
1355200,/content/drive/MyDrive/tag-polysemy/mtg-audio-low/00/1355200.low.mp3,19,5.501738,3.73219
9735,/content/drive/MyDrive/tag-polysemy/mtg-audio-low/35/9735.low.mp3,5,6.5561004,5.5274463
316317,/content/drive/MyDrive/tag-polysemy/mtg-audio-low/17/316317.low.mp3,12,6.4690814,1.8147583
539764,/content/drive/MyDrive/tag-polysemy/mtg-audio-low/64/539764.low.mp3,11,0.68864995,3.6194563
1074805,/content/drive/MyDrive/tag-polysemy/mtg-audio-low/05/1074805.low.mp3,9,10.613869,4.1246567
1196916,/content/drive/MyDrive/tag-polysemy/mtg-audio-low/16/1196916.low.mp3,4,7.098198,1.8720222
1264138,/content/drive/MyDrive/tag-polysemy/mtg-audio-low/38/1264138.low.mp3,19,4.801078,3.5097136
227339,/content/drive/MyDrive/tag-polysemy/mtg-audio-low/39/227339.low.mp3,14,7.3797817,6.4934564
273612,/content/drive/MyDrive/tag-polysemy/mtg-audio-low/12/273612.low.mp3,12,6.8834395,1.607913
1209742,/content/drive/MyDrive/tag-polysemy/mtg-audio-low/42/1209742.low.mp3,10,7.3017564,1.1074756
384148,/content/drive/MyDrive/tag-polysemy/mtg-audio-low/48/384148.low.mp3,13,3.3374445,3.574037
1101376,/content/drive/MyDrive/tag-polysemy/mtg-audio-low/76/1101376.low.mp3,4,5.646441,4.015493
285650,/content/drive/MyDrive/tag-polysemy/mtg-audio-low/50/285650.low.mp3,1,-0.039953478,6.5456276
1267981,/content/drive/MyDrive/tag-polysemy/mtg-audio-low/81/1267981.low.mp3,19,3.6051795,3.2284267
920493,/content/drive/MyDrive/tag-polysemy/mtg-audio-low/93/920493.low.mp3,3,10.27843,6.5214486
405919,/content/drive/MyDrive/tag-polysemy/mtg-audio-low/19/405919.low.mp3,3,10.385694,6.5427775
873803,/content/drive/MyDrive/tag-polysemy/mtg-audio-low/03/873803.low.mp3,5,5.6550803,5.6843705
1394419,/content/drive/MyDrive/tag-polysemy/mtg-audio-low/19/1394419.low.mp3,6,7.479408,7.046075
1130587,/content/drive/MyDrive/tag-polysemy/mtg-audio-low/87/1130587.low.mp3,14,7.270483,6.4556074
1420945,/content/drive/MyDrive/tag-polysemy/mtg-audio-low/45/1420945.low.mp3,11,0.5945362,3.7349849
1046468,/content/drive/MyDrive/tag-polysemy/mtg-audio-low/68/1046468.low.mp3,11,1.1912415,3.7661154
1230830,/content/drive/MyDrive/tag-polysemy/mtg-audio-low/30/1230830.low.mp3,11,1.1890804,3.967121
1358543,/content/drive/MyDrive/tag-polysemy/mtg-audio-low/43/1358543.low.mp3,13,3.3416195,3.686398
275780,/content/drive/MyDrive/tag-polysemy/mtg-audio-low/80/275780.low.mp3,11,-0.12394486,3.2041566
1116934,/content/drive/MyDrive/tag-polysemy/mtg-audio-low/34/1116934.low.mp3,7,2.622833,2.2368271
45069,/content/drive/MyDrive/tag-polysemy/mtg-audio-low/69/45069.low.mp3,18,7.331182,4.0597696
1194984,/content/drive/MyDrive/tag-polysemy/mtg-audio-low/84/1194984.low.mp3,11,0.5707621,2.8408928
287979,/content/drive/MyDrive/tag-polysemy/mtg-audio-low/79/287979.low.mp3,19,7.449227,3.2059853
1359884,/content/drive/MyDrive/tag-polysemy/mtg-audio-low/84/1359884.low.mp3,0,4.4698043,3.2367725
666094,/content/drive/MyDrive/tag-polysemy/mtg-audio-low/94/666094.low.mp3,9,10.543909,3.9488869
1400912,/content/drive/MyDrive/tag-polysemy/mtg-audio-low/12/1400912.low.mp3,11,0.739256,3.0723896
1276897,/content/drive/MyDrive/tag-polysemy/mtg-audio-low/97/1276897.low.mp3,13,3.6801987,4.144708
1380188,/content/drive/MyDrive/tag-polysemy/mtg-audio-low/88/1380188.low.mp3,0,3.7666187,3.816312
1028506,/content/drive/MyDrive/tag-polysemy/mtg-audio-low/06/1028506.low.mp3,18,3.1330204,1.8343706
1323317,/content/drive/MyDrive/tag-polysemy/mtg-audio-low/17/1323317.low.mp3,16,4.7651453,4.6824026
1060331,/content/drive/MyDrive/tag-polysemy/mtg-audio-low/31/1060331.low.mp3,16,6.288366,6.3505726
1039582,/content/drive/MyDrive/tag-polysemy/mtg-audio-low/82/1039582.low.mp3,18,2.6459694,3.2847164
361544,/content/drive/MyDrive/tag-polysemy/mtg-audio-low/44/361544.low.mp3,4,5.397067,0.3375979
34578,/content/drive/MyDrive/tag-polysemy/mtg-audio-low/78/34578.low.mp3,17,4.0141006,6.073682
1096012,/content/drive/MyDrive/tag-polysemy/mtg-audio-low/12/1096012.low.mp3,7,2.640686,2.2200816
164446,/content/drive/MyDrive/tag-polysemy/mtg-audio-low/46/164446.low.mp3,18,8.054629,2.5891762
1082595,/content/drive/MyDrive/tag-polysemy/mtg-audio-low/95/1082595.low.mp3,14,8.625842,6.7683325
991719,/content/drive/MyDrive/tag-polysemy/mtg-audio-low/19/991719.low.mp3,5,5.1990123,4.93818
1098409,/content/drive/MyDrive/tag-polysemy/mtg-audio-low/09/1098409.low.mp3,17,4.2633123,5.8308716
1346178,/content/drive/MyDrive/tag-polysemy/mtg-audio-low/78/1346178.low.mp3,10,7.7962117,1.8637921
1160152,/content/drive/MyDrive/tag-polysemy/mtg-audio-low/52/1160152.low.mp3,3,10.232166,6.3927298
1169706,/content/drive/MyDrive/tag-polysemy/mtg-audio-low/06/1169706.low.mp3,1,-0.030360566,6.5334997
1413269,/content/drive/MyDrive/tag-polysemy/mtg-audio-low/69/1413269.low.mp3,10,7.321333,1.0313387
1313336,/content/drive/MyDrive/tag-polysemy/mtg-audio-low/36/1313336.low.mp3,19,5.201551,3.3012066
531352,/content/drive/MyDrive/tag-polysemy/mtg-audio-low/52/531352.low.mp3,1,0.6406579,6.203899
1155023,/content/drive/MyDrive/tag-polysemy/mtg-audio-low/23/1155023.low.mp3,10,7.1162343,1.3161803
1085732,/content/drive/MyDrive/tag-polysemy/mtg-audio-low/32/1085732.low.mp3,19,4.8785233,3.5126336
1294765,/content/drive/MyDrive/tag-polysemy/mtg-audio-low/65/1294765.low.mp3,3,10.155776,6.486044
1266937,/content/drive/MyDrive/tag-polysemy/mtg-audio-low/37/1266937.low.mp3,17,1.1425537,4.766134
159853,/content/drive/MyDrive/tag-polysemy/mtg-audio-low/53/159853.low.mp3,4,3.8778143,1.8511883
389447,/content/drive/MyDrive/tag-polysemy/mtg-audio-low/47/389447.low.mp3,15,1.9942014,5.192861
1311064,/content/drive/MyDrive/tag-polysemy/mtg-audio-low/64/1311064.low.mp3,19,6.2237954,2.9915743
334464,/content/drive/MyDrive/tag-polysemy/mtg-audio-low/64/334464.low.mp3,8,7.5486755,1.731733
1234439,/content/drive/MyDrive/tag-polysemy/mtg-audio-low/39/1234439.low.mp3,8,1.388437,3.835614
1073702,/content/drive/MyDrive/tag-polysemy/mtg-audio-low/02/1073702.low.mp3,5,5.9745026,1.7286376
1112023,/content/drive/MyDrive/tag-polysemy/mtg-audio-low/23/1112023.low.mp3,1,1.3742137,6.282338
1334766,/content/drive/MyDrive/tag-polysemy/mtg-audio-low/66/1334766.low.mp3,6,7.1146784,6.8788843
9831,/content/drive/MyDrive/tag-polysemy/mtg-audio-low/31/9831.low.mp3,14,7.945624,6.723823
501200,/content/drive/MyDrive/tag-polysemy/mtg-audio-low/00/501200.low.mp3,12,6.389527,2.203194
201478,/content/drive/MyDrive/tag-polysemy/mtg-audio-low/78/201478.low.mp3,10,7.4150596,0.75497997
1231676,/content/drive/MyDrive/tag-polysemy/mtg-audio-low/76/1231676.low.mp3,16,2.8031046,5.5206766
923463,/content/drive/MyDrive/tag-polysemy/mtg-audio-low/63/923463.low.mp3,1,1.3182579,6.5330105
118038,/content/drive/MyDrive/tag-polysemy/mtg-audio-low/38/118038.low.mp3,8,2.2554371,4.273788
259410,/content/drive/MyDrive/tag-polysemy/mtg-audio-low/10/259410.low.mp3,12,6.435053,0.9599445
1048227,/content/drive/MyDrive/tag-polysemy/mtg-audio-low/27/1048227.low.mp3,5,5.457453,2.9244714
356936,/content/drive/MyDrive/tag-polysemy/mtg-audio-low/36/356936.low.mp3,18,8.486889,4.818639
557860,/content/drive/MyDrive/tag-polysemy/mtg-audio-low/60/557860.low.mp3,14,8.145158,6.6835856
1320260,/content/drive/MyDrive/tag-polysemy/mtg-audio-low/60/1320260.low.mp3,2,9.358941,5.2458344
1142732,/content/drive/MyDrive/tag-polysemy/mtg-audio-low/32/1142732.low.mp3,14,8.632383,6.0090623
124027,/content/drive/MyDrive/tag-polysemy/mtg-audio-low/27/124027.low.mp3,14,8.393115,6.793387
1189874,/content/drive/MyDrive/tag-polysemy/mtg-audio-low/74/1189874.low.mp3,2,8.189791,2.1869977
1345837,/content/drive/MyDrive/tag-polysemy/mtg-audio-low/37/1345837.low.mp3,11,0.5168339,4.296795
1314124,/content/drive/MyDrive/tag-polysemy/mtg-audio-low/24/1314124.low.mp3,7,2.8928099,2.3111942
11536,/content/drive/MyDrive/tag-polysemy/mtg-audio-low/36/11536.low.mp3,14,8.513885,6.932577
1420464,/content/drive/MyDrive/tag-polysemy/mtg-audio-low/64/1420464.low.mp3,10,7.4926486,2.000591
704402,/content/drive/MyDrive/tag-polysemy/mtg-audio-low/02/704402.low.mp3,4,4.989156,1.7240636
1068955,/content/drive/MyDrive/tag-polysemy/mtg-audio-low/55/1068955.low.mp3,3,8.778959,5.4231052
1108960,/content/drive/MyDrive/tag-polysemy/mtg-audio-low/60/1108960.low.mp3,7,2.7053046,3.0238664
179538,/content/drive/MyDrive/tag-polysemy/mtg-audio-low/38/179538.low.mp3,0,10.368368,3.0777798
1265462,/content/drive/MyDrive/tag-polysemy/mtg-audio-low/62/1265462.low.mp3,3,9.763919,5.9635305
1036044,/content/drive/MyDrive/tag-polysemy/mtg-audio-low/44/1036044.low.mp3,2,8.358971,3.7102702
1343385,/content/drive/MyDrive/tag-polysemy/mtg-audio-low/85/1343385.low.mp3,18,6.4957647,2.2219725
779206,/content/drive/MyDrive/tag-polysemy/mtg-audio-low/06/779206.low.mp3,15,3.1606367,6.4772973
1128045,/content/drive/MyDrive/tag-polysemy/mtg-audio-low/45/1128045.low.mp3,15,3.0001922,6.0814695
260991,/content/drive/MyDrive/tag-polysemy/mtg-audio-low/91/260991.low.mp3,4,3.947023,1.6852801
1152622,/content/drive/MyDrive/tag-polysemy/mtg-audio-low/22/1152622.low.mp3,5,4.115601,4.860075
1347099,/content/drive/MyDrive/tag-polysemy/mtg-audio-low/99/1347099.low.mp3,3,9.242446,5.7641063
1114679,/content/drive/MyDrive/tag-polysemy/mtg-audio-low/79/1114679.low.mp3,12,6.2653913,1.5890772
173744,/content/drive/MyDrive/tag-polysemy/mtg-audio-low/44/173744.low.mp3,18,3.1888678,2.6279862
338463,/content/drive/MyDrive/tag-polysemy/mtg-audio-low/63/338463.low.mp3,9,7.2556024,2.0017903
1379097,/content/drive/MyDrive/tag-polysemy/mtg-audio-low/97/1379097.low.mp3,2,9.4548,5.4002256
345276,/content/drive/MyDrive/tag-polysemy/mtg-audio-low/76/345276.low.mp3,14,8.087688,7.178606
1178109,/content/drive/MyDrive/tag-polysemy/mtg-audio-low/09/1178109.low.mp3,11,1.1411935,4.7035103
1329934,/content/drive/MyDrive/tag-polysemy/mtg-audio-low/34/1329934.low.mp3,5,9.087177,5.467191
665086,/content/drive/MyDrive/tag-polysemy/mtg-audio-low/86/665086.low.mp3,17,1.3120095,3.0347662
1270573,/content/drive/MyDrive/tag-polysemy/mtg-audio-low/73/1270573.low.mp3,17,4.271073,5.774474
1075546,/content/drive/MyDrive/tag-polysemy/mtg-audio-low/46/1075546.low.mp3,9,4.045697,4.2748756
365605,/content/drive/MyDrive/tag-polysemy/mtg-audio-low/05/365605.low.mp3,13,5.9218946,1.6680299
170855,/content/drive/MyDrive/tag-polysemy/mtg-audio-low/55/170855.low.mp3,15,10.204753,6.683389
339421,/content/drive/MyDrive/tag-polysemy/mtg-audio-low/21/339421.low.mp3,6,7.0973544,6.935098
1146914,/content/drive/MyDrive/tag-polysemy/mtg-audio-low/14/1146914.low.mp3,12,6.3484263,0.60750204
493578,/content/drive/MyDrive/tag-polysemy/mtg-audio-low/78/493578.low.mp3,13,4.178362,3.3718371
1396695,/content/drive/MyDrive/tag-polysemy/mtg-audio-low/95/1396695.low.mp3,5,6.537334,3.1012619
1413880,/content/drive/MyDrive/tag-polysemy/mtg-audio-low/80/1413880.low.mp3,10,7.6623797,1.4402407
832386,/content/drive/MyDrive/tag-polysemy/mtg-audio-low/86/832386.low.mp3,15,3.0420694,6.2705207
36971,/content/drive/MyDrive/tag-polysemy/mtg-audio-low/71/36971.low.mp3,18,4.9480376,3.1380174
1089133,/content/drive/MyDrive/tag-polysemy/mtg-audio-low/33/1089133.low.mp3,10,7.623395,1.8454561
1110756,/content/drive/MyDrive/tag-polysemy/mtg-audio-low/56/1110756.low.mp3,13,4.995097,1.5053221
375189,/content/drive/MyDrive/tag-polysemy/mtg-audio-low/89/375189.low.mp3,13,4.4754624,3.9316986
479714,/content/drive/MyDrive/tag-polysemy/mtg-audio-low/14/479714.low.mp3,1,0.70297676,5.9211807
1222318,/content/drive/MyDrive/tag-polysemy/mtg-audio-low/18/1222318.low.mp3,5,4.445948,4.4275846
1179521,/content/drive/MyDrive/tag-polysemy/mtg-audio-low/21/1179521.low.mp3,16,4.395622,4.548209
1359336,/content/drive/MyDrive/tag-polysemy/mtg-audio-low/36/1359336.low.mp3,12,6.575903,0.21049483
1101291,/content/drive/MyDrive/tag-polysemy/mtg-audio-low/91/1101291.low.mp3,8,1.7734332,4.5925574
1371084,/content/drive/MyDrive/tag-polysemy/mtg-audio-low/84/1371084.low.mp3,13,5.62819,2.484843
175338,/content/drive/MyDrive/tag-polysemy/mtg-audio-low/38/175338.low.mp3,6,8.2582445,6.8320436
1290559,/content/drive/MyDrive/tag-polysemy/mtg-audio-low/59/1290559.low.mp3,5,5.198628,5.16071
1407662,/content/drive/MyDrive/tag-polysemy/mtg-audio-low/62/1407662.low.mp3,5,4.755117,5.3591795
283620,/content/drive/MyDrive/tag-polysemy/mtg-audio-low/20/283620.low.mp3,17,4.138921,6.0429397
1266900,/content/drive/MyDrive/tag-polysemy/mtg-audio-low/00/1266900.low.mp3,15,3.5634851,6.285667
1414162,/content/drive/MyDrive/tag-polysemy/mtg-audio-low/62/1414162.low.mp3,10,7.2766314,1.9015775
719316,/content/drive/MyDrive/tag-polysemy/mtg-audio-low/16/719316.low.mp3,5,3.4778452,2.6999388
604301,/content/drive/MyDrive/tag-polysemy/mtg-audio-low/01/604301.low.mp3,6,7.2214737,6.898515
1023274,/content/drive/MyDrive/tag-polysemy/mtg-audio-low/74/1023274.low.mp3,1,0.8720386,6.3231664
1223286,/content/drive/MyDrive/tag-polysemy/mtg-audio-low/86/1223286.low.mp3,10,8.105183,2.1421733
532922,/content/drive/MyDrive/tag-polysemy/mtg-audio-low/22/532922.low.mp3,19,5.0065107,2.141567
1306014,/content/drive/MyDrive/tag-polysemy/mtg-audio-low/14/1306014.low.mp3,3,10.10915,6.0977306
16000,/content/drive/MyDrive/tag-polysemy/mtg-audio-low/00/16000.low.mp3,6,8.037577,6.9326744
47049,/content/drive/MyDrive/tag-polysemy/mtg-audio-low/49/47049.low.mp3,6,8.246043,6.595482
1198541,/content/drive/MyDrive/tag-polysemy/mtg-audio-low/41/1198541.low.mp3,10,6.954243,1.8068846
1109891,/content/drive/MyDrive/tag-polysemy/mtg-audio-low/91/1109891.low.mp3,8,4.02101,3.9596837
518469,/content/drive/MyDrive/tag-polysemy/mtg-audio-low/69/518469.low.mp3,14,8.867457,6.096073
1081691,/content/drive/MyDrive/tag-polysemy/mtg-audio-low/91/1081691.low.mp3,18,4.9490623,2.8521554
1235601,/content/drive/MyDrive/tag-polysemy/mtg-audio-low/01/1235601.low.mp3,1,0.47907683,5.872486
1414709,/content/drive/MyDrive/tag-polysemy/mtg-audio-low/09/1414709.low.mp3,8,6.090685,1.6229053
200176,/content/drive/MyDrive/tag-polysemy/mtg-audio-low/76/200176.low.mp3,11,-0.31006506,3.000801
1381316,/content/drive/MyDrive/tag-polysemy/mtg-audio-low/16/1381316.low.mp3,6,7.032759,6.4350533
1132803,/content/drive/MyDrive/tag-polysemy/mtg-audio-low/03/1132803.low.mp3,11,0.19510655,3.2518764
420763,/content/drive/MyDrive/tag-polysemy/mtg-audio-low/63/420763.low.mp3,16,5.296576,6.094488
1385289,/content/drive/MyDrive/tag-polysemy/mtg-audio-low/89/1385289.low.mp3,13,5.4045577,1.0822122
1069596,/content/drive/MyDrive/tag-polysemy/mtg-audio-low/96/1069596.low.mp3,12,6.28676,2.0847332
1077144,/content/drive/MyDrive/tag-polysemy/mtg-audio-low/44/1077144.low.mp3,9,10.5031185,3.8341374
644172,/content/drive/MyDrive/tag-polysemy/mtg-audio-low/72/644172.low.mp3,2,9.261857,5.0899925
1410642,/content/drive/MyDrive/tag-polysemy/mtg-audio-low/42/1410642.low.mp3,1,1.5088314,6.4440413
915926,/content/drive/MyDrive/tag-polysemy/mtg-audio-low/26/915926.low.mp3,13,7.6536756,3.1470373
1273395,/content/drive/MyDrive/tag-polysemy/mtg-audio-low/95/1273395.low.mp3,2,8.089492,1.889843
367785,/content/drive/MyDrive/tag-polysemy/mtg-audio-low/85/367785.low.mp3,19,5.0574675,3.4320662
273124,/content/drive/MyDrive/tag-polysemy/mtg-audio-low/24/273124.low.mp3,0,6.665863,3.7115986
22063,/content/drive/MyDrive/tag-polysemy/mtg-audio-low/63/22063.low.mp3,6,7.841434,7.0905495
420970,/content/drive/MyDrive/tag-polysemy/mtg-audio-low/70/420970.low.mp3,10,6.9001317,2.7515512
1125660,/content/drive/MyDrive/tag-polysemy/mtg-audio-low/60/1125660.low.mp3,16,3.5685253,4.4393487
1284732,/content/drive/MyDrive/tag-polysemy/mtg-audio-low/32/1284732.low.mp3,16,5.9318466,6.0032644
1115108,/content/drive/MyDrive/tag-polysemy/mtg-audio-low/08/1115108.low.mp3,0,10.263842,3.1574056
1329476,/content/drive/MyDrive/tag-polysemy/mtg-audio-low/76/1329476.low.mp3,5,4.9907055,5.426955
283556,/content/drive/MyDrive/tag-polysemy/mtg-audio-low/56/283556.low.mp3,15,4.6978154,5.8694334
1134647,/content/drive/MyDrive/tag-polysemy/mtg-audio-low/47/1134647.low.mp3,14,8.463051,6.8038397
1106793,/content/drive/MyDrive/tag-polysemy/mtg-audio-low/93/1106793.low.mp3,5,4.8571596,3.990175
1112033,/content/drive/MyDrive/tag-polysemy/mtg-audio-low/33/1112033.low.mp3,1,1.2778313,5.616594
1400505,/content/drive/MyDrive/tag-polysemy/mtg-audio-low/05/1400505.low.mp3,1,1.0528431,5.622464
338375,/content/drive/MyDrive/tag-polysemy/mtg-audio-low/75/338375.low.mp3,3,10.565294,6.6046586
1048229,/content/drive/MyDrive/tag-polysemy/mtg-audio-low/29/1048229.low.mp3,8,1.4722605,3.856249
765019,/content/drive/MyDrive/tag-polysemy/mtg-audio-low/19/765019.low.mp3,4,6.2421002,1.0847365
1090528,/content/drive/MyDrive/tag-polysemy/mtg-audio-low/28/1090528.low.mp3,5,5.2832747,4.1004386
967236,/content/drive/MyDrive/tag-polysemy/mtg-audio-low/36/967236.low.mp3,9,10.4808035,4.2965837
1135243,/content/drive/MyDrive/tag-polysemy/mtg-audio-low/43/1135243.low.mp3,19,3.6756728,4.5046706
398475,/content/drive/MyDrive/tag-polysemy/mtg-audio-low/75/398475.low.mp3,6,7.9166646,6.8021827
330267,/content/drive/MyDrive/tag-polysemy/mtg-audio-low/67/330267.low.mp3,18,5.383183,2.8829634
1393406,/content/drive/MyDrive/tag-polysemy/mtg-audio-low/06/1393406.low.mp3,6,6.74763,6.317096
1267776,/content/drive/MyDrive/tag-polysemy/mtg-audio-low/76/1267776.low.mp3,11,6.9587564,3.220973
172416,/content/drive/MyDrive/tag-polysemy/mtg-audio-low/16/172416.low.mp3,6,8.13294,6.981947
1142628,/content/drive/MyDrive/tag-polysemy/mtg-audio-low/28/1142628.low.mp3,1,0.63551503,6.170195
799226,/content/drive/MyDrive/tag-polysemy/mtg-audio-low/26/799226.low.mp3,11,1.032573,3.3374813
1400690,/content/drive/MyDrive/tag-polysemy/mtg-audio-low/90/1400690.low.mp3,1,0.41555712,6.0456433
1420445,/content/drive/MyDrive/tag-polysemy/mtg-audio-low/45/1420445.low.mp3,10,6.841336,1.5692413
1299812,/content/drive/MyDrive/tag-polysemy/mtg-audio-low/12/1299812.low.mp3,19,4.440009,3.3666286
429928,/content/drive/MyDrive/tag-polysemy/mtg-audio-low/28/429928.low.mp3,14,8.186343,7.155009
1341308,/content/drive/MyDrive/tag-polysemy/mtg-audio-low/08/1341308.low.mp3,5,5.4203534,3.8313854
1029909,/content/drive/MyDrive/tag-polysemy/mtg-audio-low/09/1029909.low.mp3,7,2.4412854,2.464934
12112,/content/drive/MyDrive/tag-polysemy/mtg-audio-low/12/12112.low.mp3,13,5.1902885,1.679519
508363,/content/drive/MyDrive/tag-polysemy/mtg-audio-low/63/508363.low.mp3,11,0.3391252,4.1884103
123798,/content/drive/MyDrive/tag-polysemy/mtg-audio-low/98/123798.low.mp3,7,2.8261847,2.8103049
1133268,/content/drive/MyDrive/tag-polysemy/mtg-audio-low/68/1133268.low.mp3,11,0.069652095,2.9427745
1203364,/content/drive/MyDrive/tag-polysemy/mtg-audio-low/64/1203364.low.mp3,3,9.760234,5.5498466
1227372,/content/drive/MyDrive/tag-polysemy/mtg-audio-low/72/1227372.low.mp3,5,5.8277917,3.998209
40278,/content/drive/MyDrive/tag-polysemy/mtg-audio-low/78/40278.low.mp3,7,2.6988533,3.388697
23821,/content/drive/MyDrive/tag-polysemy/mtg-audio-low/21/23821.low.mp3,7,2.7717528,2.6402812
725818,/content/drive/MyDrive/tag-polysemy/mtg-audio-low/18/725818.low.mp3,16,3.7579787,5.5733466
1358872,/content/drive/MyDrive/tag-polysemy/mtg-audio-low/72/1358872.low.mp3,10,6.904564,1.5107648
1084251,/content/drive/MyDrive/tag-polysemy/mtg-audio-low/51/1084251.low.mp3,1,1.7734243,4.8129582
1072233,/content/drive/MyDrive/tag-polysemy/mtg-audio-low/33/1072233.low.mp3,3,8.730584,5.0956
5341,/content/drive/MyDrive/tag-polysemy/mtg-audio-low/41/5341.low.mp3,6,4.693708,1.206687
679803,/content/drive/MyDrive/tag-polysemy/mtg-audio-low/03/679803.low.mp3,19,5.1617947,4.4968514
1061436,/content/drive/MyDrive/tag-polysemy/mtg-audio-low/36/1061436.low.mp3,14,6.0686407,5.620977
82882,/content/drive/MyDrive/tag-polysemy/mtg-audio-low/82/82882.low.mp3,8,3.851782,4.01386
1404305,/content/drive/MyDrive/tag-polysemy/mtg-audio-low/05/1404305.low.mp3,17,4.6365156,4.016824
37999,/content/drive/MyDrive/tag-polysemy/mtg-audio-low/99/37999.low.mp3,3,10.261099,6.3098726
361348,/content/drive/MyDrive/tag-polysemy/mtg-audio-low/48/361348.low.mp3,8,6.42048,0.7314635
1250051,/content/drive/MyDrive/tag-polysemy/mtg-audio-low/51/1250051.low.mp3,10,6.9469724,1.3436747
439630,/content/drive/MyDrive/tag-polysemy/mtg-audio-low/30/439630.low.mp3,16,6.0394254,5.977194
1371549,/content/drive/MyDrive/tag-polysemy/mtg-audio-low/49/1371549.low.mp3,4,5.89179,0.3556841
653321,/content/drive/MyDrive/tag-polysemy/mtg-audio-low/21/653321.low.mp3,3,9.903982,6.1712346
1371039,/content/drive/MyDrive/tag-polysemy/mtg-audio-low/39/1371039.low.mp3,19,6.1090436,1.358737
1063873,/content/drive/MyDrive/tag-polysemy/mtg-audio-low/73/1063873.low.mp3,8,2.1595771,4.4430213
1350668,/content/drive/MyDrive/tag-polysemy/mtg-audio-low/68/1350668.low.mp3,5,5.246172,3.1694608
1089269,/content/drive/MyDrive/tag-polysemy/mtg-audio-low/69/1089269.low.mp3,7,0.4112812,4.1929107
1303239,/content/drive/MyDrive/tag-polysemy/mtg-audio-low/39/1303239.low.mp3,16,5.67366,6.148232
1261197,/content/drive/MyDrive/tag-polysemy/mtg-audio-low/97/1261197.low.mp3,11,0.09032675,3.8947575
1306034,/content/drive/MyDrive/tag-polysemy/mtg-audio-low/34/1306034.low.mp3,7,5.202735,2.5022826
36235,/content/drive/MyDrive/tag-polysemy/mtg-audio-low/35/36235.low.mp3,13,5.1552105,1.6584331
26042,/content/drive/MyDrive/tag-polysemy/mtg-audio-low/42/26042.low.mp3,3,10.48617,6.0949216
1124377,/content/drive/MyDrive/tag-polysemy/mtg-audio-low/77/1124377.low.mp3,13,5.2522936,2.2067573
130593,/content/drive/MyDrive/tag-polysemy/mtg-audio-low/93/130593.low.mp3,7,2.6171815,2.058503
1284342,/content/drive/MyDrive/tag-polysemy/mtg-audio-low/42/1284342.low.mp3,16,5.721117,5.006503
312919,/content/drive/MyDrive/tag-polysemy/mtg-audio-low/19/312919.low.mp3,9,10.649272,4.8782682
6606,/content/drive/MyDrive/tag-polysemy/mtg-audio-low/06/6606.low.mp3,3,9.729905,5.816333
335384,/content/drive/MyDrive/tag-polysemy/mtg-audio-low/84/335384.low.mp3,5,5.2787623,3.8199637
1385620,/content/drive/MyDrive/tag-polysemy/mtg-audio-low/20/1385620.low.mp3,18,3.3835483,2.1824286
1105872,/content/drive/MyDrive/tag-polysemy/mtg-audio-low/72/1105872.low.mp3,10,7.58614,1.6135879
443981,/content/drive/MyDrive/tag-polysemy/mtg-audio-low/81/443981.low.mp3,3,8.126544,3.1238508
707020,/content/drive/MyDrive/tag-polysemy/mtg-audio-low/20/707020.low.mp3,15,2.3291597,5.65523
1115102,/content/drive/MyDrive/tag-polysemy/mtg-audio-low/02/1115102.low.mp3,2,8.515595,3.7840996
1210718,/content/drive/MyDrive/tag-polysemy/mtg-audio-low/18/1210718.low.mp3,4,5.950832,1.3406949
45929,/content/drive/MyDrive/tag-polysemy/mtg-audio-low/29/45929.low.mp3,15,4.6324406,5.7200265
1244443,/content/drive/MyDrive/tag-polysemy/mtg-audio-low/43/1244443.low.mp3,19,6.3545527,3.8070545
711270,/content/drive/MyDrive/tag-polysemy/mtg-audio-low/70/711270.low.mp3,0,6.258994,3.531313
645218,/content/drive/MyDrive/tag-polysemy/mtg-audio-low/18/645218.low.mp3,19,5.360391,3.021147
1272520,/content/drive/MyDrive/tag-polysemy/mtg-audio-low/20/1272520.low.mp3,15,3.3530295,6.5577846
246820,/content/drive/MyDrive/tag-polysemy/mtg-audio-low/20/246820.low.mp3,2,9.165643,5.073372
270070,/content/drive/MyDrive/tag-polysemy/mtg-audio-low/70/270070.low.mp3,15,2.7844863,5.8312635
1312908,/content/drive/MyDrive/tag-polysemy/mtg-audio-low/08/1312908.low.mp3,2,8.209697,2.69799
336144,/content/drive/MyDrive/tag-polysemy/mtg-audio-low/44/336144.low.mp3,15,3.1803486,6.4700108
1182573,/content/drive/MyDrive/tag-polysemy/mtg-audio-low/73/1182573.low.mp3,18,2.427052,3.2129216
1240866,/content/drive/MyDrive/tag-polysemy/mtg-audio-low/66/1240866.low.mp3,14,6.6695933,5.6939273
421695,/content/drive/MyDrive/tag-polysemy/mtg-audio-low/95/421695.low.mp3,19,5.3145294,3.2844083
1219878,/content/drive/MyDrive/tag-polysemy/mtg-audio-low/78/1219878.low.mp3,8,1.2817799,3.7386584
92051,/content/drive/MyDrive/tag-polysemy/mtg-audio-low/51/92051.low.mp3,12,6.404706,2.657241
556377,/content/drive/MyDrive/tag-polysemy/mtg-audio-low/77/556377.low.mp3,0,6.5526676,3.560108
1058217,/content/drive/MyDrive/tag-polysemy/mtg-audio-low/17/1058217.low.mp3,18,1.3285947,4.572764
1002000,/content/drive/MyDrive/tag-polysemy/mtg-audio-low/00/1002000.low.mp3,0,6.34046,3.6747491
1304758,/content/drive/MyDrive/tag-polysemy/mtg-audio-low/58/1304758.low.mp3,10,6.6116214,0.8499158
136851,/content/drive/MyDrive/tag-polysemy/mtg-audio-low/51/136851.low.mp3,1,0.69157875,5.713512
155512,/content/drive/MyDrive/tag-polysemy/mtg-audio-low/12/155512.low.mp3,7,0.5469951,5.490182
1185650,/content/drive/MyDrive/tag-polysemy/mtg-audio-low/50/1185650.low.mp3,0,9.921769,3.48756
215576,/content/drive/MyDrive/tag-polysemy/mtg-audio-low/76/215576.low.mp3,17,1.5395387,3.8401105
332329,/content/drive/MyDrive/tag-polysemy/mtg-audio-low/29/332329.low.mp3,16,6.6381454,6.344471
1148386,/content/drive/MyDrive/tag-polysemy/mtg-audio-low/86/1148386.low.mp3,17,9.981797,5.557603
1134022,/content/drive/MyDrive/tag-polysemy/mtg-audio-low/22/1134022.low.mp3,14,9.291405,6.1629987
395470,/content/drive/MyDrive/tag-polysemy/mtg-audio-low/70/395470.low.mp3,9,6.6701894,1.6317302
1400515,/content/drive/MyDrive/tag-polysemy/mtg-audio-low/15/1400515.low.mp3,8,4.5291142,3.184162
1361472,/content/drive/MyDrive/tag-polysemy/mtg-audio-low/72/1361472.low.mp3,0,6.468492,3.7505054
1224761,/content/drive/MyDrive/tag-polysemy/mtg-audio-low/61/1224761.low.mp3,19,4.961495,2.5572774
1389168,/content/drive/MyDrive/tag-polysemy/mtg-audio-low/68/1389168.low.mp3,15,2.646291,5.845741
1107314,/content/drive/MyDrive/tag-polysemy/mtg-audio-low/14/1107314.low.mp3,9,10.085937,4.862532
1347009,/content/drive/MyDrive/tag-polysemy/mtg-audio-low/09/1347009.low.mp3,11,0.2819345,3.1098497
172415,/content/drive/MyDrive/tag-polysemy/mtg-audio-low/15/172415.low.mp3,13,10.171021,5.6226377
399355,/content/drive/MyDrive/tag-polysemy/mtg-audio-low/55/399355.low.mp3,8,2.221167,3.720698
111043,/content/drive/MyDrive/tag-polysemy/mtg-audio-low/43/111043.low.mp3,16,4.797849,5.439498
1340251,/content/drive/MyDrive/tag-polysemy/mtg-audio-low/51/1340251.low.mp3,15,2.987203,6.195992
1289135,/content/drive/MyDrive/tag-polysemy/mtg-audio-low/35/1289135.low.mp3,1,0.7348304,5.9840727
728926,/content/drive/MyDrive/tag-polysemy/mtg-audio-low/26/728926.low.mp3,19,6.0417914,2.4964318
1239113,/content/drive/MyDrive/tag-polysemy/mtg-audio-low/13/1239113.low.mp3,8,2.1592813,4.6573915
979864,/content/drive/MyDrive/tag-polysemy/mtg-audio-low/64/979864.low.mp3,18,3.1734436,2.2001748
1256679,/content/drive/MyDrive/tag-polysemy/mtg-audio-low/79/1256679.low.mp3,0,6.97523,2.8586175
1032332,/content/drive/MyDrive/tag-polysemy/mtg-audio-low/32/1032332.low.mp3,6,8.123112,6.4976153
616365,/content/drive/MyDrive/tag-polysemy/mtg-audio-low/65/616365.low.mp3,7,2.3768766,4.1175585
24849,/content/drive/MyDrive/tag-polysemy/mtg-audio-low/49/24849.low.mp3,14,6.3244658,5.6974688
1348884,/content/drive/MyDrive/tag-polysemy/mtg-audio-low/84/1348884.low.mp3,12,6.6580515,1.7802252
1260047,/content/drive/MyDrive/tag-polysemy/mtg-audio-low/47/1260047.low.mp3,4,6.212898,0.5015385
1115101,/content/drive/MyDrive/tag-polysemy/mtg-audio-low/01/1115101.low.mp3,0,9.876478,3.1074038
1317836,/content/drive/MyDrive/tag-polysemy/mtg-audio-low/36/1317836.low.mp3,19,6.1272564,2.4510748
1315723,/content/drive/MyDrive/tag-polysemy/mtg-audio-low/23/1315723.low.mp3,19,6.246094,2.173033
1056504,/content/drive/MyDrive/tag-polysemy/mtg-audio-low/04/1056504.low.mp3,6,6.9083424,6.6477404
1066203,/content/drive/MyDrive/tag-polysemy/mtg-audio-low/03/1066203.low.mp3,18,1.451586,4.386296
474042,/content/drive/MyDrive/tag-polysemy/mtg-audio-low/42/474042.low.mp3,12,6.5818405,0.37247866
1116923,/content/drive/MyDrive/tag-polysemy/mtg-audio-low/23/1116923.low.mp3,2,9.1487055,5.3710294
1108989,/content/drive/MyDrive/tag-polysemy/mtg-audio-low/89/1108989.low.mp3,18,3.2993572,2.564029
1169429,/content/drive/MyDrive/tag-polysemy/mtg-audio-low/29/1169429.low.mp3,18,3.375849,1.8139251
258389,/content/drive/MyDrive/tag-polysemy/mtg-audio-low/89/258389.low.mp3,18,3.4356515,2.6967745
331392,/content/drive/MyDrive/tag-polysemy/mtg-audio-low/92/331392.low.mp3,13,5.978051,2.4471674
1283754,/content/drive/MyDrive/tag-polysemy/mtg-audio-low/54/1283754.low.mp3,5,5.615332,4.311935
1219212,/content/drive/MyDrive/tag-polysemy/mtg-audio-low/12/1219212.low.mp3,0,10.235074,3.2059393
947019,/content/drive/MyDrive/tag-polysemy/mtg-audio-low/19/947019.low.mp3,7,2.163068,3.2613246
91925,/content/drive/MyDrive/tag-polysemy/mtg-audio-low/25/91925.low.mp3,1,0.5291765,5.6662674
297028,/content/drive/MyDrive/tag-polysemy/mtg-audio-low/28/297028.low.mp3,11,-0.11992041,3.1149518
11001,/content/drive/MyDrive/tag-polysemy/mtg-audio-low/01/11001.low.mp3,13,5.7080398,1.7741652
1412469,/content/drive/MyDrive/tag-polysemy/mtg-audio-low/69/1412469.low.mp3,15,3.6533523,6.4398227
1388767,/content/drive/MyDrive/tag-polysemy/mtg-audio-low/67/1388767.low.mp3,8,1.7270378,3.8296118
1188191,/content/drive/MyDrive/tag-polysemy/mtg-audio-low/91/1188191.low.mp3,16,3.1137362,4.8157797
1321294,/content/drive/MyDrive/tag-polysemy/mtg-audio-low/94/1321294.low.mp3,9,10.548281,4.3648105
373056,/content/drive/MyDrive/tag-polysemy/mtg-audio-low/56/373056.low.mp3,1,1.3080072,6.5942593
376459,/content/drive/MyDrive/tag-polysemy/mtg-audio-low/59/376459.low.mp3,4,6.3563485,1.1506119
1273392,/content/drive/MyDrive/tag-polysemy/mtg-audio-low/92/1273392.low.mp3,13,5.862611,2.6845696
797631,/content/drive/MyDrive/tag-polysemy/mtg-audio-low/31/797631.low.mp3,15,2.8982124,6.258997
1340797,/content/drive/MyDrive/tag-polysemy/mtg-audio-low/97/1340797.low.mp3,12,6.783549,1.9824532
1399751,/content/drive/MyDrive/tag-polysemy/mtg-audio-low/51/1399751.low.mp3,7,2.6593797,2.2118556
1109876,/content/drive/MyDrive/tag-polysemy/mtg-audio-low/76/1109876.low.mp3,2,8.169607,1.9349444
1001115,/content/drive/MyDrive/tag-polysemy/mtg-audio-low/15/1001115.low.mp3,14,6.074276,5.4374585
347600,/content/drive/MyDrive/tag-polysemy/mtg-audio-low/00/347600.low.mp3,3,9.137911,5.8161197
1348327,/content/drive/MyDrive/tag-polysemy/mtg-audio-low/27/1348327.low.mp3,11,1.4928797,4.519742
856985,/content/drive/MyDrive/tag-polysemy/mtg-audio-low/85/856985.low.mp3,8,2.1453738,5.4667473
434102,/content/drive/MyDrive/tag-polysemy/mtg-audio-low/02/434102.low.mp3,10,7.1294513,0.5623572
1399814,/content/drive/MyDrive/tag-polysemy/mtg-audio-low/14/1399814.low.mp3,7,2.7869408,2.2441282
1240863,/content/drive/MyDrive/tag-polysemy/mtg-audio-low/63/1240863.low.mp3,12,7.8305693,2.0161746
1186926,/content/drive/MyDrive/tag-polysemy/mtg-audio-low/26/1186926.low.mp3,16,2.7586327,5.633908
350217,/content/drive/MyDrive/tag-polysemy/mtg-audio-low/17/350217.low.mp3,6,7.4372296,7.0850797
3683,/content/drive/MyDrive/tag-polysemy/mtg-audio-low/83/3683.low.mp3,19,-0.33449936,3.004652
490363,/content/drive/MyDrive/tag-polysemy/mtg-audio-low/63/490363.low.mp3,12,6.352019,0.42893985
15470,/content/drive/MyDrive/tag-polysemy/mtg-audio-low/70/15470.low.mp3,9,10.361758,4.6308613
14737,/content/drive/MyDrive/tag-polysemy/mtg-audio-low/37/14737.low.mp3,12,6.2435246,0.7055108
45241,/content/drive/MyDrive/tag-polysemy/mtg-audio-low/41/45241.low.mp3,4,5.70235,1.1295987
1217364,/content/drive/MyDrive/tag-polysemy/mtg-audio-low/64/1217364.low.mp3,9,5.4979625,3.4004214
1087641,/content/drive/MyDrive/tag-polysemy/mtg-audio-low/41/1087641.low.mp3,11,0.72796285,4.391091
1273068,/content/drive/MyDrive/tag-polysemy/mtg-audio-low/68/1273068.low.mp3,8,1.2909397,3.5001976
1312508,/content/drive/MyDrive/tag-polysemy/mtg-audio-low/08/1312508.low.mp3,5,5.2004194,5.092815
20592,/content/drive/MyDrive/tag-polysemy/mtg-audio-low/92/20592.low.mp3,2,7.852679,7.016707
998122,/content/drive/MyDrive/tag-polysemy/mtg-audio-low/22/998122.low.mp3,10,7.488928,2.0230868
1400159,/content/drive/MyDrive/tag-polysemy/mtg-audio-low/59/1400159.low.mp3,17,7.190851,4.006575
1397824,/content/drive/MyDrive/tag-polysemy/mtg-audio-low/24/1397824.low.mp3,6,7.2482057,6.9564314
747441,/content/drive/MyDrive/tag-polysemy/mtg-audio-low/41/747441.low.mp3,16,3.229632,3.6939752
617287,/content/drive/MyDrive/tag-polysemy/mtg-audio-low/87/617287.low.mp3,7,2.2771258,2.700317
1190617,/content/drive/MyDrive/tag-polysemy/mtg-audio-low/17/1190617.low.mp3,4,4.7460413,1.5678463
1196505,/content/drive/MyDrive/tag-polysemy/mtg-audio-low/05/1196505.low.mp3,10,7.3994665,0.99030054
204019,/content/drive/MyDrive/tag-polysemy/mtg-audio-low/19/204019.low.mp3,15,1.0167563,5.304828
1271785,/content/drive/MyDrive/tag-polysemy/mtg-audio-low/85/1271785.low.mp3,11,-0.26912993,2.8682325
104915,/content/drive/MyDrive/tag-polysemy/mtg-audio-low/15/104915.low.mp3,6,7.3599343,7.075619
1105859,/content/drive/MyDrive/tag-polysemy/mtg-audio-low/59/1105859.low.mp3,2,8.255946,2.2493844
192411,/content/drive/MyDrive/tag-polysemy/mtg-audio-low/11/192411.low.mp3,3,10.550457,6.626606
979870,/content/drive/MyDrive/tag-polysemy/mtg-audio-low/70/979870.low.mp3,8,2.5139565,4.16476
258360,/content/drive/MyDrive/tag-polysemy/mtg-audio-low/60/258360.low.mp3,15,3.4581678,6.2281647
1250070,/content/drive/MyDrive/tag-polysemy/mtg-audio-low/70/1250070.low.mp3,5,5.2077923,5.2083845
136803,/content/drive/MyDrive/tag-polysemy/mtg-audio-low/03/136803.low.mp3,10,7.3423862,2.2510655
1045371,/content/drive/MyDrive/tag-polysemy/mtg-audio-low/71/1045371.low.mp3,17,4.4317036,5.5232077
973237,/content/drive/MyDrive/tag-polysemy/mtg-audio-low/37/973237.low.mp3,11,-0.32781807,2.9974024
759872,/content/drive/MyDrive/tag-polysemy/mtg-audio-low/72/759872.low.mp3,3,7.7232084,3.9512453
1155014,/content/drive/MyDrive/tag-polysemy/mtg-audio-low/14/1155014.low.mp3,13,3.1963642,3.80702
1270604,/content/drive/MyDrive/tag-polysemy/mtg-audio-low/04/1270604.low.mp3,17,4.075968,5.788192
1405034,/content/drive/MyDrive/tag-polysemy/mtg-audio-low/34/1405034.low.mp3,3,9.899562,5.7223253
289495,/content/drive/MyDrive/tag-polysemy/mtg-audio-low/95/289495.low.mp3,14,8.866562,6.507661
776898,/content/drive/MyDrive/tag-polysemy/mtg-audio-low/98/776898.low.mp3,5,5.055174,4.890212
1329330,/content/drive/MyDrive/tag-polysemy/mtg-audio-low/30/1329330.low.mp3,0,10.194465,3.1821249
839543,/content/drive/MyDrive/tag-polysemy/mtg-audio-low/43/839543.low.mp3,19,6.2098856,3.6939442
16752,/content/drive/MyDrive/tag-polysemy/mtg-audio-low/52/16752.low.mp3,13,3.5388384,3.4523394
47002,/content/drive/MyDrive/tag-polysemy/mtg-audio-low/02/47002.low.mp3,4,1.0054262,5.285332
393965,/content/drive/MyDrive/tag-polysemy/mtg-audio-low/65/393965.low.mp3,12,5.475161,1.069637
1175860,/content/drive/MyDrive/tag-polysemy/mtg-audio-low/60/1175860.low.mp3,5,4.683452,5.5570292
39248,/content/drive/MyDrive/tag-polysemy/mtg-audio-low/48/39248.low.mp3,4,5.629867,1.0005208
145371,/content/drive/MyDrive/tag-polysemy/mtg-audio-low/71/145371.low.mp3,15,10.424821,5.8802633
20742,/content/drive/MyDrive/tag-polysemy/mtg-audio-low/42/20742.low.mp3,5,5.0737643,4.578306
22826,/content/drive/MyDrive/tag-polysemy/mtg-audio-low/26/22826.low.mp3,19,5.470132,2.8025162
686006,/content/drive/MyDrive/tag-polysemy/mtg-audio-low/06/686006.low.mp3,4,5.0604134,1.5871785
890578,/content/drive/MyDrive/tag-polysemy/mtg-audio-low/78/890578.low.mp3,3,10.401637,6.4274483
1250032,/content/drive/MyDrive/tag-polysemy/mtg-audio-low/32/1250032.low.mp3,0,7.866169,2.5595329
1173766,/content/drive/MyDrive/tag-polysemy/mtg-audio-low/66/1173766.low.mp3,14,8.944446,6.470015
12855,/content/drive/MyDrive/tag-polysemy/mtg-audio-low/55/12855.low.mp3,6,8.612286,6.432212
1381913,/content/drive/MyDrive/tag-polysemy/mtg-audio-low/13/1381913.low.mp3,15,2.7047741,5.644336
1346772,/content/drive/MyDrive/tag-polysemy/mtg-audio-low/72/1346772.low.mp3,2,6.6079106,3.9040956
1372079,/content/drive/MyDrive/tag-polysemy/mtg-audio-low/79/1372079.low.mp3,13,5.881364,4.950661
260295,/content/drive/MyDrive/tag-polysemy/mtg-audio-low/95/260295.low.mp3,5,6.094707,5.519806
380635,/content/drive/MyDrive/tag-polysemy/mtg-audio-low/35/380635.low.mp3,16,9.775692,6.5932393
394064,/content/drive/MyDrive/tag-polysemy/mtg-audio-low/64/394064.low.mp3,2,9.677247,5.3480678
179684,/content/drive/MyDrive/tag-polysemy/mtg-audio-low/84/179684.low.mp3,0,6.385153,3.6394222
523241,/content/drive/MyDrive/tag-polysemy/mtg-audio-low/41/523241.low.mp3,0,6.29988,3.280508
149627,/content/drive/MyDrive/tag-polysemy/mtg-audio-low/27/149627.low.mp3,16,6.6821356,6.3884616
313067,/content/drive/MyDrive/tag-polysemy/mtg-audio-low/67/313067.low.mp3,10,5.93206,2.5311897
1240602,/content/drive/MyDrive/tag-polysemy/mtg-audio-low/02/1240602.low.mp3,8,2.712649,4.759414
23008,/content/drive/MyDrive/tag-polysemy/mtg-audio-low/08/23008.low.mp3,4,5.3901215,1.7612736
1327283,/content/drive/MyDrive/tag-polysemy/mtg-audio-low/83/1327283.low.mp3,4,5.089616,2.0980294
1110555,/content/drive/MyDrive/tag-polysemy/mtg-audio-low/55/1110555.low.mp3,13,1.4484437,5.352457
1289382,/content/drive/MyDrive/tag-polysemy/mtg-audio-low/82/1289382.low.mp3,6,7.266284,5.934687
1050079,/content/drive/MyDrive/tag-polysemy/mtg-audio-low/79/1050079.low.mp3,7,1.2957995,4.313171
379330,/content/drive/MyDrive/tag-polysemy/mtg-audio-low/30/379330.low.mp3,0,6.3594723,3.52315
1218088,/content/drive/MyDrive/tag-polysemy/mtg-audio-low/88/1218088.low.mp3,10,7.6972585,0.80700576
1420545,/content/drive/MyDrive/tag-polysemy/mtg-audio-low/45/1420545.low.mp3,19,5.643529,3.4937053
1150048,/content/drive/MyDrive/tag-polysemy/mtg-audio-low/48/1150048.low.mp3,7,2.2459738,2.7589629
1310521,/content/drive/MyDrive/tag-polysemy/mtg-audio-low/21/1310521.low.mp3,10,6.4982185,2.4655912
1166262,/content/drive/MyDrive/tag-polysemy/mtg-audio-low/62/1166262.low.mp3,11,1.2145104,4.9644384
1321486,/content/drive/MyDrive/tag-polysemy/mtg-audio-low/86/1321486.low.mp3,7,3.1985834,2.267179
1245723,/content/drive/MyDrive/tag-polysemy/mtg-audio-low/23/1245723.low.mp3,4,6.475991,0.3086362
1251049,/content/drive/MyDrive/tag-polysemy/mtg-audio-low/49/1251049.low.mp3,8,9.695107,4.479929
1354792,/content/drive/MyDrive/tag-polysemy/mtg-audio-low/92/1354792.low.mp3,2,9.641962,5.237008
1066145,/content/drive/MyDrive/tag-polysemy/mtg-audio-low/45/1066145.low.mp3,19,7.2617226,1.530059
18080,/content/drive/MyDrive/tag-polysemy/mtg-audio-low/80/18080.low.mp3,13,6.103674,1.169075
148589,/content/drive/MyDrive/tag-polysemy/mtg-audio-low/89/148589.low.mp3,14,7.5051713,6.1603737
1353248,/content/drive/MyDrive/tag-polysemy/mtg-audio-low/48/1353248.low.mp3,10,7.0864096,2.8596826
117106,/content/drive/MyDrive/tag-polysemy/mtg-audio-low/06/117106.low.mp3,3,10.201641,5.4604053
530323,/content/drive/MyDrive/tag-polysemy/mtg-audio-low/23/530323.low.mp3,0,6.3817616,3.6026251
1127765,/content/drive/MyDrive/tag-polysemy/mtg-audio-low/65/1127765.low.mp3,13,4.037476,3.503367
48062,/content/drive/MyDrive/tag-polysemy/mtg-audio-low/62/48062.low.mp3,17,4.1245947,5.983581
1166137,/content/drive/MyDrive/tag-polysemy/mtg-audio-low/37/1166137.low.mp3,1,1.1436703,5.395209
1123287,/content/drive/MyDrive/tag-polysemy/mtg-audio-low/87/1123287.low.mp3,7,2.4513597,2.464331
1081114,/content/drive/MyDrive/tag-polysemy/mtg-audio-low/14/1081114.low.mp3,3,9.637803,5.5473995
237843,/content/drive/MyDrive/tag-polysemy/mtg-audio-low/43/237843.low.mp3,4,7.208647,6.5952845
328653,/content/drive/MyDrive/tag-polysemy/mtg-audio-low/53/328653.low.mp3,19,6.918591,3.0019333
1057704,/content/drive/MyDrive/tag-polysemy/mtg-audio-low/04/1057704.low.mp3,11,0.88747746,3.4222019
290109,/content/drive/MyDrive/tag-polysemy/mtg-audio-low/09/290109.low.mp3,5,5.26696,4.1027474
1011648,/content/drive/MyDrive/tag-polysemy/mtg-audio-low/48/1011648.low.mp3,5,6.312943,5.550582
169986,/content/drive/MyDrive/tag-polysemy/mtg-audio-low/86/169986.low.mp3,17,1.4202331,4.71784
74751,/content/drive/MyDrive/tag-polysemy/mtg-audio-low/51/74751.low.mp3,3,9.367564,5.7470694
1155531,/content/drive/MyDrive/tag-polysemy/mtg-audio-low/31/1155531.low.mp3,17,10.537395,4.8424253
337824,/content/drive/MyDrive/tag-polysemy/mtg-audio-low/24/337824.low.mp3,12,6.494833,1.7022021
74466,/content/drive/MyDrive/tag-polysemy/mtg-audio-low/66/74466.low.mp3,14,8.883991,6.6430407
167885,/content/drive/MyDrive/tag-polysemy/mtg-audio-low/85/167885.low.mp3,11,0.8646461,3.483506
255177,/content/drive/MyDrive/tag-polysemy/mtg-audio-low/77/255177.low.mp3,17,4.83118,4.5082183
1388364,/content/drive/MyDrive/tag-polysemy/mtg-audio-low/64/1388364.low.mp3,1,0.64783615,6.2479095
1159748,/content/drive/MyDrive/tag-polysemy/mtg-audio-low/48/1159748.low.mp3,5,5.5042686,5.064383
1131822,/content/drive/MyDrive/tag-polysemy/mtg-audio-low/22/1131822.low.mp3,1,1.3784481,6.3295145
1366154,/content/drive/MyDrive/tag-polysemy/mtg-audio-low/54/1366154.low.mp3,13,5.418135,2.8708167
530905,/content/drive/MyDrive/tag-polysemy/mtg-audio-low/05/530905.low.mp3,2,8.862733,3.5618556
1281237,/content/drive/MyDrive/tag-polysemy/mtg-audio-low/37/1281237.low.mp3,7,3.3005314,2.3060617
258843,/content/drive/MyDrive/tag-polysemy/mtg-audio-low/43/258843.low.mp3,8,4.7571044,3.6271915
49038,/content/drive/MyDrive/tag-polysemy/mtg-audio-low/38/49038.low.mp3,19,5.157218,3.4295993
1145288,/content/drive/MyDrive/tag-polysemy/mtg-audio-low/88/1145288.low.mp3,0,10.206515,3.2062764
844698,/content/drive/MyDrive/tag-polysemy/mtg-audio-low/98/844698.low.mp3,4,6.4871516,4.545746
597307,/content/drive/MyDrive/tag-polysemy/mtg-audio-low/07/597307.low.mp3,13,5.3700695,2.4136553
107060,/content/drive/MyDrive/tag-polysemy/mtg-audio-low/60/107060.low.mp3,18,3.069746,3.504877
1365283,/content/drive/MyDrive/tag-polysemy/mtg-audio-low/83/1365283.low.mp3,14,7.925108,6.871763
1287845,/content/drive/MyDrive/tag-polysemy/mtg-audio-low/45/1287845.low.mp3,4,4.258765,2.2199008
1367882,/content/drive/MyDrive/tag-polysemy/mtg-audio-low/82/1367882.low.mp3,19,6.4812226,5.3294196
1390468,/content/drive/MyDrive/tag-polysemy/mtg-audio-low/68/1390468.low.mp3,13,6.28796,1.749235
1121281,/content/drive/MyDrive/tag-polysemy/mtg-audio-low/81/1121281.low.mp3,0,10.264412,3.164518
460239,/content/drive/MyDrive/tag-polysemy/mtg-audio-low/39/460239.low.mp3,1,0.60217875,5.695702
974305,/content/drive/MyDrive/tag-polysemy/mtg-audio-low/05/974305.low.mp3,1,0.05462273,6.552591
288301,/content/drive/MyDrive/tag-polysemy/mtg-audio-low/01/288301.low.mp3,16,2.7397423,5.364433
376626,/content/drive/MyDrive/tag-polysemy/mtg-audio-low/26/376626.low.mp3,14,8.868601,6.306941
1119889,/content/drive/MyDrive/tag-polysemy/mtg-audio-low/89/1119889.low.mp3,18,3.641772,2.604043
683805,/content/drive/MyDrive/tag-polysemy/mtg-audio-low/05/683805.low.mp3,3,9.984986,6.347778
1336794,/content/drive/MyDrive/tag-polysemy/mtg-audio-low/94/1336794.low.mp3,19,5.661523,3.1566873
192417,/content/drive/MyDrive/tag-polysemy/mtg-audio-low/17/192417.low.mp3,3,10.573945,6.637887
1398497,/content/drive/MyDrive/tag-polysemy/mtg-audio-low/97/1398497.low.mp3,15,3.1510754,6.546857
427879,/content/drive/MyDrive/tag-polysemy/mtg-audio-low/79/427879.low.mp3,13,5.9115763,1.7759609
1347947,/content/drive/MyDrive/tag-polysemy/mtg-audio-low/47/1347947.low.mp3,4,0.66544104,5.3657384
300328,/content/drive/MyDrive/tag-polysemy/mtg-audio-low/28/300328.low.mp3,15,10.526153,5.8013334
1189929,/content/drive/MyDrive/tag-polysemy/mtg-audio-low/29/1189929.low.mp3,5,4.978397,4.379464
1291949,/content/drive/MyDrive/tag-polysemy/mtg-audio-low/49/1291949.low.mp3,18,3.1350536,2.6251152
1317524,/content/drive/MyDrive/tag-polysemy/mtg-audio-low/24/1317524.low.mp3,4,5.2116003,2.8414385
37550,/content/drive/MyDrive/tag-polysemy/mtg-audio-low/50/37550.low.mp3,10,7.075661,2.1759772
1155063,/content/drive/MyDrive/tag-polysemy/mtg-audio-low/63/1155063.low.mp3,10,7.327838,0.96649325
172025,/content/drive/MyDrive/tag-polysemy/mtg-audio-low/25/172025.low.mp3,0,10.275727,3.5578282
1136144,/content/drive/MyDrive/tag-polysemy/mtg-audio-low/44/1136144.low.mp3,9,10.502217,4.764869
596681,/content/drive/MyDrive/tag-polysemy/mtg-audio-low/81/596681.low.mp3,5,5.099559,4.1420484
1113075,/content/drive/MyDrive/tag-polysemy/mtg-audio-low/75/1113075.low.mp3,16,5.636693,6.155123
112899,/content/drive/MyDrive/tag-polysemy/mtg-audio-low/99/112899.low.mp3,7,4.6156154,2.1416922
1067263,/content/drive/MyDrive/tag-polysemy/mtg-audio-low/63/1067263.low.mp3,12,5.97408,2.2018452
1363596,/content/drive/MyDrive/tag-polysemy/mtg-audio-low/96/1363596.low.mp3,2,10.384581,5.0323367
359654,/content/drive/MyDrive/tag-polysemy/mtg-audio-low/54/359654.low.mp3,1,-0.015946852,6.573577
1010008,/content/drive/MyDrive/tag-polysemy/mtg-audio-low/08/1010008.low.mp3,19,4.5330834,6.2075605
1393643,/content/drive/MyDrive/tag-polysemy/mtg-audio-low/43/1393643.low.mp3,18,2.601587,3.3235273
1356876,/content/drive/MyDrive/tag-polysemy/mtg-audio-low/76/1356876.low.mp3,3,8.845345,5.705897
1295415,/content/drive/MyDrive/tag-polysemy/mtg-audio-low/15/1295415.low.mp3,10,7.5938196,1.8440355
367022,/content/drive/MyDrive/tag-polysemy/mtg-audio-low/22/367022.low.mp3,10,6.753692,1.9769019
1317680,/content/drive/MyDrive/tag-polysemy/mtg-audio-low/80/1317680.low.mp3,13,6.153495,2.9784198
107823,/content/drive/MyDrive/tag-polysemy/mtg-audio-low/23/107823.low.mp3,4,3.9286165,2.1330154
618545,/content/drive/MyDrive/tag-polysemy/mtg-audio-low/45/618545.low.mp3,11,0.2876156,4.039197
1085987,/content/drive/MyDrive/tag-polysemy/mtg-audio-low/87/1085987.low.mp3,11,-0.41074798,2.90149
1133098,/content/drive/MyDrive/tag-polysemy/mtg-audio-low/98/1133098.low.mp3,7,2.4116893,2.7309613
1109769,/content/drive/MyDrive/tag-polysemy/mtg-audio-low/69/1109769.low.mp3,3,8.880836,5.7136364
811121,/content/drive/MyDrive/tag-polysemy/mtg-audio-low/21/811121.low.mp3,11,1.3784559,4.8229012
1118653,/content/drive/MyDrive/tag-polysemy/mtg-audio-low/53/1118653.low.mp3,10,7.050716,1.436752
1087153,/content/drive/MyDrive/tag-polysemy/mtg-audio-low/53/1087153.low.mp3,13,6.2175627,0.8867937
1133480,/content/drive/MyDrive/tag-polysemy/mtg-audio-low/80/1133480.low.mp3,14,9.505561,6.357338
1110490,/content/drive/MyDrive/tag-polysemy/mtg-audio-low/90/1110490.low.mp3,19,4.896535,3.4425468
167505,/content/drive/MyDrive/tag-polysemy/mtg-audio-low/05/167505.low.mp3,13,3.1769502,4.6871686
830874,/content/drive/MyDrive/tag-polysemy/mtg-audio-low/74/830874.low.mp3,11,1.2575645,4.4601803
921758,/content/drive/MyDrive/tag-polysemy/mtg-audio-low/58/921758.low.mp3,5,5.138715,4.401855
1307491,/content/drive/MyDrive/tag-polysemy/mtg-audio-low/91/1307491.low.mp3,10,6.539385,1.1517453
1210876,/content/drive/MyDrive/tag-polysemy/mtg-audio-low/76/1210876.low.mp3,3,9.949389,6.128942
1334759,/content/drive/MyDrive/tag-polysemy/mtg-audio-low/59/1334759.low.mp3,6,7.397813,7.157199
378605,/content/drive/MyDrive/tag-polysemy/mtg-audio-low/05/378605.low.mp3,3,9.010126,5.4556766
155224,/content/drive/MyDrive/tag-polysemy/mtg-audio-low/24/155224.low.mp3,8,2.1000078,3.6433272
3348,/content/drive/MyDrive/tag-polysemy/mtg-audio-low/48/3348.low.mp3,2,8.918424,4.949854
1112113,/content/drive/MyDrive/tag-polysemy/mtg-audio-low/13/1112113.low.mp3,2,8.251021,3.385236
1051717,/content/drive/MyDrive/tag-polysemy/mtg-audio-low/17/1051717.low.mp3,12,6.3523602,1.2385914
1097054,/content/drive/MyDrive/tag-polysemy/mtg-audio-low/54/1097054.low.mp3,19,6.379628,2.814114
371708,/content/drive/MyDrive/tag-polysemy/mtg-audio-low/08/371708.low.mp3,6,7.820765,6.9462385
1418016,/content/drive/MyDrive/tag-polysemy/mtg-audio-low/16/1418016.low.mp3,1,0.5324859,6.1245227
1359937,/content/drive/MyDrive/tag-polysemy/mtg-audio-low/37/1359937.low.mp3,1,0.784411,5.8301954
287498,/content/drive/MyDrive/tag-polysemy/mtg-audio-low/98/287498.low.mp3,11,0.7122819,3.370888
322346,/content/drive/MyDrive/tag-polysemy/mtg-audio-low/46/322346.low.mp3,4,5.973064,0.8780584
161447,/content/drive/MyDrive/tag-polysemy/mtg-audio-low/47/161447.low.mp3,6,7.4577107,6.8924704
233877,/content/drive/MyDrive/tag-polysemy/mtg-audio-low/77/233877.low.mp3,19,7.1372943,2.3093462
1164541,/content/drive/MyDrive/tag-polysemy/mtg-audio-low/41/1164541.low.mp3,5,5.152308,5.1226234
1090982,/content/drive/MyDrive/tag-polysemy/mtg-audio-low/82/1090982.low.mp3,14,9.034958,6.13588
1076592,/content/drive/MyDrive/tag-polysemy/mtg-audio-low/92/1076592.low.mp3,9,9.12221,4.539958
1284338,/content/drive/MyDrive/tag-polysemy/mtg-audio-low/38/1284338.low.mp3,3,10.210816,6.233637
1408978,/content/drive/MyDrive/tag-polysemy/mtg-audio-low/78/1408978.low.mp3,19,4.3364916,3.303269
1009671,/content/drive/MyDrive/tag-polysemy/mtg-audio-low/71/1009671.low.mp3,14,9.015587,6.15624
268956,/content/drive/MyDrive/tag-polysemy/mtg-audio-low/56/268956.low.mp3,19,5.485444,2.974945
36332,/content/drive/MyDrive/tag-polysemy/mtg-audio-low/32/36332.low.mp3,3,9.802237,6.4918013
1084364,/content/drive/MyDrive/tag-polysemy/mtg-audio-low/64/1084364.low.mp3,2,0.70967525,2.9778476
1386831,/content/drive/MyDrive/tag-polysemy/mtg-audio-low/31/1386831.low.mp3,12,6.5094595,0.54649544
934583,/content/drive/MyDrive/tag-polysemy/mtg-audio-low/83/934583.low.mp3,13,5.5274005,2.0068243
1139448,/content/drive/MyDrive/tag-polysemy/mtg-audio-low/48/1139448.low.mp3,10,7.5277023,0.9076011
1103295,/content/drive/MyDrive/tag-polysemy/mtg-audio-low/95/1103295.low.mp3,8,1.7623835,5.0728316
1389568,/content/drive/MyDrive/tag-polysemy/mtg-audio-low/68/1389568.low.mp3,6,7.910205,6.743319
1027878,/content/drive/MyDrive/tag-polysemy/mtg-audio-low/78/1027878.low.mp3,9,10.428041,3.5940778
399202,/content/drive/MyDrive/tag-polysemy/mtg-audio-low/02/399202.low.mp3,16,4.7732844,5.8634324
26429,/content/drive/MyDrive/tag-polysemy/mtg-audio-low/29/26429.low.mp3,8,0.84454864,4.215496
1353629,/content/drive/MyDrive/tag-polysemy/mtg-audio-low/29/1353629.low.mp3,10,7.671579,1.2504073
1088623,/content/drive/MyDrive/tag-polysemy/mtg-audio-low/23/1088623.low.mp3,9,10.630953,4.178026
996100,/content/drive/MyDrive/tag-polysemy/mtg-audio-low/00/996100.low.mp3,19,4.074137,3.7643237
339780,/content/drive/MyDrive/tag-polysemy/mtg-audio-low/80/339780.low.mp3,4,5.8095613,1.2659894
98070,/content/drive/MyDrive/tag-polysemy/mtg-audio-low/70/98070.low.mp3,14,8.383416,6.8768606
1290636,/content/drive/MyDrive/tag-polysemy/mtg-audio-low/36/1290636.low.mp3,4,5.3634686,0.3339302
189364,/content/drive/MyDrive/tag-polysemy/mtg-audio-low/64/189364.low.mp3,2,10.180521,6.536384
1043815,/content/drive/MyDrive/tag-polysemy/mtg-audio-low/15/1043815.low.mp3,11,0.51321936,3.6111832
1224718,/content/drive/MyDrive/tag-polysemy/mtg-audio-low/18/1224718.low.mp3,5,5.060683,4.6382318
1068672,/content/drive/MyDrive/tag-polysemy/mtg-audio-low/72/1068672.low.mp3,12,6.8172965,1.582744
35171,/content/drive/MyDrive/tag-polysemy/mtg-audio-low/71/35171.low.mp3,19,4.9550447,2.1200743
1387389,/content/drive/MyDrive/tag-polysemy/mtg-audio-low/89/1387389.low.mp3,4,5.6851897,1.7902423
1095109,/content/drive/MyDrive/tag-polysemy/mtg-audio-low/09/1095109.low.mp3,18,4.3426046,2.8133118
1173421,/content/drive/MyDrive/tag-polysemy/mtg-audio-low/21/1173421.low.mp3,16,6.5265155,4.6530976
1359328,/content/drive/MyDrive/tag-polysemy/mtg-audio-low/28/1359328.low.mp3,11,-0.264755,2.9230037
1294000,/content/drive/MyDrive/tag-polysemy/mtg-audio-low/00/1294000.low.mp3,3,10.523806,6.537933
1103297,/content/drive/MyDrive/tag-polysemy/mtg-audio-low/97/1103297.low.mp3,11,-0.39491653,2.8800452
1053492,/content/drive/MyDrive/tag-polysemy/mtg-audio-low/92/1053492.low.mp3,13,6.990954,2.31661
799262,/content/drive/MyDrive/tag-polysemy/mtg-audio-low/62/799262.low.mp3,11,-0.11537642,3.127566
1354681,/content/drive/MyDrive/tag-polysemy/mtg-audio-low/81/1354681.low.mp3,14,8.356246,6.6638026
149361,/content/drive/MyDrive/tag-polysemy/mtg-audio-low/61/149361.low.mp3,3,8.936876,5.7037783
218703,/content/drive/MyDrive/tag-polysemy/mtg-audio-low/03/218703.low.mp3,0,10.054039,3.0263612
223088,/content/drive/MyDrive/tag-polysemy/mtg-audio-low/88/223088.low.mp3,16,5.7462087,5.6813884
1027927,/content/drive/MyDrive/tag-polysemy/mtg-audio-low/27/1027927.low.mp3,5,5.015917,5.1137424
1009673,/content/drive/MyDrive/tag-polysemy/mtg-audio-low/73/1009673.low.mp3,14,9.000093,6.1238165
1109354,/content/drive/MyDrive/tag-polysemy/mtg-audio-low/54/1109354.low.mp3,10,6.6670003,1.1950859
1394789,/content/drive/MyDrive/tag-polysemy/mtg-audio-low/89/1394789.low.mp3,6,6.797044,6.483269
887976,/content/drive/MyDrive/tag-polysemy/mtg-audio-low/76/887976.low.mp3,1,0.47892293,5.9028583
33490,/content/drive/MyDrive/tag-polysemy/mtg-audio-low/90/33490.low.mp3,8,3.6129155,4.351557
1249918,/content/drive/MyDrive/tag-polysemy/mtg-audio-low/18/1249918.low.mp3,12,7.840252,6.2831397
1402636,/content/drive/MyDrive/tag-polysemy/mtg-audio-low/36/1402636.low.mp3,17,10.323313,5.426463
1301818,/content/drive/MyDrive/tag-polysemy/mtg-audio-low/18/1301818.low.mp3,0,6.4601197,3.6789474
1305640,/content/drive/MyDrive/tag-polysemy/mtg-audio-low/40/1305640.low.mp3,4,5.9965043,0.30252922
1110818,/content/drive/MyDrive/tag-polysemy/mtg-audio-low/18/1110818.low.mp3,18,3.3465314,1.8271283
1002010,/content/drive/MyDrive/tag-polysemy/mtg-audio-low/10/1002010.low.mp3,5,5.6228843,3.2816684
1118841,/content/drive/MyDrive/tag-polysemy/mtg-audio-low/41/1118841.low.mp3,13,6.2655478,1.3047893
1241536,/content/drive/MyDrive/tag-polysemy/mtg-audio-low/36/1241536.low.mp3,1,0.54232764,6.282456
257460,/content/drive/MyDrive/tag-polysemy/mtg-audio-low/60/257460.low.mp3,19,4.5154495,2.5929308
1043178,/content/drive/MyDrive/tag-polysemy/mtg-audio-low/78/1043178.low.mp3,19,4.978001,3.0023575
537121,/content/drive/MyDrive/tag-polysemy/mtg-audio-low/21/537121.low.mp3,9,10.3573,4.9228115
1136346,/content/drive/MyDrive/tag-polysemy/mtg-audio-low/46/1136346.low.mp3,10,7.417568,1.8586211
191375,/content/drive/MyDrive/tag-polysemy/mtg-audio-low/75/191375.low.mp3,7,7.598265,3.1394384
1116948,/content/drive/MyDrive/tag-polysemy/mtg-audio-low/48/1116948.low.mp3,7,2.2939873,2.7301948
820928,/content/drive/MyDrive/tag-polysemy/mtg-audio-low/28/820928.low.mp3,13,4.0565295,3.500258
907354,/content/drive/MyDrive/tag-polysemy/mtg-audio-low/54/907354.low.mp3,6,6.895776,6.665455
1345990,/content/drive/MyDrive/tag-polysemy/mtg-audio-low/90/1345990.low.mp3,15,2.2996333,5.4552474
1389038,/content/drive/MyDrive/tag-polysemy/mtg-audio-low/38/1389038.low.mp3,3,9.3219595,5.7320905
230851,/content/drive/MyDrive/tag-polysemy/mtg-audio-low/51/230851.low.mp3,8,1.8399469,5.0723944
1158689,/content/drive/MyDrive/tag-polysemy/mtg-audio-low/89/1158689.low.mp3,19,5.5573897,4.981695
899875,/content/drive/MyDrive/tag-polysemy/mtg-audio-low/75/899875.low.mp3,0,10.268025,3.154677
250917,/content/drive/MyDrive/tag-polysemy/mtg-audio-low/17/250917.low.mp3,18,3.5067556,1.8882087
975526,/content/drive/MyDrive/tag-polysemy/mtg-audio-low/26/975526.low.mp3,11,-0.2847348,3.0256612
1094057,/content/drive/MyDrive/tag-polysemy/mtg-audio-low/57/1094057.low.mp3,11,0.50525767,3.2936325
1387999,/content/drive/MyDrive/tag-polysemy/mtg-audio-low/99/1387999.low.mp3,12,7.754644,3.1328328
1128828,/content/drive/MyDrive/tag-polysemy/mtg-audio-low/28/1128828.low.mp3,15,2.7675967,5.711078
1110530,/content/drive/MyDrive/tag-polysemy/mtg-audio-low/30/1110530.low.mp3,8,2.1510506,4.4310775
962587,/content/drive/MyDrive/tag-polysemy/mtg-audio-low/87/962587.low.mp3,0,7.474315,3.6983907
1385253,/content/drive/MyDrive/tag-polysemy/mtg-audio-low/53/1385253.low.mp3,17,6.1149096,4.5050397
187194,/content/drive/MyDrive/tag-polysemy/mtg-audio-low/94/187194.low.mp3,1,1.0603096,5.4761333
389792,/content/drive/MyDrive/tag-polysemy/mtg-audio-low/92/389792.low.mp3,6,7.608709,7.0811086
374226,/content/drive/MyDrive/tag-polysemy/mtg-audio-low/26/374226.low.mp3,0,10.268194,3.1559503
1115317,/content/drive/MyDrive/tag-polysemy/mtg-audio-low/17/1115317.low.mp3,3,7.982937,2.8996642
1321713,/content/drive/MyDrive/tag-polysemy/mtg-audio-low/13/1321713.low.mp3,10,7.529329,2.0525594
1313166,/content/drive/MyDrive/tag-polysemy/mtg-audio-low/66/1313166.low.mp3,11,1.0706477,3.0211382
1249236,/content/drive/MyDrive/tag-polysemy/mtg-audio-low/36/1249236.low.mp3,15,2.9409895,6.0224915
913318,/content/drive/MyDrive/tag-polysemy/mtg-audio-low/18/913318.low.mp3,14,8.376941,4.112325
571482,/content/drive/MyDrive/tag-polysemy/mtg-audio-low/82/571482.low.mp3,0,6.3576035,3.5591106
1374953,/content/drive/MyDrive/tag-polysemy/mtg-audio-low/53/1374953.low.mp3,16,2.9639106,5.458038
1334564,/content/drive/MyDrive/tag-polysemy/mtg-audio-low/64/1334564.low.mp3,12,6.4373345,1.3709955
1208030,/content/drive/MyDrive/tag-polysemy/mtg-audio-low/30/1208030.low.mp3,13,7.5086484,1.7349035
1313448,/content/drive/MyDrive/tag-polysemy/mtg-audio-low/48/1313448.low.mp3,2,8.670777,5.6541
19120,/content/drive/MyDrive/tag-polysemy/mtg-audio-low/20/19120.low.mp3,19,4.8157525,3.912596
1320954,/content/drive/MyDrive/tag-polysemy/mtg-audio-low/54/1320954.low.mp3,3,9.80525,5.7531757
1124409,/content/drive/MyDrive/tag-polysemy/mtg-audio-low/09/1124409.low.mp3,7,2.290916,3.618299
24852,/content/drive/MyDrive/tag-polysemy/mtg-audio-low/52/24852.low.mp3,18,2.691405,5.7136426
17481,/content/drive/MyDrive/tag-polysemy/mtg-audio-low/81/17481.low.mp3,13,6.041179,1.9028122
1078430,/content/drive/MyDrive/tag-polysemy/mtg-audio-low/30/1078430.low.mp3,14,8.668502,5.9557753
81917,/content/drive/MyDrive/tag-polysemy/mtg-audio-low/17/81917.low.mp3,2,9.7391405,5.2087207
1147434,/content/drive/MyDrive/tag-polysemy/mtg-audio-low/34/1147434.low.mp3,10,7.5434003,0.8927037
1165468,/content/drive/MyDrive/tag-polysemy/mtg-audio-low/68/1165468.low.mp3,2,9.8302965,5.351901
1222994,/content/drive/MyDrive/tag-polysemy/mtg-audio-low/94/1222994.low.mp3,7,3.0370922,3.5745301
43674,/content/drive/MyDrive/tag-polysemy/mtg-audio-low/74/43674.low.mp3,7,2.3786893,3.1976182
236302,/content/drive/MyDrive/tag-polysemy/mtg-audio-low/02/236302.low.mp3,6,6.790576,6.5936
921508,/content/drive/MyDrive/tag-polysemy/mtg-audio-low/08/921508.low.mp3,5,4.410179,5.531459
263579,/content/drive/MyDrive/tag-polysemy/mtg-audio-low/79/263579.low.mp3,6,8.001135,7.228519
1399346,/content/drive/MyDrive/tag-polysemy/mtg-audio-low/46/1399346.low.mp3,10,7.276843,1.5584224
1329936,/content/drive/MyDrive/tag-polysemy/mtg-audio-low/36/1329936.low.mp3,5,5.652116,5.6846876
1209918,/content/drive/MyDrive/tag-polysemy/mtg-audio-low/18/1209918.low.mp3,9,10.651918,4.8099813
185691,/content/drive/MyDrive/tag-polysemy/mtg-audio-low/91/185691.low.mp3,12,6.683359,0.26791838
1039573,/content/drive/MyDrive/tag-polysemy/mtg-audio-low/73/1039573.low.mp3,7,2.2717495,2.8163428
133747,/content/drive/MyDrive/tag-polysemy/mtg-audio-low/47/133747.low.mp3,3,10.231337,6.2215695
243191,/content/drive/MyDrive/tag-polysemy/mtg-audio-low/91/243191.low.mp3,4,4.829467,2.0243125
395912,/content/drive/MyDrive/tag-polysemy/mtg-audio-low/12/395912.low.mp3,16,6.2006674,4.876162
353483,/content/drive/MyDrive/tag-polysemy/mtg-audio-low/83/353483.low.mp3,8,3.4752717,3.9477274
1105214,/content/drive/MyDrive/tag-polysemy/mtg-audio-low/14/1105214.low.mp3,11,0.37199327,3.5212293
394608,/content/drive/MyDrive/tag-polysemy/mtg-audio-low/08/394608.low.mp3,19,6.022626,3.4090643
1288110,/content/drive/MyDrive/tag-polysemy/mtg-audio-low/10/1288110.low.mp3,3,8.648849,4.798883
26230,/content/drive/MyDrive/tag-polysemy/mtg-audio-low/30/26230.low.mp3,14,6.0839314,5.925798
1400991,/content/drive/MyDrive/tag-polysemy/mtg-audio-low/91/1400991.low.mp3,12,5.643381,2.4127042
1403901,/content/drive/MyDrive/tag-polysemy/mtg-audio-low/01/1403901.low.mp3,16,4.8117456,5.4985714
45927,/content/drive/MyDrive/tag-polysemy/mtg-audio-low/27/45927.low.mp3,17,4.519802,6.039462
580904,/content/drive/MyDrive/tag-polysemy/mtg-audio-low/04/580904.low.mp3,6,8.295165,6.4758563
1267759,/content/drive/MyDrive/tag-polysemy/mtg-audio-low/59/1267759.low.mp3,2,9.838863,3.5668056
1264204,/content/drive/MyDrive/tag-polysemy/mtg-audio-low/04/1264204.low.mp3,0,6.584617,3.3151734
1057524,/content/drive/MyDrive/tag-polysemy/mtg-audio-low/24/1057524.low.mp3,3,8.74083,5.703995
1088843,/content/drive/MyDrive/tag-polysemy/mtg-audio-low/43/1088843.low.mp3,12,6.599187,0.9908318
1149573,/content/drive/MyDrive/tag-polysemy/mtg-audio-low/73/1149573.low.mp3,19,4.4295983,4.0709887
577051,/content/drive/MyDrive/tag-polysemy/mtg-audio-low/51/577051.low.mp3,19,4.4031076,2.624397
1104647,/content/drive/MyDrive/tag-polysemy/mtg-audio-low/47/1104647.low.mp3,10,7.5604057,0.5644023
1390169,/content/drive/MyDrive/tag-polysemy/mtg-audio-low/69/1390169.low.mp3,13,3.8183467,3.8724165
1239383,/content/drive/MyDrive/tag-polysemy/mtg-audio-low/83/1239383.low.mp3,5,5.598923,2.270815
941161,/content/drive/MyDrive/tag-polysemy/mtg-audio-low/61/941161.low.mp3,3,9.801857,6.1429276
1150079,/content/drive/MyDrive/tag-polysemy/mtg-audio-low/79/1150079.low.mp3,1,1.3422178,5.3589516
26440,/content/drive/MyDrive/tag-polysemy/mtg-audio-low/40/26440.low.mp3,11,0.3176147,4.198972
371245,/content/drive/MyDrive/tag-polysemy/mtg-audio-low/45/371245.low.mp3,12,10.545345,3.2688856
968050,/content/drive/MyDrive/tag-polysemy/mtg-audio-low/50/968050.low.mp3,16,5.809391,6.1851845
903602,/content/drive/MyDrive/tag-polysemy/mtg-audio-low/02/903602.low.mp3,1,-0.034492783,6.1499705
92382,/content/drive/MyDrive/tag-polysemy/mtg-audio-low/82/92382.low.mp3,2,10.158642,4.0360084
363428,/content/drive/MyDrive/tag-polysemy/mtg-audio-low/28/363428.low.mp3,13,7.420576,2.6735833
1031743,/content/drive/MyDrive/tag-polysemy/mtg-audio-low/43/1031743.low.mp3,19,4.862566,2.3900707
81710,/content/drive/MyDrive/tag-polysemy/mtg-audio-low/10/81710.low.mp3,7,2.6167362,3.7124896
1134850,/content/drive/MyDrive/tag-polysemy/mtg-audio-low/50/1134850.low.mp3,18,5.9231477,1.7067385
398184,/content/drive/MyDrive/tag-polysemy/mtg-audio-low/84/398184.low.mp3,1,0.5421273,5.8047743
1275979,/content/drive/MyDrive/tag-polysemy/mtg-audio-low/79/1275979.low.mp3,9,10.320065,4.976798
818598,/content/drive/MyDrive/tag-polysemy/mtg-audio-low/98/818598.low.mp3,11,-0.30988306,2.9373305
251582,/content/drive/MyDrive/tag-polysemy/mtg-audio-low/82/251582.low.mp3,12,5.2094493,2.8325539
104656,/content/drive/MyDrive/tag-polysemy/mtg-audio-low/56/104656.low.mp3,6,7.900273,6.80797
556375,/content/drive/MyDrive/tag-polysemy/mtg-audio-low/75/556375.low.mp3,0,4.1659203,3.7679646
1353967,/content/drive/MyDrive/tag-polysemy/mtg-audio-low/67/1353967.low.mp3,19,6.651918,3.898795
617340,/content/drive/MyDrive/tag-polysemy/mtg-audio-low/40/617340.low.mp3,9,10.541757,3.8478384
363948,/content/drive/MyDrive/tag-polysemy/mtg-audio-low/48/363948.low.mp3,15,3.1176805,6.5598297
725020,/content/drive/MyDrive/tag-polysemy/mtg-audio-low/20/725020.low.mp3,19,4.516608,1.9910431
1292536,/content/drive/MyDrive/tag-polysemy/mtg-audio-low/36/1292536.low.mp3,5,5.199617,3.1045866
1249960,/content/drive/MyDrive/tag-polysemy/mtg-audio-low/60/1249960.low.mp3,5,7.049782,6.1523933
873817,/content/drive/MyDrive/tag-polysemy/mtg-audio-low/17/873817.low.mp3,3,10.530995,6.044863
1415863,/content/drive/MyDrive/tag-polysemy/mtg-audio-low/63/1415863.low.mp3,5,4.081895,5.0399323
1287940,/content/drive/MyDrive/tag-polysemy/mtg-audio-low/40/1287940.low.mp3,19,4.555763,4.87259
196260,/content/drive/MyDrive/tag-polysemy/mtg-audio-low/60/196260.low.mp3,1,0.63761,6.2857594
217685,/content/drive/MyDrive/tag-polysemy/mtg-audio-low/85/217685.low.mp3,0,10.109822,3.163481
285569,/content/drive/MyDrive/tag-polysemy/mtg-audio-low/69/285569.low.mp3,13,3.0535984,4.518131
534299,/content/drive/MyDrive/tag-polysemy/mtg-audio-low/99/534299.low.mp3,10,7.828315,2.329112
1274163,/content/drive/MyDrive/tag-polysemy/mtg-audio-low/63/1274163.low.mp3,1,1.5349413,6.3697124
1222585,/content/drive/MyDrive/tag-polysemy/mtg-audio-low/85/1222585.low.mp3,16,5.8535295,6.2150826
1127398,/content/drive/MyDrive/tag-polysemy/mtg-audio-low/98/1127398.low.mp3,5,5.4710937,3.6515667
1404917,/content/drive/MyDrive/tag-polysemy/mtg-audio-low/17/1404917.low.mp3,13,3.6661139,4.45616
1333154,/content/drive/MyDrive/tag-polysemy/mtg-audio-low/54/1333154.low.mp3,1,0.63700885,6.1863613
1395100,/content/drive/MyDrive/tag-polysemy/mtg-audio-low/00/1395100.low.mp3,18,2.3281238,3.3705564
75226,/content/drive/MyDrive/tag-polysemy/mtg-audio-low/26/75226.low.mp3,3,9.593208,5.5917754
873814,/content/drive/MyDrive/tag-polysemy/mtg-audio-low/14/873814.low.mp3,15,10.403812,5.7480774
548601,/content/drive/MyDrive/tag-polysemy/mtg-audio-low/01/548601.low.mp3,15,9.849649,6.193215
1133562,/content/drive/MyDrive/tag-polysemy/mtg-audio-low/62/1133562.low.mp3,10,6.847478,2.1505878
115208,/content/drive/MyDrive/tag-polysemy/mtg-audio-low/08/115208.low.mp3,4,6.118225,1.2783661
1076577,/content/drive/MyDrive/tag-polysemy/mtg-audio-low/77/1076577.low.mp3,0,7.3144207,2.6377478
1393048,/content/drive/MyDrive/tag-polysemy/mtg-audio-low/48/1393048.low.mp3,7,2.8127048,3.433264
1352368,/content/drive/MyDrive/tag-polysemy/mtg-audio-low/68/1352368.low.mp3,8,1.4969642,3.9336514
243849,/content/drive/MyDrive/tag-polysemy/mtg-audio-low/49/243849.low.mp3,18,1.3478123,4.3519597
118075,/content/drive/MyDrive/tag-polysemy/mtg-audio-low/75/118075.low.mp3,6,8.289904,6.8585453
1322921,/content/drive/MyDrive/tag-polysemy/mtg-audio-low/21/1322921.low.mp3,7,1.581308,6.3018394
1144419,/content/drive/MyDrive/tag-polysemy/mtg-audio-low/19/1144419.low.mp3,6,8.170868,6.7338357
149489,/content/drive/MyDrive/tag-polysemy/mtg-audio-low/89/149489.low.mp3,1,-0.049628418,6.264045
1104752,/content/drive/MyDrive/tag-polysemy/mtg-audio-low/52/1104752.low.mp3,3,9.694647,5.53092
1052139,/content/drive/MyDrive/tag-polysemy/mtg-audio-low/39/1052139.low.mp3,11,0.633528,3.728178
1087059,/content/drive/MyDrive/tag-polysemy/mtg-audio-low/59/1087059.low.mp3,11,1.2085583,4.5442595
387439,/content/drive/MyDrive/tag-polysemy/mtg-audio-low/39/387439.low.mp3,19,4.5632715,3.51421
263673,/content/drive/MyDrive/tag-polysemy/mtg-audio-low/73/263673.low.mp3,6,7.3053813,6.6728444
1344555,/content/drive/MyDrive/tag-polysemy/mtg-audio-low/55/1344555.low.mp3,16,6.1359653,6.2375674
769000,/content/drive/MyDrive/tag-polysemy/mtg-audio-low/00/769000.low.mp3,3,8.533098,5.1474996
976711,/content/drive/MyDrive/tag-polysemy/mtg-audio-low/11/976711.low.mp3,11,0.89320546,3.4061568
47901,/content/drive/MyDrive/tag-polysemy/mtg-audio-low/01/47901.low.mp3,17,10.516454,5.2135134
264221,/content/drive/MyDrive/tag-polysemy/mtg-audio-low/21/264221.low.mp3,19,5.3037763,2.2750463
1315295,/content/drive/MyDrive/tag-polysemy/mtg-audio-low/95/1315295.low.mp3,14,6.7443004,6.4385333
1219327,/content/drive/MyDrive/tag-polysemy/mtg-audio-low/27/1219327.low.mp3,8,4.5006824,2.5626433
417182,/content/drive/MyDrive/tag-polysemy/mtg-audio-low/82/417182.low.mp3,13,5.873548,1.2496879
662050,/content/drive/MyDrive/tag-polysemy/mtg-audio-low/50/662050.low.mp3,17,10.505361,4.791736
1309471,/content/drive/MyDrive/tag-polysemy/mtg-audio-low/71/1309471.low.mp3,18,3.7615,2.545059
1384263,/content/drive/MyDrive/tag-polysemy/mtg-audio-low/63/1384263.low.mp3,14,6.654403,6.2475963
1075564,/content/drive/MyDrive/tag-polysemy/mtg-audio-low/64/1075564.low.mp3,9,10.540367,4.4647408
1333140,/content/drive/MyDrive/tag-polysemy/mtg-audio-low/40/1333140.low.mp3,1,0.50315034,6.2560806
1128889,/content/drive/MyDrive/tag-polysemy/mtg-audio-low/89/1128889.low.mp3,18,1.1525847,2.9745371
208109,/content/drive/MyDrive/tag-polysemy/mtg-audio-low/09/208109.low.mp3,9,10.716178,4.3470874
202657,/content/drive/MyDrive/tag-polysemy/mtg-audio-low/57/202657.low.mp3,19,7.961295,3.1411014
1256682,/content/drive/MyDrive/tag-polysemy/mtg-audio-low/82/1256682.low.mp3,16,6.6179414,3.728714
263596,/content/drive/MyDrive/tag-polysemy/mtg-audio-low/96/263596.low.mp3,6,7.0384417,6.781842
1045363,/content/drive/MyDrive/tag-polysemy/mtg-audio-low/63/1045363.low.mp3,7,3.018465,4.08183
408296,/content/drive/MyDrive/tag-polysemy/mtg-audio-low/96/408296.low.mp3,19,4.109807,4.0705595
1309597,/content/drive/MyDrive/tag-polysemy/mtg-audio-low/97/1309597.low.mp3,10,7.3907375,0.7402378
1215804,/content/drive/MyDrive/tag-polysemy/mtg-audio-low/04/1215804.low.mp3,3,8.753808,4.715544
81706,/content/drive/MyDrive/tag-polysemy/mtg-audio-low/06/81706.low.mp3,18,2.5177147,3.1791213
72640,/content/drive/MyDrive/tag-polysemy/mtg-audio-low/40/72640.low.mp3,18,4.852568,1.7670326
1164989,/content/drive/MyDrive/tag-polysemy/mtg-audio-low/89/1164989.low.mp3,15,3.1172638,6.5141597
276974,/content/drive/MyDrive/tag-polysemy/mtg-audio-low/74/276974.low.mp3,13,6.115785,1.262161
1381011,/content/drive/MyDrive/tag-polysemy/mtg-audio-low/11/1381011.low.mp3,12,6.3235297,0.8187532
35515,/content/drive/MyDrive/tag-polysemy/mtg-audio-low/15/35515.low.mp3,4,5.343201,1.9254564
1088636,/content/drive/MyDrive/tag-polysemy/mtg-audio-low/36/1088636.low.mp3,9,7.1709614,2.9668298
187046,/content/drive/MyDrive/tag-polysemy/mtg-audio-low/46/187046.low.mp3,3,10.445036,6.474039
479914,/content/drive/MyDrive/tag-polysemy/mtg-audio-low/14/479914.low.mp3,18,3.6747696,1.8018417
1378472,/content/drive/MyDrive/tag-polysemy/mtg-audio-low/72/1378472.low.mp3,13,7.067498,2.2594366
111190,/content/drive/MyDrive/tag-polysemy/mtg-audio-low/90/111190.low.mp3,17,4.1539726,5.106506
123091,/content/drive/MyDrive/tag-polysemy/mtg-audio-low/91/123091.low.mp3,12,6.6734447,0.22882237
1357027,/content/drive/MyDrive/tag-polysemy/mtg-audio-low/27/1357027.low.mp3,3,9.090416,5.583055
1078578,/content/drive/MyDrive/tag-polysemy/mtg-audio-low/78/1078578.low.mp3,16,2.7069688,5.2802835
662187,/content/drive/MyDrive/tag-polysemy/mtg-audio-low/87/662187.low.mp3,3,10.205716,5.0072136
708471,/content/drive/MyDrive/tag-polysemy/mtg-audio-low/71/708471.low.mp3,19,6.0177674,3.0959363
1384308,/content/drive/MyDrive/tag-polysemy/mtg-audio-low/08/1384308.low.mp3,11,0.25590706,3.0324695
1249601,/content/drive/MyDrive/tag-polysemy/mtg-audio-low/01/1249601.low.mp3,3,8.759576,5.334681
1356434,/content/drive/MyDrive/tag-polysemy/mtg-audio-low/34/1356434.low.mp3,15,10.477086,5.912812
1188231,/content/drive/MyDrive/tag-polysemy/mtg-audio-low/31/1188231.low.mp3,11,0.39291254,4.2901874
67330,/content/drive/MyDrive/tag-polysemy/mtg-audio-low/30/67330.low.mp3,16,6.3612504,5.9066668
1321729,/content/drive/MyDrive/tag-polysemy/mtg-audio-low/29/1321729.low.mp3,10,7.573521,2.0848007
1153111,/content/drive/MyDrive/tag-polysemy/mtg-audio-low/11/1153111.low.mp3,5,6.3291965,3.510312
14298,/content/drive/MyDrive/tag-polysemy/mtg-audio-low/98/14298.low.mp3,19,5.9152174,3.1466553
1132253,/content/drive/MyDrive/tag-polysemy/mtg-audio-low/53/1132253.low.mp3,17,1.2871809,3.203377
144241,/content/drive/MyDrive/tag-polysemy/mtg-audio-low/41/144241.low.mp3,11,0.5616173,4.318719
307384,/content/drive/MyDrive/tag-polysemy/mtg-audio-low/84/307384.low.mp3,5,6.32633,5.42075
271874,/content/drive/MyDrive/tag-polysemy/mtg-audio-low/74/271874.low.mp3,1,-0.0012885593,6.104597
1163373,/content/drive/MyDrive/tag-polysemy/mtg-audio-low/73/1163373.low.mp3,5,3.866791,4.9095144
1069751,/content/drive/MyDrive/tag-polysemy/mtg-audio-low/51/1069751.low.mp3,17,0.78518766,4.288407
1048152,/content/drive/MyDrive/tag-polysemy/mtg-audio-low/52/1048152.low.mp3,1,1.2363542,6.457841
1121848,/content/drive/MyDrive/tag-polysemy/mtg-audio-low/48/1121848.low.mp3,1,0.41276288,6.0293665
1370160,/content/drive/MyDrive/tag-polysemy/mtg-audio-low/60/1370160.low.mp3,17,3.900369,5.5464745
1336890,/content/drive/MyDrive/tag-polysemy/mtg-audio-low/90/1336890.low.mp3,0,3.775526,3.716185
980883,/content/drive/MyDrive/tag-polysemy/mtg-audio-low/83/980883.low.mp3,12,7.162693,0.7782275
1085385,/content/drive/MyDrive/tag-polysemy/mtg-audio-low/85/1085385.low.mp3,7,2.9372149,2.6844819
1254732,/content/drive/MyDrive/tag-polysemy/mtg-audio-low/32/1254732.low.mp3,19,4.597824,2.9776113
353791,/content/drive/MyDrive/tag-polysemy/mtg-audio-low/91/353791.low.mp3,16,6.090589,5.6036415
1416571,/content/drive/MyDrive/tag-polysemy/mtg-audio-low/71/1416571.low.mp3,15,2.4215117,5.8359976
1209893,/content/drive/MyDrive/tag-polysemy/mtg-audio-low/93/1209893.low.mp3,10,7.180583,1.2457324
1321297,/content/drive/MyDrive/tag-polysemy/mtg-audio-low/97/1321297.low.mp3,12,6.844766,1.0125498
1146532,/content/drive/MyDrive/tag-polysemy/mtg-audio-low/32/1146532.low.mp3,1,0.968404,5.648407
1166103,/content/drive/MyDrive/tag-polysemy/mtg-audio-low/03/1166103.low.mp3,8,5.2096853,5.228562
1195868,/content/drive/MyDrive/tag-polysemy/mtg-audio-low/68/1195868.low.mp3,19,5.544632,2.779965
31682,/content/drive/MyDrive/tag-polysemy/mtg-audio-low/82/31682.low.mp3,12,6.6505632,0.3015572
975628,/content/drive/MyDrive/tag-polysemy/mtg-audio-low/28/975628.low.mp3,17,10.538014,4.7580266
492277,/content/drive/MyDrive/tag-polysemy/mtg-audio-low/77/492277.low.mp3,13,5.9983196,1.0915462
719796,/content/drive/MyDrive/tag-polysemy/mtg-audio-low/96/719796.low.mp3,2,9.6722975,4.1399455
1219428,/content/drive/MyDrive/tag-polysemy/mtg-audio-low/28/1219428.low.mp3,19,4.0527005,3.5596728
967155,/content/drive/MyDrive/tag-polysemy/mtg-audio-low/55/967155.low.mp3,9,10.598211,4.543587
704837,/content/drive/MyDrive/tag-polysemy/mtg-audio-low/37/704837.low.mp3,12,7.9473653,2.2323155
1397740,/content/drive/MyDrive/tag-polysemy/mtg-audio-low/40/1397740.low.mp3,17,5.806518,5.256347
1385973,/content/drive/MyDrive/tag-polysemy/mtg-audio-low/73/1385973.low.mp3,8,2.068029,4.3474255
479993,/content/drive/MyDrive/tag-polysemy/mtg-audio-low/93/479993.low.mp3,19,5.491493,3.2950091
445693,/content/drive/MyDrive/tag-polysemy/mtg-audio-low/93/445693.low.mp3,5,4.483145,4.900378
1370846,/content/drive/MyDrive/tag-polysemy/mtg-audio-low/46/1370846.low.mp3,14,8.49779,6.385149
1257273,/content/drive/MyDrive/tag-polysemy/mtg-audio-low/73/1257273.low.mp3,7,2.5036774,3.1498284
259935,/content/drive/MyDrive/tag-polysemy/mtg-audio-low/35/259935.low.mp3,9,10.344659,3.6315477
1181659,/content/drive/MyDrive/tag-polysemy/mtg-audio-low/59/1181659.low.mp3,1,1.0140353,5.28094
767,/content/drive/MyDrive/tag-polysemy/mtg-audio-low/67/767.low.mp3,3,10.275363,6.6669273
133265,/content/drive/MyDrive/tag-polysemy/mtg-audio-low/65/133265.low.mp3,12,6.716491,0.9995877
824636,/content/drive/MyDrive/tag-polysemy/mtg-audio-low/36/824636.low.mp3,7,2.3308024,2.5665147
293612,/content/drive/MyDrive/tag-polysemy/mtg-audio-low/12/293612.low.mp3,15,3.499999,6.263417
1377615,/content/drive/MyDrive/tag-polysemy/mtg-audio-low/15/1377615.low.mp3,2,8.13392,2.0087154
779310,/content/drive/MyDrive/tag-polysemy/mtg-audio-low/10/779310.low.mp3,4,6.2536197,1.7402757
44209,/content/drive/MyDrive/tag-polysemy/mtg-audio-low/09/44209.low.mp3,4,6.0038996,0.31783873
1048293,/content/drive/MyDrive/tag-polysemy/mtg-audio-low/93/1048293.low.mp3,11,0.61843574,3.681311
90044,/content/drive/MyDrive/tag-polysemy/mtg-audio-low/44/90044.low.mp3,19,6.432122,4.6553717
181425,/content/drive/MyDrive/tag-polysemy/mtg-audio-low/25/181425.low.mp3,6,7.0549517,6.911927
1088642,/content/drive/MyDrive/tag-polysemy/mtg-audio-low/42/1088642.low.mp3,9,10.509868,4.0599504
873808,/content/drive/MyDrive/tag-polysemy/mtg-audio-low/08/873808.low.mp3,15,10.421172,5.850802
963812,/content/drive/MyDrive/tag-polysemy/mtg-audio-low/12/963812.low.mp3,8,2.1074479,5.4201155
1311439,/content/drive/MyDrive/tag-polysemy/mtg-audio-low/39/1311439.low.mp3,2,9.38629,5.2202826
308072,/content/drive/MyDrive/tag-polysemy/mtg-audio-low/72/308072.low.mp3,16,2.7294838,5.336511
1418662,/content/drive/MyDrive/tag-polysemy/mtg-audio-low/62/1418662.low.mp3,6,8.232291,6.844656
1295900,/content/drive/MyDrive/tag-polysemy/mtg-audio-low/00/1295900.low.mp3,4,6.0236845,0.35244447
48379,/content/drive/MyDrive/tag-polysemy/mtg-audio-low/79/48379.low.mp3,12,6.196811,1.3257372
37532,/content/drive/MyDrive/tag-polysemy/mtg-audio-low/32/37532.low.mp3,19,6.98023,2.5978057
939804,/content/drive/MyDrive/tag-polysemy/mtg-audio-low/04/939804.low.mp3,19,7.1618485,3.1349988
324378,/content/drive/MyDrive/tag-polysemy/mtg-audio-low/78/324378.low.mp3,15,2.47768,5.8832273
1165946,/content/drive/MyDrive/tag-polysemy/mtg-audio-low/46/1165946.low.mp3,12,6.9280157,0.46898416
1203431,/content/drive/MyDrive/tag-polysemy/mtg-audio-low/31/1203431.low.mp3,3,9.794165,5.3545127
152713,/content/drive/MyDrive/tag-polysemy/mtg-audio-low/13/152713.low.mp3,18,3.7694046,2.1529765
1236866,/content/drive/MyDrive/tag-polysemy/mtg-audio-low/66/1236866.low.mp3,5,6.656227,5.67399
1154732,/content/drive/MyDrive/tag-polysemy/mtg-audio-low/32/1154732.low.mp3,15,3.3184757,6.4059925
418037,/content/drive/MyDrive/tag-polysemy/mtg-audio-low/37/418037.low.mp3,14,9.002381,6.4923887
118975,/content/drive/MyDrive/tag-polysemy/mtg-audio-low/75/118975.low.mp3,16,2.9319444,5.424846
1066500,/content/drive/MyDrive/tag-polysemy/mtg-audio-low/00/1066500.low.mp3,8,5.1729193,5.113751
1042004,/content/drive/MyDrive/tag-polysemy/mtg-audio-low/04/1042004.low.mp3,11,1.0658922,4.821552
128316,/content/drive/MyDrive/tag-polysemy/mtg-audio-low/16/128316.low.mp3,19,5.80145,3.6247675
1419664,/content/drive/MyDrive/tag-polysemy/mtg-audio-low/64/1419664.low.mp3,11,-0.4241014,2.8645573
713893,/content/drive/MyDrive/tag-polysemy/mtg-audio-low/93/713893.low.mp3,6,7.735661,6.804284
204519,/content/drive/MyDrive/tag-polysemy/mtg-audio-low/19/204519.low.mp3,5,6.348737,5.3886833
1271917,/content/drive/MyDrive/tag-polysemy/mtg-audio-low/17/1271917.low.mp3,4,4.9703846,1.2516768
873884,/content/drive/MyDrive/tag-polysemy/mtg-audio-low/84/873884.low.mp3,8,2.6798322,3.8985567
153519,/content/drive/MyDrive/tag-polysemy/mtg-audio-low/19/153519.low.mp3,2,9.340569,4.1588635
22519,/content/drive/MyDrive/tag-polysemy/mtg-audio-low/19/22519.low.mp3,18,3.2148619,1.8019602
1171254,/content/drive/MyDrive/tag-polysemy/mtg-audio-low/54/1171254.low.mp3,5,5.4165673,3.2181692
1397148,/content/drive/MyDrive/tag-polysemy/mtg-audio-low/48/1397148.low.mp3,12,6.565904,4.4859734
1327296,/content/drive/MyDrive/tag-polysemy/mtg-audio-low/96/1327296.low.mp3,3,9.285553,6.2109847
1376241,/content/drive/MyDrive/tag-polysemy/mtg-audio-low/41/1376241.low.mp3,12,5.177427,1.3131052
1275647,/content/drive/MyDrive/tag-polysemy/mtg-audio-low/47/1275647.low.mp3,7,4.116084,1.4751445
41975,/content/drive/MyDrive/tag-polysemy/mtg-audio-low/75/41975.low.mp3,4,4.785317,1.8904619
391335,/content/drive/MyDrive/tag-polysemy/mtg-audio-low/35/391335.low.mp3,13,7.022273,2.6049087
1033438,/content/drive/MyDrive/tag-polysemy/mtg-audio-low/38/1033438.low.mp3,18,3.3474038,2.5374393
1203123,/content/drive/MyDrive/tag-polysemy/mtg-audio-low/23/1203123.low.mp3,8,1.3517758,3.6445723
1066029,/content/drive/MyDrive/tag-polysemy/mtg-audio-low/29/1066029.low.mp3,13,3.5290582,3.4595532
79517,/content/drive/MyDrive/tag-polysemy/mtg-audio-low/17/79517.low.mp3,16,6.021974,5.8500285
1121504,/content/drive/MyDrive/tag-polysemy/mtg-audio-low/04/1121504.low.mp3,13,5.786236,3.0807176
1147914,/content/drive/MyDrive/tag-polysemy/mtg-audio-low/14/1147914.low.mp3,18,3.1694405,2.80486
617282,/content/drive/MyDrive/tag-polysemy/mtg-audio-low/82/617282.low.mp3,18,4.482275,1.6247283
167895,/content/drive/MyDrive/tag-polysemy/mtg-audio-low/95/167895.low.mp3,15,3.4185534,6.329399
1043882,/content/drive/MyDrive/tag-polysemy/mtg-audio-low/82/1043882.low.mp3,2,9.853306,4.872484
37236,/content/drive/MyDrive/tag-polysemy/mtg-audio-low/36/37236.low.mp3,13,3.8389347,3.4118724
152716,/content/drive/MyDrive/tag-polysemy/mtg-audio-low/16/152716.low.mp3,15,2.8287828,5.7848225
125447,/content/drive/MyDrive/tag-polysemy/mtg-audio-low/47/125447.low.mp3,16,6.7954926,6.5089383
1090537,/content/drive/MyDrive/tag-polysemy/mtg-audio-low/37/1090537.low.mp3,5,5.7961907,4.785878
1128033,/content/drive/MyDrive/tag-polysemy/mtg-audio-low/33/1128033.low.mp3,19,6.325649,3.3095417
1036281,/content/drive/MyDrive/tag-polysemy/mtg-audio-low/81/1036281.low.mp3,19,6.133415,2.5706356
492073,/content/drive/MyDrive/tag-polysemy/mtg-audio-low/73/492073.low.mp3,16,7.1545305,2.7405574
1204747,/content/drive/MyDrive/tag-polysemy/mtg-audio-low/47/1204747.low.mp3,8,1.5085796,4.6430798
180924,/content/drive/MyDrive/tag-polysemy/mtg-audio-low/24/180924.low.mp3,6,8.432156,6.720009
1241408,/content/drive/MyDrive/tag-polysemy/mtg-audio-low/08/1241408.low.mp3,1,0.8236589,5.9668903
1147428,/content/drive/MyDrive/tag-polysemy/mtg-audio-low/28/1147428.low.mp3,10,7.6289096,0.85546476
1134585,/content/drive/MyDrive/tag-polysemy/mtg-audio-low/85/1134585.low.mp3,1,0.7778333,6.096959
1417022,/content/drive/MyDrive/tag-polysemy/mtg-audio-low/22/1417022.low.mp3,15,3.0737262,6.220248
1286485,/content/drive/MyDrive/tag-polysemy/mtg-audio-low/85/1286485.low.mp3,1,0.69972223,6.2716036
1026811,/content/drive/MyDrive/tag-polysemy/mtg-audio-low/11/1026811.low.mp3,11,1.0858028,4.601611
268776,/content/drive/MyDrive/tag-polysemy/mtg-audio-low/76/268776.low.mp3,19,5.403372,3.907475
638067,/content/drive/MyDrive/tag-polysemy/mtg-audio-low/67/638067.low.mp3,12,6.530583,0.30583495
1111951,/content/drive/MyDrive/tag-polysemy/mtg-audio-low/51/1111951.low.mp3,11,1.4709343,5.2448616
524837,/content/drive/MyDrive/tag-polysemy/mtg-audio-low/37/524837.low.mp3,5,4.399211,2.817034
68463,/content/drive/MyDrive/tag-polysemy/mtg-audio-low/63/68463.low.mp3,6,7.880272,6.99451
981910,/content/drive/MyDrive/tag-polysemy/mtg-audio-low/10/981910.low.mp3,16,5.9427104,6.010089
998710,/content/drive/MyDrive/tag-polysemy/mtg-audio-low/10/998710.low.mp3,11,1.0957463,4.39646
33822,/content/drive/MyDrive/tag-polysemy/mtg-audio-low/22/33822.low.mp3,3,9.796534,5.267761
1306199,/content/drive/MyDrive/tag-polysemy/mtg-audio-low/99/1306199.low.mp3,3,10.44317,6.5399356
1121551,/content/drive/MyDrive/tag-polysemy/mtg-audio-low/51/1121551.low.mp3,19,4.584916,2.9314024
1109741,/content/drive/MyDrive/tag-polysemy/mtg-audio-low/41/1109741.low.mp3,5,6.227999,3.7945335
1319011,/content/drive/MyDrive/tag-polysemy/mtg-audio-low/11/1319011.low.mp3,15,3.6136081,6.3292646
1368951,/content/drive/MyDrive/tag-polysemy/mtg-audio-low/51/1368951.low.mp3,18,3.5275106,2.1734264
327539,/content/drive/MyDrive/tag-polysemy/mtg-audio-low/39/327539.low.mp3,16,6.54759,6.2876496
1001893,/content/drive/MyDrive/tag-polysemy/mtg-audio-low/93/1001893.low.mp3,7,3.4776804,2.6158168
1384405,/content/drive/MyDrive/tag-polysemy/mtg-audio-low/05/1384405.low.mp3,18,1.5904183,4.6425166
1329930,/content/drive/MyDrive/tag-polysemy/mtg-audio-low/30/1329930.low.mp3,5,5.186021,5.1053023
1030278,/content/drive/MyDrive/tag-polysemy/mtg-audio-low/78/1030278.low.mp3,3,9.568305,6.1498976
1275425,/content/drive/MyDrive/tag-polysemy/mtg-audio-low/25/1275425.low.mp3,12,7.849302,1.3707161
789884,/content/drive/MyDrive/tag-polysemy/mtg-audio-low/84/789884.low.mp3,18,4.2195206,3.5036497
1158199,/content/drive/MyDrive/tag-polysemy/mtg-audio-low/99/1158199.low.mp3,4,4.31954,1.5496207
207545,/content/drive/MyDrive/tag-polysemy/mtg-audio-low/45/207545.low.mp3,14,8.718828,6.46172
996973,/content/drive/MyDrive/tag-polysemy/mtg-audio-low/73/996973.low.mp3,15,3.2775319,6.636623
1061385,/content/drive/MyDrive/tag-polysemy/mtg-audio-low/85/1061385.low.mp3,14,5.855007,5.3194165
403806,/content/drive/MyDrive/tag-polysemy/mtg-audio-low/06/403806.low.mp3,2,5.987979,3.1958983
1079386,/content/drive/MyDrive/tag-polysemy/mtg-audio-low/86/1079386.low.mp3,11,0.7142736,4.3209944
1047691,/content/drive/MyDrive/tag-polysemy/mtg-audio-low/91/1047691.low.mp3,6,6.8865,6.6883826
1122286,/content/drive/MyDrive/tag-polysemy/mtg-audio-low/86/1122286.low.mp3,8,2.1163368,4.278621
1101579,/content/drive/MyDrive/tag-polysemy/mtg-audio-low/79/1101579.low.mp3,19,6.1606126,3.852561
948204,/content/drive/MyDrive/tag-polysemy/mtg-audio-low/04/948204.low.mp3,4,2.5136611,3.7995687
875551,/content/drive/MyDrive/tag-polysemy/mtg-audio-low/51/875551.low.mp3,2,9.06129,5.369467
537874,/content/drive/MyDrive/tag-polysemy/mtg-audio-low/74/537874.low.mp3,8,1.9734961,5.260819
464814,/content/drive/MyDrive/tag-polysemy/mtg-audio-low/14/464814.low.mp3,16,6.0085187,5.831682
1240097,/content/drive/MyDrive/tag-polysemy/mtg-audio-low/97/1240097.low.mp3,4,3.195063,2.0750477
1045516,/content/drive/MyDrive/tag-polysemy/mtg-audio-low/16/1045516.low.mp3,18,3.0178285,2.0669897
1211527,/content/drive/MyDrive/tag-polysemy/mtg-audio-low/27/1211527.low.mp3,5,5.730334,4.805466
1026818,/content/drive/MyDrive/tag-polysemy/mtg-audio-low/18/1026818.low.mp3,12,6.5935497,0.4764129
1119661,/content/drive/MyDrive/tag-polysemy/mtg-audio-low/61/1119661.low.mp3,3,9.073761,5.25694
1147628,/content/drive/MyDrive/tag-polysemy/mtg-audio-low/28/1147628.low.mp3,13,6.379384,1.288248
1404005,/content/drive/MyDrive/tag-polysemy/mtg-audio-low/05/1404005.low.mp3,9,9.730789,5.2029986
937093,/content/drive/MyDrive/tag-polysemy/mtg-audio-low/93/937093.low.mp3,1,1.1409539,5.3917127
1384035,/content/drive/MyDrive/tag-polysemy/mtg-audio-low/35/1384035.low.mp3,13,6.6188207,1.7415729
1170403,/content/drive/MyDrive/tag-polysemy/mtg-audio-low/03/1170403.low.mp3,11,0.87150687,3.5669076
1077459,/content/drive/MyDrive/tag-polysemy/mtg-audio-low/59/1077459.low.mp3,9,10.690644,4.264148
1057528,/content/drive/MyDrive/tag-polysemy/mtg-audio-low/28/1057528.low.mp3,14,8.763652,5.845026
1371701,/content/drive/MyDrive/tag-polysemy/mtg-audio-low/01/1371701.low.mp3,12,7.055194,0.7022673
1269995,/content/drive/MyDrive/tag-polysemy/mtg-audio-low/95/1269995.low.mp3,11,-0.19768415,2.886189
1399336,/content/drive/MyDrive/tag-polysemy/mtg-audio-low/36/1399336.low.mp3,10,7.4249563,1.8412851
1110480,/content/drive/MyDrive/tag-polysemy/mtg-audio-low/80/1110480.low.mp3,13,6.3295784,2.978244
900796,/content/drive/MyDrive/tag-polysemy/mtg-audio-low/96/900796.low.mp3,14,6.1612997,5.7296185
316205,/content/drive/MyDrive/tag-polysemy/mtg-audio-low/05/316205.low.mp3,4,7.416393,5.4156384
1153407,/content/drive/MyDrive/tag-polysemy/mtg-audio-low/07/1153407.low.mp3,12,6.7609096,0.32708645
1250044,/content/drive/MyDrive/tag-polysemy/mtg-audio-low/44/1250044.low.mp3,12,6.569496,2.0278902
393970,/content/drive/MyDrive/tag-polysemy/mtg-audio-low/70/393970.low.mp3,10,7.433653,2.2954257
1242439,/content/drive/MyDrive/tag-polysemy/mtg-audio-low/39/1242439.low.mp3,1,1.1035061,4.821183
592184,/content/drive/MyDrive/tag-polysemy/mtg-audio-low/84/592184.low.mp3,1,0.66144305,6.0977864
1095596,/content/drive/MyDrive/tag-polysemy/mtg-audio-low/96/1095596.low.mp3,1,0.56722873,5.619718
1052136,/content/drive/MyDrive/tag-polysemy/mtg-audio-low/36/1052136.low.mp3,11,0.6778264,3.7920134
376419,/content/drive/MyDrive/tag-polysemy/mtg-audio-low/19/376419.low.mp3,18,4.721494,3.3126135
907107,/content/drive/MyDrive/tag-polysemy/mtg-audio-low/07/907107.low.mp3,4,4.467751,1.5556918
1413263,/content/drive/MyDrive/tag-polysemy/mtg-audio-low/63/1413263.low.mp3,12,7.336208,0.90169895
1079236,/content/drive/MyDrive/tag-polysemy/mtg-audio-low/36/1079236.low.mp3,5,7.69345,5.717743
14013,/content/drive/MyDrive/tag-polysemy/mtg-audio-low/13/14013.low.mp3,1,0.4143253,6.228671
1386916,/content/drive/MyDrive/tag-polysemy/mtg-audio-low/16/1386916.low.mp3,14,6.5113416,5.6972227
1169725,/content/drive/MyDrive/tag-polysemy/mtg-audio-low/25/1169725.low.mp3,1,0.0670859,6.5379567
1400800,/content/drive/MyDrive/tag-polysemy/mtg-audio-low/00/1400800.low.mp3,7,2.3630934,3.0239303
1041557,/content/drive/MyDrive/tag-polysemy/mtg-audio-low/57/1041557.low.mp3,3,10.488136,6.5146575
264028,/content/drive/MyDrive/tag-polysemy/mtg-audio-low/28/264028.low.mp3,18,3.2492452,2.6301672
80376,/content/drive/MyDrive/tag-polysemy/mtg-audio-low/76/80376.low.mp3,3,9.572767,6.041928
1396670,/content/drive/MyDrive/tag-polysemy/mtg-audio-low/70/1396670.low.mp3,18,5.153854,2.9107153
1121737,/content/drive/MyDrive/tag-polysemy/mtg-audio-low/37/1121737.low.mp3,5,6.4088106,5.408364
1102230,/content/drive/MyDrive/tag-polysemy/mtg-audio-low/30/1102230.low.mp3,17,4.289492,5.7598763
1289527,/content/drive/MyDrive/tag-polysemy/mtg-audio-low/27/1289527.low.mp3,12,6.7220564,1.1020107
1234245,/content/drive/MyDrive/tag-polysemy/mtg-audio-low/45/1234245.low.mp3,19,6.4204297,5.116492
271106,/content/drive/MyDrive/tag-polysemy/mtg-audio-low/06/271106.low.mp3,4,5.7294145,1.0057088
1307734,/content/drive/MyDrive/tag-polysemy/mtg-audio-low/34/1307734.low.mp3,9,10.54099,3.9175768
1111976,/content/drive/MyDrive/tag-polysemy/mtg-audio-low/76/1111976.low.mp3,8,2.2333753,4.5449295
1089921,/content/drive/MyDrive/tag-polysemy/mtg-audio-low/21/1089921.low.mp3,5,5.2941036,5.2174172
1407656,/content/drive/MyDrive/tag-polysemy/mtg-audio-low/56/1407656.low.mp3,17,4.7936745,5.300744
398716,/content/drive/MyDrive/tag-polysemy/mtg-audio-low/16/398716.low.mp3,16,6.1743183,5.5011744
1127772,/content/drive/MyDrive/tag-polysemy/mtg-audio-low/72/1127772.low.mp3,19,7.0410604,2.7012105
1066751,/content/drive/MyDrive/tag-polysemy/mtg-audio-low/51/1066751.low.mp3,14,8.90639,6.611192
1105054,/content/drive/MyDrive/tag-polysemy/mtg-audio-low/54/1105054.low.mp3,15,3.293915,6.512818
123612,/content/drive/MyDrive/tag-polysemy/mtg-audio-low/12/123612.low.mp3,0,10.154799,3.5523565
202935,/content/drive/MyDrive/tag-polysemy/mtg-audio-low/35/202935.low.mp3,11,0.8978149,3.4937727
1378740,/content/drive/MyDrive/tag-polysemy/mtg-audio-low/40/1378740.low.mp3,4,6.1956882,2.3966541
1221300,/content/drive/MyDrive/tag-polysemy/mtg-audio-low/00/1221300.low.mp3,11,1.0166268,4.5301924
1126408,/content/drive/MyDrive/tag-polysemy/mtg-audio-low/08/1126408.low.mp3,9,10.518485,4.143628
1418339,/content/drive/MyDrive/tag-polysemy/mtg-audio-low/39/1418339.low.mp3,13,3.7161083,4.2230687
308720,/content/drive/MyDrive/tag-polysemy/mtg-audio-low/20/308720.low.mp3,13,5.779186,1.1052163
351547,/content/drive/MyDrive/tag-polysemy/mtg-audio-low/47/351547.low.mp3,13,3.0583863,4.0276947
1170409,/content/drive/MyDrive/tag-polysemy/mtg-audio-low/09/1170409.low.mp3,11,0.46735135,3.512727
1049495,/content/drive/MyDrive/tag-polysemy/mtg-audio-low/95/1049495.low.mp3,5,3.7455077,2.700434
1160353,/content/drive/MyDrive/tag-polysemy/mtg-audio-low/53/1160353.low.mp3,5,7.206118,5.7809753
12831,/content/drive/MyDrive/tag-polysemy/mtg-audio-low/31/12831.low.mp3,13,7.489937,3.3167074
1108281,/content/drive/MyDrive/tag-polysemy/mtg-audio-low/81/1108281.low.mp3,18,3.3021915,2.4402032
1057796,/content/drive/MyDrive/tag-polysemy/mtg-audio-low/96/1057796.low.mp3,17,0.9788973,3.5751395
1052560,/content/drive/MyDrive/tag-polysemy/mtg-audio-low/60/1052560.low.mp3,0,10.370458,3.4183414
378610,/content/drive/MyDrive/tag-polysemy/mtg-audio-low/10/378610.low.mp3,3,8.713137,6.1339197
889287,/content/drive/MyDrive/tag-polysemy/mtg-audio-low/87/889287.low.mp3,13,5.182761,2.4804502
1084378,/content/drive/MyDrive/tag-polysemy/mtg-audio-low/78/1084378.low.mp3,1,1.171754,5.687508
488622,/content/drive/MyDrive/tag-polysemy/mtg-audio-low/22/488622.low.mp3,10,7.458063,1.2850989
1015040,/content/drive/MyDrive/tag-polysemy/mtg-audio-low/40/1015040.low.mp3,13,6.407689,1.336345
49024,/content/drive/MyDrive/tag-polysemy/mtg-audio-low/24/49024.low.mp3,11,0.40064442,4.27648
1335982,/content/drive/MyDrive/tag-polysemy/mtg-audio-low/82/1335982.low.mp3,8,4.4671535,3.8000834
1413890,/content/drive/MyDrive/tag-polysemy/mtg-audio-low/90/1413890.low.mp3,0,7.3962054,2.6150558
36204,/content/drive/MyDrive/tag-polysemy/mtg-audio-low/04/36204.low.mp3,17,10.049182,5.097003
764951,/content/drive/MyDrive/tag-polysemy/mtg-audio-low/51/764951.low.mp3,5,4.8926554,5.0253863
420783,/content/drive/MyDrive/tag-polysemy/mtg-audio-low/83/420783.low.mp3,13,3.4845035,4.0896673
90134,/content/drive/MyDrive/tag-polysemy/mtg-audio-low/34/90134.low.mp3,14,6.551847,5.84047
26024,/content/drive/MyDrive/tag-polysemy/mtg-audio-low/24/26024.low.mp3,15,10.47267,6.1230936
210624,/content/drive/MyDrive/tag-polysemy/mtg-audio-low/24/210624.low.mp3,11,0.7470362,4.459151
1133479,/content/drive/MyDrive/tag-polysemy/mtg-audio-low/79/1133479.low.mp3,14,8.845776,6.6575446
89344,/content/drive/MyDrive/tag-polysemy/mtg-audio-low/44/89344.low.mp3,4,4.9868436,2.0279858
1355457,/content/drive/MyDrive/tag-polysemy/mtg-audio-low/57/1355457.low.mp3,19,4.445308,3.7170408
1130058,/content/drive/MyDrive/tag-polysemy/mtg-audio-low/58/1130058.low.mp3,4,6.0349817,2.5799615
249534,/content/drive/MyDrive/tag-polysemy/mtg-audio-low/34/249534.low.mp3,19,3.6439564,4.3299365
1379069,/content/drive/MyDrive/tag-polysemy/mtg-audio-low/69/1379069.low.mp3,5,5.512863,4.5435987
248094,/content/drive/MyDrive/tag-polysemy/mtg-audio-low/94/248094.low.mp3,13,5.7663007,2.2296245
225941,/content/drive/MyDrive/tag-polysemy/mtg-audio-low/41/225941.low.mp3,13,5.3684816,1.872768
1303065,/content/drive/MyDrive/tag-polysemy/mtg-audio-low/65/1303065.low.mp3,3,8.865453,4.827797
1159864,/content/drive/MyDrive/tag-polysemy/mtg-audio-low/64/1159864.low.mp3,15,3.1468596,6.3828473
1250210,/content/drive/MyDrive/tag-polysemy/mtg-audio-low/10/1250210.low.mp3,11,0.16407408,3.0092669
1177757,/content/drive/MyDrive/tag-polysemy/mtg-audio-low/57/1177757.low.mp3,16,5.882248,6.0641255
1162946,/content/drive/MyDrive/tag-polysemy/mtg-audio-low/46/1162946.low.mp3,1,0.567999,6.0949144
1316648,/content/drive/MyDrive/tag-polysemy/mtg-audio-low/48/1316648.low.mp3,7,2.5912733,3.1640975
649321,/content/drive/MyDrive/tag-polysemy/mtg-audio-low/21/649321.low.mp3,5,5.3168864,4.9076233
558410,/content/drive/MyDrive/tag-polysemy/mtg-audio-low/10/558410.low.mp3,7,2.4014173,2.2878854
345162,/content/drive/MyDrive/tag-polysemy/mtg-audio-low/62/345162.low.mp3,8,4.4320006,2.7650936
1272787,/content/drive/MyDrive/tag-polysemy/mtg-audio-low/87/1272787.low.mp3,3,9.905575,5.7414885
349033,/content/drive/MyDrive/tag-polysemy/mtg-audio-low/33/349033.low.mp3,19,5.3115473,3.3813777
1274046,/content/drive/MyDrive/tag-polysemy/mtg-audio-low/46/1274046.low.mp3,1,0.6184774,6.226116
1122657,/content/drive/MyDrive/tag-polysemy/mtg-audio-low/57/1122657.low.mp3,12,6.2271056,1.2668942
1078405,/content/drive/MyDrive/tag-polysemy/mtg-audio-low/05/1078405.low.mp3,9,10.545808,4.0452
1357566,/content/drive/MyDrive/tag-polysemy/mtg-audio-low/66/1357566.low.mp3,6,8.265165,6.1894875
258610,/content/drive/MyDrive/tag-polysemy/mtg-audio-low/10/258610.low.mp3,3,8.301658,4.089237
1290958,/content/drive/MyDrive/tag-polysemy/mtg-audio-low/58/1290958.low.mp3,7,2.548884,3.2416058
367025,/content/drive/MyDrive/tag-polysemy/mtg-audio-low/25/367025.low.mp3,13,3.8653123,3.3527834
1051518,/content/drive/MyDrive/tag-polysemy/mtg-audio-low/18/1051518.low.mp3,10,7.6578484,0.7583286
185690,/content/drive/MyDrive/tag-polysemy/mtg-audio-low/90/185690.low.mp3,12,6.6426435,0.23237708
431448,/content/drive/MyDrive/tag-polysemy/mtg-audio-low/48/431448.low.mp3,1,-0.02575108,6.102696
1030654,/content/drive/MyDrive/tag-polysemy/mtg-audio-low/54/1030654.low.mp3,3,8.227241,6.322079
1110724,/content/drive/MyDrive/tag-polysemy/mtg-audio-low/24/1110724.low.mp3,1,1.3801893,6.440963
1050998,/content/drive/MyDrive/tag-polysemy/mtg-audio-low/98/1050998.low.mp3,12,6.794388,0.5696095
1348042,/content/drive/MyDrive/tag-polysemy/mtg-audio-low/42/1348042.low.mp3,1,0.4971542,6.0898314
90119,/content/drive/MyDrive/tag-polysemy/mtg-audio-low/19/90119.low.mp3,9,10.575199,4.382593
206715,/content/drive/MyDrive/tag-polysemy/mtg-audio-low/15/206715.low.mp3,5,4.184809,4.5710483
659397,/content/drive/MyDrive/tag-polysemy/mtg-audio-low/97/659397.low.mp3,11,0.7603741,3.3723307
496080,/content/drive/MyDrive/tag-polysemy/mtg-audio-low/80/496080.low.mp3,16,6.573562,6.273762
278194,/content/drive/MyDrive/tag-polysemy/mtg-audio-low/94/278194.low.mp3,12,8.133816,3.4033384
542360,/content/drive/MyDrive/tag-polysemy/mtg-audio-low/60/542360.low.mp3,6,7.004156,6.616827
345905,/content/drive/MyDrive/tag-polysemy/mtg-audio-low/05/345905.low.mp3,17,4.2683706,5.7483873
123447,/content/drive/MyDrive/tag-polysemy/mtg-audio-low/47/123447.low.mp3,15,10.437297,5.8281107
1399349,/content/drive/MyDrive/tag-polysemy/mtg-audio-low/49/1399349.low.mp3,12,6.902949,1.0079874
998706,/content/drive/MyDrive/tag-polysemy/mtg-audio-low/06/998706.low.mp3,11,-0.3194502,2.9213812
162218,/content/drive/MyDrive/tag-polysemy/mtg-audio-low/18/162218.low.mp3,8,2.0658462,4.39635
45979,/content/drive/MyDrive/tag-polysemy/mtg-audio-low/79/45979.low.mp3,12,10.484053,3.3816054
395801,/content/drive/MyDrive/tag-polysemy/mtg-audio-low/01/395801.low.mp3,9,3.9449952,4.265481
1347868,/content/drive/MyDrive/tag-polysemy/mtg-audio-low/68/1347868.low.mp3,15,3.0636249,6.3382754
1126087,/content/drive/MyDrive/tag-polysemy/mtg-audio-low/87/1126087.low.mp3,10,7.3705583,1.4765376
1131046,/content/drive/MyDrive/tag-polysemy/mtg-audio-low/46/1131046.low.mp3,11,5.9124193,1.5476414
756225,/content/drive/MyDrive/tag-polysemy/mtg-audio-low/25/756225.low.mp3,10,7.7617693,1.9325
26129,/content/drive/MyDrive/tag-polysemy/mtg-audio-low/29/26129.low.mp3,4,5.406409,0.3585519
1044305,/content/drive/MyDrive/tag-polysemy/mtg-audio-low/05/1044305.low.mp3,7,2.3009164,2.822765
1234392,/content/drive/MyDrive/tag-polysemy/mtg-audio-low/92/1234392.low.mp3,11,1.0334588,3.3699062
393256,/content/drive/MyDrive/tag-polysemy/mtg-audio-low/56/393256.low.mp3,1,-0.016192256,6.1146646
1193991,/content/drive/MyDrive/tag-polysemy/mtg-audio-low/91/1193991.low.mp3,14,6.602727,5.801563
824793,/content/drive/MyDrive/tag-polysemy/mtg-audio-low/93/824793.low.mp3,8,2.608468,3.8893113
47571,/content/drive/MyDrive/tag-polysemy/mtg-audio-low/71/47571.low.mp3,0,8.274981,3.5596526
1116433,/content/drive/MyDrive/tag-polysemy/mtg-audio-low/33/1116433.low.mp3,15,3.527831,6.3216786
249996,/content/drive/MyDrive/tag-polysemy/mtg-audio-low/96/249996.low.mp3,9,5.347232,2.9825554
89284,/content/drive/MyDrive/tag-polysemy/mtg-audio-low/84/89284.low.mp3,15,5.461313,4.978813
132966,/content/drive/MyDrive/tag-polysemy/mtg-audio-low/66/132966.low.mp3,8,3.4434128,2.3568852
316273,/content/drive/MyDrive/tag-polysemy/mtg-audio-low/73/316273.low.mp3,13,5.97727,0.36843854
1164335,/content/drive/MyDrive/tag-polysemy/mtg-audio-low/35/1164335.low.mp3,11,-0.034876775,3.2611668
1327739,/content/drive/MyDrive/tag-polysemy/mtg-audio-low/39/1327739.low.mp3,0,6.3553896,3.6186955
82246,/content/drive/MyDrive/tag-polysemy/mtg-audio-low/46/82246.low.mp3,14,8.447757,6.7845116
481779,/content/drive/MyDrive/tag-polysemy/mtg-audio-low/79/481779.low.mp3,4,5.9152174,1.3484125
524842,/content/drive/MyDrive/tag-polysemy/mtg-audio-low/42/524842.low.mp3,18,3.5624373,1.9334961
1387142,/content/drive/MyDrive/tag-polysemy/mtg-audio-low/42/1387142.low.mp3,0,10.449913,3.1000104
1045269,/content/drive/MyDrive/tag-polysemy/mtg-audio-low/69/1045269.low.mp3,19,4.228824,2.8089514
392219,/content/drive/MyDrive/tag-polysemy/mtg-audio-low/19/392219.low.mp3,1,1.2687317,6.508145
1136680,/content/drive/MyDrive/tag-polysemy/mtg-audio-low/80/1136680.low.mp3,5,5.1389675,5.0602756
115926,/content/drive/MyDrive/tag-polysemy/mtg-audio-low/26/115926.low.mp3,15,2.9804285,5.8287463
1368805,/content/drive/MyDrive/tag-polysemy/mtg-audio-low/05/1368805.low.mp3,6,8.063662,5.9185314
1090228,/content/drive/MyDrive/tag-polysemy/mtg-audio-low/28/1090228.low.mp3,10,7.8238125,1.9508744
1346775,/content/drive/MyDrive/tag-polysemy/mtg-audio-low/75/1346775.low.mp3,2,9.556255,5.3172073
1394415,/content/drive/MyDrive/tag-polysemy/mtg-audio-low/15/1394415.low.mp3,11,1.2012485,3.3692343
80710,/content/drive/MyDrive/tag-polysemy/mtg-audio-low/10/80710.low.mp3,17,3.9921668,4.8124537
1117410,/content/drive/MyDrive/tag-polysemy/mtg-audio-low/10/1117410.low.mp3,3,8.436853,6.1935973
292007,/content/drive/MyDrive/tag-polysemy/mtg-audio-low/07/292007.low.mp3,11,1.07313,3.1525075
1402955,/content/drive/MyDrive/tag-polysemy/mtg-audio-low/55/1402955.low.mp3,5,5.3988805,5.5545597
1062590,/content/drive/MyDrive/tag-polysemy/mtg-audio-low/90/1062590.low.mp3,18,3.4340637,2.2741354
1156012,/content/drive/MyDrive/tag-polysemy/mtg-audio-low/12/1156012.low.mp3,5,6.6975083,5.7281504
10560,/content/drive/MyDrive/tag-polysemy/mtg-audio-low/60/10560.low.mp3,9,10.482838,3.5566792
915582,/content/drive/MyDrive/tag-polysemy/mtg-audio-low/82/915582.low.mp3,3,10.23843,6.5000486
1154727,/content/drive/MyDrive/tag-polysemy/mtg-audio-low/27/1154727.low.mp3,15,3.7791743,6.3317556
1105469,/content/drive/MyDrive/tag-polysemy/mtg-audio-low/69/1105469.low.mp3,13,5.9808917,2.7146738
1126093,/content/drive/MyDrive/tag-polysemy/mtg-audio-low/93/1126093.low.mp3,12,7.0091543,1.2496039
1089783,/content/drive/MyDrive/tag-polysemy/mtg-audio-low/83/1089783.low.mp3,5,3.4823442,4.1628795
996969,/content/drive/MyDrive/tag-polysemy/mtg-audio-low/69/996969.low.mp3,5,5.610742,5.710767
1009672,/content/drive/MyDrive/tag-polysemy/mtg-audio-low/72/1009672.low.mp3,14,9.104501,5.8632436
1171070,/content/drive/MyDrive/tag-polysemy/mtg-audio-low/70/1171070.low.mp3,4,5.8010583,1.3121527
1349680,/content/drive/MyDrive/tag-polysemy/mtg-audio-low/80/1349680.low.mp3,11,0.95783854,3.2071097
326883,/content/drive/MyDrive/tag-polysemy/mtg-audio-low/83/326883.low.mp3,9,10.074309,3.581328
345285,/content/drive/MyDrive/tag-polysemy/mtg-audio-low/85/345285.low.mp3,11,0.76115984,3.7450175
313820,/content/drive/MyDrive/tag-polysemy/mtg-audio-low/20/313820.low.mp3,13,6.560877,4.489045
1103265,/content/drive/MyDrive/tag-polysemy/mtg-audio-low/65/1103265.low.mp3,15,4.661683,5.655988
752299,/content/drive/MyDrive/tag-polysemy/mtg-audio-low/99/752299.low.mp3,1,1.0341222,5.4963036
1305479,/content/drive/MyDrive/tag-polysemy/mtg-audio-low/79/1305479.low.mp3,5,1.7043818,3.2954757
771294,/content/drive/MyDrive/tag-polysemy/mtg-audio-low/94/771294.low.mp3,13,6.1819024,2.461355
393580,/content/drive/MyDrive/tag-polysemy/mtg-audio-low/80/393580.low.mp3,17,7.1182885,2.354194
1312608,/content/drive/MyDrive/tag-polysemy/mtg-audio-low/08/1312608.low.mp3,16,5.9004836,6.0335145
153588,/content/drive/MyDrive/tag-polysemy/mtg-audio-low/88/153588.low.mp3,11,0.99683046,4.0997386
1237336,/content/drive/MyDrive/tag-polysemy/mtg-audio-low/36/1237336.low.mp3,10,7.597315,0.73808885
33452,/content/drive/MyDrive/tag-polysemy/mtg-audio-low/52/33452.low.mp3,18,1.7953161,4.618944
1079976,/content/drive/MyDrive/tag-polysemy/mtg-audio-low/76/1079976.low.mp3,10,6.6583138,0.84916985
1306378,/content/drive/MyDrive/tag-polysemy/mtg-audio-low/78/1306378.low.mp3,10,6.993215,1.6882699
1350307,/content/drive/MyDrive/tag-polysemy/mtg-audio-low/07/1350307.low.mp3,8,1.5218436,3.89377
192148,/content/drive/MyDrive/tag-polysemy/mtg-audio-low/48/192148.low.mp3,5,6.260014,3.7312212
136457,/content/drive/MyDrive/tag-polysemy/mtg-audio-low/57/136457.low.mp3,1,1.0123478,4.795242
1420581,/content/drive/MyDrive/tag-polysemy/mtg-audio-low/81/1420581.low.mp3,17,6.9541626,3.4883065
811117,/content/drive/MyDrive/tag-polysemy/mtg-audio-low/17/811117.low.mp3,1,1.1083252,4.617049
1414192,/content/drive/MyDrive/tag-polysemy/mtg-audio-low/92/1414192.low.mp3,19,5.7860546,3.5470781
1110758,/content/drive/MyDrive/tag-polysemy/mtg-audio-low/58/1110758.low.mp3,8,3.7378142,3.845186
1226703,/content/drive/MyDrive/tag-polysemy/mtg-audio-low/03/1226703.low.mp3,6,6.8441777,6.5485845
267904,/content/drive/MyDrive/tag-polysemy/mtg-audio-low/04/267904.low.mp3,10,7.156816,2.4341526
149072,/content/drive/MyDrive/tag-polysemy/mtg-audio-low/72/149072.low.mp3,6,7.943167,6.8464546
1268118,/content/drive/MyDrive/tag-polysemy/mtg-audio-low/18/1268118.low.mp3,4,4.744572,1.6470406
846455,/content/drive/MyDrive/tag-polysemy/mtg-audio-low/55/846455.low.mp3,18,6.3680086,1.478301
1391121,/content/drive/MyDrive/tag-polysemy/mtg-audio-low/21/1391121.low.mp3,7,2.2481155,2.6938312
158612,/content/drive/MyDrive/tag-polysemy/mtg-audio-low/12/158612.low.mp3,11,0.70034915,3.0953977
1326655,/content/drive/MyDrive/tag-polysemy/mtg-audio-low/55/1326655.low.mp3,2,9.404596,5.3525553
1052676,/content/drive/MyDrive/tag-polysemy/mtg-audio-low/76/1052676.low.mp3,11,-0.13687892,3.1680646
1185786,/content/drive/MyDrive/tag-polysemy/mtg-audio-low/86/1185786.low.mp3,1,0.53149873,6.297955
191463,/content/drive/MyDrive/tag-polysemy/mtg-audio-low/63/191463.low.mp3,10,7.398421,1.3562244
284291,/content/drive/MyDrive/tag-polysemy/mtg-audio-low/91/284291.low.mp3,1,-0.07138429,6.205138
815323,/content/drive/MyDrive/tag-polysemy/mtg-audio-low/23/815323.low.mp3,11,0.97771823,3.309925
41947,/content/drive/MyDrive/tag-polysemy/mtg-audio-low/47/41947.low.mp3,3,10.256201,6.262535
381164,/content/drive/MyDrive/tag-polysemy/mtg-audio-low/64/381164.low.mp3,0,10.22569,3.1594248
61193,/content/drive/MyDrive/tag-polysemy/mtg-audio-low/93/61193.low.mp3,5,4.8380985,3.0818841
117681,/content/drive/MyDrive/tag-polysemy/mtg-audio-low/81/117681.low.mp3,7,2.6695535,2.2181773
190734,/content/drive/MyDrive/tag-polysemy/mtg-audio-low/34/190734.low.mp3,12,6.2618876,1.6653641
1128212,/content/drive/MyDrive/tag-polysemy/mtg-audio-low/12/1128212.low.mp3,3,8.660684,5.772102
187622,/content/drive/MyDrive/tag-polysemy/mtg-audio-low/22/187622.low.mp3,9,10.539118,4.725325
435841,/content/drive/MyDrive/tag-polysemy/mtg-audio-low/41/435841.low.mp3,1,1.5158343,6.3825364
439948,/content/drive/MyDrive/tag-polysemy/mtg-audio-low/48/439948.low.mp3,3,10.224646,6.610382
173755,/content/drive/MyDrive/tag-polysemy/mtg-audio-low/55/173755.low.mp3,7,3.0249374,2.2816677
334352,/content/drive/MyDrive/tag-polysemy/mtg-audio-low/52/334352.low.mp3,16,6.128314,6.200454
1125104,/content/drive/MyDrive/tag-polysemy/mtg-audio-low/04/1125104.low.mp3,12,6.6163464,0.38428932
1378092,/content/drive/MyDrive/tag-polysemy/mtg-audio-low/92/1378092.low.mp3,3,8.40964,3.7787862
1154331,/content/drive/MyDrive/tag-polysemy/mtg-audio-low/31/1154331.low.mp3,10,6.7413716,0.9514049
1157015,/content/drive/MyDrive/tag-polysemy/mtg-audio-low/15/1157015.low.mp3,8,2.3338404,4.2398047
222215,/content/drive/MyDrive/tag-polysemy/mtg-audio-low/15/222215.low.mp3,3,8.2189865,6.482865
1251417,/content/drive/MyDrive/tag-polysemy/mtg-audio-low/17/1251417.low.mp3,17,4.839374,5.6022015
1341176,/content/drive/MyDrive/tag-polysemy/mtg-audio-low/76/1341176.low.mp3,10,7.4948983,1.0029545
1239110,/content/drive/MyDrive/tag-polysemy/mtg-audio-low/10/1239110.low.mp3,17,2.5700989,4.4493003
1112001,/content/drive/MyDrive/tag-polysemy/mtg-audio-low/01/1112001.low.mp3,13,4.0572357,4.0055003
1393142,/content/drive/MyDrive/tag-polysemy/mtg-audio-low/42/1393142.low.mp3,15,3.2903242,6.295866
1371422,/content/drive/MyDrive/tag-polysemy/mtg-audio-low/22/1371422.low.mp3,9,10.533058,3.8011985
979840,/content/drive/MyDrive/tag-polysemy/mtg-audio-low/40/979840.low.mp3,18,2.616947,3.081688
1183832,/content/drive/MyDrive/tag-polysemy/mtg-audio-low/32/1183832.low.mp3,4,5.761341,0.946309
318472,/content/drive/MyDrive/tag-polysemy/mtg-audio-low/72/318472.low.mp3,5,4.3753896,3.0542102
1251443,/content/drive/MyDrive/tag-polysemy/mtg-audio-low/43/1251443.low.mp3,2,9.883493,5.2439976
1126411,/content/drive/MyDrive/tag-polysemy/mtg-audio-low/11/1126411.low.mp3,9,10.623562,4.0390806
887206,/content/drive/MyDrive/tag-polysemy/mtg-audio-low/06/887206.low.mp3,6,7.0680084,5.841521
1400005,/content/drive/MyDrive/tag-polysemy/mtg-audio-low/05/1400005.low.mp3,18,1.9213773,4.781812
1297469,/content/drive/MyDrive/tag-polysemy/mtg-audio-low/69/1297469.low.mp3,10,7.523433,1.3164061
1159591,/content/drive/MyDrive/tag-polysemy/mtg-audio-low/91/1159591.low.mp3,12,6.547836,1.3810791
1366893,/content/drive/MyDrive/tag-polysemy/mtg-audio-low/93/1366893.low.mp3,5,5.7425385,1.8352152
155070,/content/drive/MyDrive/tag-polysemy/mtg-audio-low/70/155070.low.mp3,12,6.60468,1.8713646
1330232,/content/drive/MyDrive/tag-polysemy/mtg-audio-low/32/1330232.low.mp3,11,-0.12579179,2.9110305
1361368,/content/drive/MyDrive/tag-polysemy/mtg-audio-low/68/1361368.low.mp3,18,2.3625696,3.52768
429205,/content/drive/MyDrive/tag-polysemy/mtg-audio-low/05/429205.low.mp3,6,6.8870196,6.5799294
1359962,/content/drive/MyDrive/tag-polysemy/mtg-audio-low/62/1359962.low.mp3,5,1.1573324,3.1346188
1090470,/content/drive/MyDrive/tag-polysemy/mtg-audio-low/70/1090470.low.mp3,11,-0.27697176,2.9383655
229454,/content/drive/MyDrive/tag-polysemy/mtg-audio-low/54/229454.low.mp3,3,7.8513885,3.39843
1268333,/content/drive/MyDrive/tag-polysemy/mtg-audio-low/33/1268333.low.mp3,3,8.775321,5.7513003
188707,/content/drive/MyDrive/tag-polysemy/mtg-audio-low/07/188707.low.mp3,15,0.460349,5.643977
45072,/content/drive/MyDrive/tag-polysemy/mtg-audio-low/72/45072.low.mp3,10,7.694193,1.991662
46488,/content/drive/MyDrive/tag-polysemy/mtg-audio-low/88/46488.low.mp3,17,3.5952632,5.5226727
1313454,/content/drive/MyDrive/tag-polysemy/mtg-audio-low/54/1313454.low.mp3,0,6.1897483,3.4217339
1193603,/content/drive/MyDrive/tag-polysemy/mtg-audio-low/03/1193603.low.mp3,11,0.6049363,3.1822095
1052146,/content/drive/MyDrive/tag-polysemy/mtg-audio-low/46/1052146.low.mp3,10,7.479315,0.98730946
1165396,/content/drive/MyDrive/tag-polysemy/mtg-audio-low/96/1165396.low.mp3,19,6.159576,4.1443334
1110524,/content/drive/MyDrive/tag-polysemy/mtg-audio-low/24/1110524.low.mp3,8,4.0704303,3.9910233
1058828,/content/drive/MyDrive/tag-polysemy/mtg-audio-low/28/1058828.low.mp3,2,8.15423,1.9945186
101890,/content/drive/MyDrive/tag-polysemy/mtg-audio-low/90/101890.low.mp3,14,8.759673,6.5291023
1148387,/content/drive/MyDrive/tag-polysemy/mtg-audio-low/87/1148387.low.mp3,5,9.675595,5.5684233
575746,/content/drive/MyDrive/tag-polysemy/mtg-audio-low/46/575746.low.mp3,0,3.6013339,4.174287
1119518,/content/drive/MyDrive/tag-polysemy/mtg-audio-low/18/1119518.low.mp3,2,9.105754,4.5117145
338518,/content/drive/MyDrive/tag-polysemy/mtg-audio-low/18/338518.low.mp3,9,10.59927,4.357024
7401,/content/drive/MyDrive/tag-polysemy/mtg-audio-low/01/7401.low.mp3,8,1.835014,5.057452
1257554,/content/drive/MyDrive/tag-polysemy/mtg-audio-low/54/1257554.low.mp3,4,5.416798,2.8121352
200565,/content/drive/MyDrive/tag-polysemy/mtg-audio-low/65/200565.low.mp3,6,7.862175,6.6005626
1036109,/content/drive/MyDrive/tag-polysemy/mtg-audio-low/09/1036109.low.mp3,18,2.698262,2.9236517
1400907,/content/drive/MyDrive/tag-polysemy/mtg-audio-low/07/1400907.low.mp3,11,0.65444714,4.389209
44425,/content/drive/MyDrive/tag-polysemy/mtg-audio-low/25/44425.low.mp3,14,8.476239,6.785309
1379111,/content/drive/MyDrive/tag-polysemy/mtg-audio-low/11/1379111.low.mp3,9,8.789224,6.4139204
181661,/content/drive/MyDrive/tag-polysemy/mtg-audio-low/61/181661.low.mp3,3,10.315101,6.3189445
128407,/content/drive/MyDrive/tag-polysemy/mtg-audio-low/07/128407.low.mp3,16,6.3925543,5.674081
897315,/content/drive/MyDrive/tag-polysemy/mtg-audio-low/15/897315.low.mp3,0,6.584103,3.4254792
1279158,/content/drive/MyDrive/tag-polysemy/mtg-audio-low/58/1279158.low.mp3,12,6.510858,0.901881
1376457,/content/drive/MyDrive/tag-polysemy/mtg-audio-low/57/1376457.low.mp3,12,5.7239046,1.5824487
392886,/content/drive/MyDrive/tag-polysemy/mtg-audio-low/86/392886.low.mp3,18,4.3138022,1.62171
10374,/content/drive/MyDrive/tag-polysemy/mtg-audio-low/74/10374.low.mp3,9,10.389246,4.861718
24842,/content/drive/MyDrive/tag-polysemy/mtg-audio-low/42/24842.low.mp3,1,1.212751,6.3862777
1355461,/content/drive/MyDrive/tag-polysemy/mtg-audio-low/61/1355461.low.mp3,12,7.2959113,0.5989432
1349695,/content/drive/MyDrive/tag-polysemy/mtg-audio-low/95/1349695.low.mp3,8,1.6212466,3.9185565
333312,/content/drive/MyDrive/tag-polysemy/mtg-audio-low/12/333312.low.mp3,19,4.711248,1.9891598
1346551,/content/drive/MyDrive/tag-polysemy/mtg-audio-low/51/1346551.low.mp3,17,1.2820987,3.093538
1093657,/content/drive/MyDrive/tag-polysemy/mtg-audio-low/57/1093657.low.mp3,15,4.689729,5.6632223
487871,/content/drive/MyDrive/tag-polysemy/mtg-audio-low/71/487871.low.mp3,18,3.2777808,1.8826627
1120124,/content/drive/MyDrive/tag-polysemy/mtg-audio-low/24/1120124.low.mp3,15,3.6833107,6.3797874
1131827,/content/drive/MyDrive/tag-polysemy/mtg-audio-low/27/1131827.low.mp3,13,5.1270437,2.080549
153041,/content/drive/MyDrive/tag-polysemy/mtg-audio-low/41/153041.low.mp3,7,1.6141045,6.2552533
1189070,/content/drive/MyDrive/tag-polysemy/mtg-audio-low/70/1189070.low.mp3,3,10.090171,6.5099497
1313323,/content/drive/MyDrive/tag-polysemy/mtg-audio-low/23/1313323.low.mp3,18,2.09412,4.524414
53641,/content/drive/MyDrive/tag-polysemy/mtg-audio-low/41/53641.low.mp3,4,5.422823,1.9078355
1253056,/content/drive/MyDrive/tag-polysemy/mtg-audio-low/56/1253056.low.mp3,12,6.433481,1.4237767
385296,/content/drive/MyDrive/tag-polysemy/mtg-audio-low/96/385296.low.mp3,10,7.3442497,0.45796132
1417805,/content/drive/MyDrive/tag-polysemy/mtg-audio-low/05/1417805.low.mp3,14,6.1648903,5.8335676
1236059,/content/drive/MyDrive/tag-polysemy/mtg-audio-low/59/1236059.low.mp3,13,5.62354,2.8703086
1324966,/content/drive/MyDrive/tag-polysemy/mtg-audio-low/66/1324966.low.mp3,16,5.1382666,6.119716
1295043,/content/drive/MyDrive/tag-polysemy/mtg-audio-low/43/1295043.low.mp3,10,7.558561,0.81394774
1405004,/content/drive/MyDrive/tag-polysemy/mtg-audio-low/04/1405004.low.mp3,12,6.9355826,0.65467364
23102,/content/drive/MyDrive/tag-polysemy/mtg-audio-low/02/23102.low.mp3,9,10.635612,4.4173965
947790,/content/drive/MyDrive/tag-polysemy/mtg-audio-low/90/947790.low.mp3,14,8.947659,6.6742964
1077368,/content/drive/MyDrive/tag-polysemy/mtg-audio-low/68/1077368.low.mp3,9,10.670261,4.049567
1056755,/content/drive/MyDrive/tag-polysemy/mtg-audio-low/55/1056755.low.mp3,7,2.2948065,2.811502
93739,/content/drive/MyDrive/tag-polysemy/mtg-audio-low/39/93739.low.mp3,17,4.5412974,5.302275
73060,/content/drive/MyDrive/tag-polysemy/mtg-audio-low/60/73060.low.mp3,0,10.30513,3.125694
81801,/content/drive/MyDrive/tag-polysemy/mtg-audio-low/01/81801.low.mp3,19,4.3895464,5.14572
1038118,/content/drive/MyDrive/tag-polysemy/mtg-audio-low/18/1038118.low.mp3,16,5.9156413,6.054312
1361330,/content/drive/MyDrive/tag-polysemy/mtg-audio-low/30/1361330.low.mp3,12,6.8854556,1.3134581
664815,/content/drive/MyDrive/tag-polysemy/mtg-audio-low/15/664815.low.mp3,1,0.6193915,5.7129526
1367372,/content/drive/MyDrive/tag-polysemy/mtg-audio-low/72/1367372.low.mp3,7,1.686484,6.2431784
666091,/content/drive/MyDrive/tag-polysemy/mtg-audio-low/91/666091.low.mp3,9,10.612016,3.952336
846501,/content/drive/MyDrive/tag-polysemy/mtg-audio-low/01/846501.low.mp3,7,2.6005478,2.7460241
1249300,/content/drive/MyDrive/tag-polysemy/mtg-audio-low/00/1249300.low.mp3,5,6.4662886,5.398098
1346244,/content/drive/MyDrive/tag-polysemy/mtg-audio-low/44/1346244.low.mp3,6,7.894285,6.8334694
1113992,/content/drive/MyDrive/tag-polysemy/mtg-audio-low/92/1113992.low.mp3,18,3.5509129,2.375828
1205197,/content/drive/MyDrive/tag-polysemy/mtg-audio-low/97/1205197.low.mp3,11,0.5897875,4.283014
23108,/content/drive/MyDrive/tag-polysemy/mtg-audio-low/08/23108.low.mp3,19,4.004315,4.3421626
282631,/content/drive/MyDrive/tag-polysemy/mtg-audio-low/31/282631.low.mp3,12,5.236045,2.0255451
1090043,/content/drive/MyDrive/tag-polysemy/mtg-audio-low/43/1090043.low.mp3,17,5.460802,5.3517356
25263,/content/drive/MyDrive/tag-polysemy/mtg-audio-low/63/25263.low.mp3,19,4.858953,3.2166007
1096815,/content/drive/MyDrive/tag-polysemy/mtg-audio-low/15/1096815.low.mp3,12,6.546964,0.33492562
1409386,/content/drive/MyDrive/tag-polysemy/mtg-audio-low/86/1409386.low.mp3,11,0.9291581,3.5517724
249042,/content/drive/MyDrive/tag-polysemy/mtg-audio-low/42/249042.low.mp3,16,6.0004573,5.9458113
154674,/content/drive/MyDrive/tag-polysemy/mtg-audio-low/74/154674.low.mp3,6,8.075351,7.0956254
1401587,/content/drive/MyDrive/tag-polysemy/mtg-audio-low/87/1401587.low.mp3,5,5.407038,3.1399472
113599,/content/drive/MyDrive/tag-polysemy/mtg-audio-low/99/113599.low.mp3,17,6.128898,5.134986
1072428,/content/drive/MyDrive/tag-polysemy/mtg-audio-low/28/1072428.low.mp3,12,6.6944046,1.10963
284365,/content/drive/MyDrive/tag-polysemy/mtg-audio-low/65/284365.low.mp3,8,1.8847618,3.6883638
1221585,/content/drive/MyDrive/tag-polysemy/mtg-audio-low/85/1221585.low.mp3,11,1.125742,4.2447863
127594,/content/drive/MyDrive/tag-polysemy/mtg-audio-low/94/127594.low.mp3,6,6.9053545,6.6298084
347272,/content/drive/MyDrive/tag-polysemy/mtg-audio-low/72/347272.low.mp3,19,6.1394033,3.2120843
1007274,/content/drive/MyDrive/tag-polysemy/mtg-audio-low/74/1007274.low.mp3,16,2.772627,5.4739847
391593,/content/drive/MyDrive/tag-polysemy/mtg-audio-low/93/391593.low.mp3,3,8.337665,6.1890726
950098,/content/drive/MyDrive/tag-polysemy/mtg-audio-low/98/950098.low.mp3,2,8.105487,1.9200412
1364708,/content/drive/MyDrive/tag-polysemy/mtg-audio-low/08/1364708.low.mp3,3,9.811603,5.273542
1413889,/content/drive/MyDrive/tag-polysemy/mtg-audio-low/89/1413889.low.mp3,12,6.571849,2.0821671
237470,/content/drive/MyDrive/tag-polysemy/mtg-audio-low/70/237470.low.mp3,4,4.0054355,1.7150729
80782,/content/drive/MyDrive/tag-polysemy/mtg-audio-low/82/80782.low.mp3,4,4.830738,1.6303921
1339630,/content/drive/MyDrive/tag-polysemy/mtg-audio-low/30/1339630.low.mp3,15,10.370638,5.7302747
1016730,/content/drive/MyDrive/tag-polysemy/mtg-audio-low/30/1016730.low.mp3,7,2.9071615,2.3369684
194760,/content/drive/MyDrive/tag-polysemy/mtg-audio-low/60/194760.low.mp3,18,4.9935875,3.9102113
941706,/content/drive/MyDrive/tag-polysemy/mtg-audio-low/06/941706.low.mp3,7,2.415058,3.0351098
1076037,/content/drive/MyDrive/tag-polysemy/mtg-audio-low/37/1076037.low.mp3,9,10.594203,3.9832969
869284,/content/drive/MyDrive/tag-polysemy/mtg-audio-low/84/869284.low.mp3,16,3.1588464,4.7303247
103332,/content/drive/MyDrive/tag-polysemy/mtg-audio-low/32/103332.low.mp3,18,2.6014955,3.272174
1156069,/content/drive/MyDrive/tag-polysemy/mtg-audio-low/69/1156069.low.mp3,6,7.665424,6.878417
1081801,/content/drive/MyDrive/tag-polysemy/mtg-audio-low/01/1081801.low.mp3,0,6.246021,2.7905653
1405006,/content/drive/MyDrive/tag-polysemy/mtg-audio-low/06/1405006.low.mp3,7,2.41494,2.7385328
1264197,/content/drive/MyDrive/tag-polysemy/mtg-audio-low/97/1264197.low.mp3,0,6.5235405,3.311727
74748,/content/drive/MyDrive/tag-polysemy/mtg-audio-low/48/74748.low.mp3,2,9.232141,4.8685694
1057311,/content/drive/MyDrive/tag-polysemy/mtg-audio-low/11/1057311.low.mp3,7,2.4623537,3.2140753
1337398,/content/drive/MyDrive/tag-polysemy/mtg-audio-low/98/1337398.low.mp3,17,4.0093,6.0214777
48047,/content/drive/MyDrive/tag-polysemy/mtg-audio-low/47/48047.low.mp3,0,5.6932507,2.6309466
1076742,/content/drive/MyDrive/tag-polysemy/mtg-audio-low/42/1076742.low.mp3,0,10.33598,3.8384464
1121422,/content/drive/MyDrive/tag-polysemy/mtg-audio-low/22/1121422.low.mp3,13,6.3451743,1.1893303
989881,/content/drive/MyDrive/tag-polysemy/mtg-audio-low/81/989881.low.mp3,2,9.487413,3.6053004
345266,/content/drive/MyDrive/tag-polysemy/mtg-audio-low/66/345266.low.mp3,6,7.9743795,7.2264705
148786,/content/drive/MyDrive/tag-polysemy/mtg-audio-low/86/148786.low.mp3,9,9.322089,5.94387
311365,/content/drive/MyDrive/tag-polysemy/mtg-audio-low/65/311365.low.mp3,3,9.903478,6.340229
1088651,/content/drive/MyDrive/tag-polysemy/mtg-audio-low/51/1088651.low.mp3,6,6.7925725,6.051477
1368942,/content/drive/MyDrive/tag-polysemy/mtg-audio-low/42/1368942.low.mp3,2,7.960715,3.3634887
1388879,/content/drive/MyDrive/tag-polysemy/mtg-audio-low/79/1388879.low.mp3,5,5.524034,5.706217
388770,/content/drive/MyDrive/tag-polysemy/mtg-audio-low/70/388770.low.mp3,18,4.543992,2.3470018
363570,/content/drive/MyDrive/tag-polysemy/mtg-audio-low/70/363570.low.mp3,15,10.191225,6.0829077
74926,/content/drive/MyDrive/tag-polysemy/mtg-audio-low/26/74926.low.mp3,13,5.73438,2.6765027
1390448,/content/drive/MyDrive/tag-polysemy/mtg-audio-low/48/1390448.low.mp3,8,2.2022963,4.104882
1185791,/content/drive/MyDrive/tag-polysemy/mtg-audio-low/91/1185791.low.mp3,5,4.0461183,4.671853
372147,/content/drive/MyDrive/tag-polysemy/mtg-audio-low/47/372147.low.mp3,6,6.462842,4.679146
1141670,/content/drive/MyDrive/tag-polysemy/mtg-audio-low/70/1141670.low.mp3,6,8.359968,5.74986
976706,/content/drive/MyDrive/tag-polysemy/mtg-audio-low/06/976706.low.mp3,11,1.0309672,3.318812
1356519,/content/drive/MyDrive/tag-polysemy/mtg-audio-low/19/1356519.low.mp3,2,8.157672,3.1922476
331735,/content/drive/MyDrive/tag-polysemy/mtg-audio-low/35/331735.low.mp3,11,0.07638261,3.0115788
296112,/content/drive/MyDrive/tag-polysemy/mtg-audio-low/12/296112.low.mp3,18,4.617217,3.335882
396939,/content/drive/MyDrive/tag-polysemy/mtg-audio-low/39/396939.low.mp3,18,4.5317283,2.8806872
1072916,/content/drive/MyDrive/tag-polysemy/mtg-audio-low/16/1072916.low.mp3,13,5.17006,1.3475984
1323685,/content/drive/MyDrive/tag-polysemy/mtg-audio-low/85/1323685.low.mp3,5,5.480954,5.6001024
1078984,/content/drive/MyDrive/tag-polysemy/mtg-audio-low/84/1078984.low.mp3,7,2.492121,2.3281696
1316022,/content/drive/MyDrive/tag-polysemy/mtg-audio-low/22/1316022.low.mp3,5,3.765949,4.640055
1143854,/content/drive/MyDrive/tag-polysemy/mtg-audio-low/54/1143854.low.mp3,19,6.1031833,2.6653597
2243,/content/drive/MyDrive/tag-polysemy/mtg-audio-low/43/2243.low.mp3,8,8.277148,4.2953987
259505,/content/drive/MyDrive/tag-polysemy/mtg-audio-low/05/259505.low.mp3,13,4.7679906,3.7470834
1049543,/content/drive/MyDrive/tag-polysemy/mtg-audio-low/43/1049543.low.mp3,2,8.125765,1.7572207
736523,/content/drive/MyDrive/tag-polysemy/mtg-audio-low/23/736523.low.mp3,0,6.4811378,3.3712127
7582,/content/drive/MyDrive/tag-polysemy/mtg-audio-low/82/7582.low.mp3,4,6.1823535,1.0544269
496503,/content/drive/MyDrive/tag-polysemy/mtg-audio-low/03/496503.low.mp3,5,4.5866055,4.6357336
82232,/content/drive/MyDrive/tag-polysemy/mtg-audio-low/32/82232.low.mp3,19,5.0194945,3.1334603
1225866,/content/drive/MyDrive/tag-polysemy/mtg-audio-low/66/1225866.low.mp3,15,3.1612713,6.48267
1073699,/content/drive/MyDrive/tag-polysemy/mtg-audio-low/99/1073699.low.mp3,18,2.467787,3.289722
66954,/content/drive/MyDrive/tag-polysemy/mtg-audio-low/54/66954.low.mp3,15,3.2970655,6.477389
1373456,/content/drive/MyDrive/tag-polysemy/mtg-audio-low/56/1373456.low.mp3,18,3.6652684,2.0567408
1064757,/content/drive/MyDrive/tag-polysemy/mtg-audio-low/57/1064757.low.mp3,17,4.4273252,5.5245795
130696,/content/drive/MyDrive/tag-polysemy/mtg-audio-low/96/130696.low.mp3,14,9.307202,6.3297105
1204136,/content/drive/MyDrive/tag-polysemy/mtg-audio-low/36/1204136.low.mp3,4,5.6508327,0.9891172
1306689,/content/drive/MyDrive/tag-polysemy/mtg-audio-low/89/1306689.low.mp3,18,2.4961376,3.3901663
1029948,/content/drive/MyDrive/tag-polysemy/mtg-audio-low/48/1029948.low.mp3,7,2.4975286,2.9942021
1155567,/content/drive/MyDrive/tag-polysemy/mtg-audio-low/67/1155567.low.mp3,7,3.9636593,2.6870565
37551,/content/drive/MyDrive/tag-polysemy/mtg-audio-low/51/37551.low.mp3,19,6.012126,3.1592875
791690,/content/drive/MyDrive/tag-polysemy/mtg-audio-low/90/791690.low.mp3,0,6.0708523,3.4045327
1271442,/content/drive/MyDrive/tag-polysemy/mtg-audio-low/42/1271442.low.mp3,16,2.8802943,4.835703
134824,/content/drive/MyDrive/tag-polysemy/mtg-audio-low/24/134824.low.mp3,16,3.4196718,4.168881
373349,/content/drive/MyDrive/tag-polysemy/mtg-audio-low/49/373349.low.mp3,6,7.789165,7.0215
1371055,/content/drive/MyDrive/tag-polysemy/mtg-audio-low/55/1371055.low.mp3,1,0.60269,5.870852
540998,/content/drive/MyDrive/tag-polysemy/mtg-audio-low/98/540998.low.mp3,7,3.0364034,2.1303291
737534,/content/drive/MyDrive/tag-polysemy/mtg-audio-low/34/737534.low.mp3,18,2.8721628,3.285434
382543,/content/drive/MyDrive/tag-polysemy/mtg-audio-low/43/382543.low.mp3,16,5.3889318,4.8465185
1119922,/content/drive/MyDrive/tag-polysemy/mtg-audio-low/22/1119922.low.mp3,3,10.129547,5.3396554
1316336,/content/drive/MyDrive/tag-polysemy/mtg-audio-low/36/1316336.low.mp3,5,5.226085,5.707839
225249,/content/drive/MyDrive/tag-polysemy/mtg-audio-low/49/225249.low.mp3,5,5.248157,5.6002455
400107,/content/drive/MyDrive/tag-polysemy/mtg-audio-low/07/400107.low.mp3,5,6.4214387,5.4309635
165726,/content/drive/MyDrive/tag-polysemy/mtg-audio-low/26/165726.low.mp3,19,5.815302,3.013183
1151551,/content/drive/MyDrive/tag-polysemy/mtg-audio-low/51/1151551.low.mp3,11,-0.082002185,3.0588582
15465,/content/drive/MyDrive/tag-polysemy/mtg-audio-low/65/15465.low.mp3,2,7.4473834,4.1480947
20493,/content/drive/MyDrive/tag-polysemy/mtg-audio-low/93/20493.low.mp3,5,4.014279,4.2922077
1159223,/content/drive/MyDrive/tag-polysemy/mtg-audio-low/23/1159223.low.mp3,18,3.3944156,1.949489
1119519,/content/drive/MyDrive/tag-polysemy/mtg-audio-low/19/1119519.low.mp3,2,9.804454,5.8150496
245375,/content/drive/MyDrive/tag-polysemy/mtg-audio-low/75/245375.low.mp3,19,5.5090947,3.5483167
1061707,/content/drive/MyDrive/tag-polysemy/mtg-audio-low/07/1061707.low.mp3,0,10.102332,3.5102663
334358,/content/drive/MyDrive/tag-polysemy/mtg-audio-low/58/334358.low.mp3,16,2.8907478,5.1651893
173081,/content/drive/MyDrive/tag-polysemy/mtg-audio-low/81/173081.low.mp3,5,5.180787,4.8650494
7763,/content/drive/MyDrive/tag-polysemy/mtg-audio-low/63/7763.low.mp3,19,7.021954,2.2964394
1422058,/content/drive/MyDrive/tag-polysemy/mtg-audio-low/58/1422058.low.mp3,11,-0.38782603,2.9625795
785626,/content/drive/MyDrive/tag-polysemy/mtg-audio-low/26/785626.low.mp3,3,10.284776,6.541452
813376,/content/drive/MyDrive/tag-polysemy/mtg-audio-low/76/813376.low.mp3,19,8.476247,3.8704064
1300050,/content/drive/MyDrive/tag-polysemy/mtg-audio-low/50/1300050.low.mp3,5,10.276698,6.0769835
725225,/content/drive/MyDrive/tag-polysemy/mtg-audio-low/25/725225.low.mp3,18,9.573552,4.9946527
1418412,/content/drive/MyDrive/tag-polysemy/mtg-audio-low/12/1418412.low.mp3,12,6.393159,2.2501056
1144716,/content/drive/MyDrive/tag-polysemy/mtg-audio-low/16/1144716.low.mp3,0,6.6087265,3.4611692
389438,/content/drive/MyDrive/tag-polysemy/mtg-audio-low/38/389438.low.mp3,11,0.8303971,4.421293
1402646,/content/drive/MyDrive/tag-polysemy/mtg-audio-low/46/1402646.low.mp3,10,7.493409,1.8212498
1250482,/content/drive/MyDrive/tag-polysemy/mtg-audio-low/82/1250482.low.mp3,11,1.0599076,3.2298098
457127,/content/drive/MyDrive/tag-polysemy/mtg-audio-low/27/457127.low.mp3,2,9.479802,5.2595935
992659,/content/drive/MyDrive/tag-polysemy/mtg-audio-low/59/992659.low.mp3,3,8.483964,5.3102813
295815,/content/drive/MyDrive/tag-polysemy/mtg-audio-low/15/295815.low.mp3,0,10.455096,3.0767045
1151721,/content/drive/MyDrive/tag-polysemy/mtg-audio-low/21/1151721.low.mp3,9,10.318395,3.4623847
1084715,/content/drive/MyDrive/tag-polysemy/mtg-audio-low/15/1084715.low.mp3,1,1.3781121,5.033419
1076759,/content/drive/MyDrive/tag-polysemy/mtg-audio-low/59/1076759.low.mp3,0,10.531357,3.0645328
740991,/content/drive/MyDrive/tag-polysemy/mtg-audio-low/91/740991.low.mp3,5,10.406298,5.4315176
951449,/content/drive/MyDrive/tag-polysemy/mtg-audio-low/49/951449.low.mp3,2,9.457787,3.9896245
1283751,/content/drive/MyDrive/tag-polysemy/mtg-audio-low/51/1283751.low.mp3,4,5.59422,3.7044928
827699,/content/drive/MyDrive/tag-polysemy/mtg-audio-low/99/827699.low.mp3,19,4.5684457,3.418013
1222860,/content/drive/MyDrive/tag-polysemy/mtg-audio-low/60/1222860.low.mp3,3,10.482584,6.4333777
131618,/content/drive/MyDrive/tag-polysemy/mtg-audio-low/18/131618.low.mp3,16,5.165517,6.093798
223142,/content/drive/MyDrive/tag-polysemy/mtg-audio-low/42/223142.low.mp3,4,8.115022,2.6771407
47400,/content/drive/MyDrive/tag-polysemy/mtg-audio-low/00/47400.low.mp3,12,6.6087985,0.39464623
1295559,/content/drive/MyDrive/tag-polysemy/mtg-audio-low/59/1295559.low.mp3,10,7.6916785,1.7825034
1239475,/content/drive/MyDrive/tag-polysemy/mtg-audio-low/75/1239475.low.mp3,12,6.1389256,1.148593
588703,/content/drive/MyDrive/tag-polysemy/mtg-audio-low/03/588703.low.mp3,13,5.7730217,2.1081135
1333702,/content/drive/MyDrive/tag-polysemy/mtg-audio-low/02/1333702.low.mp3,15,10.591885,5.3486705
99121,/content/drive/MyDrive/tag-polysemy/mtg-audio-low/21/99121.low.mp3,7,4.401767,2.1791983
1363733,/content/drive/MyDrive/tag-polysemy/mtg-audio-low/33/1363733.low.mp3,0,10.296159,3.0832503
1332189,/content/drive/MyDrive/tag-polysemy/mtg-audio-low/89/1332189.low.mp3,15,3.208194,6.509059
115924,/content/drive/MyDrive/tag-polysemy/mtg-audio-low/24/115924.low.mp3,17,2.9444075,5.7932706
1327517,/content/drive/MyDrive/tag-polysemy/mtg-audio-low/17/1327517.low.mp3,7,2.3630116,3.2822602
154748,/content/drive/MyDrive/tag-polysemy/mtg-audio-low/48/154748.low.mp3,6,8.06906,7.118537
156691,/content/drive/MyDrive/tag-polysemy/mtg-audio-low/91/156691.low.mp3,15,5.2668195,5.0748725
1358842,/content/drive/MyDrive/tag-polysemy/mtg-audio-low/42/1358842.low.mp3,3,7.9155393,2.8667488
1393237,/content/drive/MyDrive/tag-polysemy/mtg-audio-low/37/1393237.low.mp3,11,0.82273626,3.3347354
258412,/content/drive/MyDrive/tag-polysemy/mtg-audio-low/12/258412.low.mp3,2,9.774361,5.1531205
1012436,/content/drive/MyDrive/tag-polysemy/mtg-audio-low/36/1012436.low.mp3,19,4.180671,3.4255085
1405367,/content/drive/MyDrive/tag-polysemy/mtg-audio-low/67/1405367.low.mp3,5,5.4516563,3.0750906
1150485,/content/drive/MyDrive/tag-polysemy/mtg-audio-low/85/1150485.low.mp3,7,3.3205967,1.9153721
1270990,/content/drive/MyDrive/tag-polysemy/mtg-audio-low/90/1270990.low.mp3,10,7.3622847,1.5344522
322356,/content/drive/MyDrive/tag-polysemy/mtg-audio-low/56/322356.low.mp3,6,7.2828875,7.1106453
1420091,/content/drive/MyDrive/tag-polysemy/mtg-audio-low/91/1420091.low.mp3,4,5.4496713,1.4254223
423114,/content/drive/MyDrive/tag-polysemy/mtg-audio-low/14/423114.low.mp3,16,3.446625,3.6313267
1409921,/content/drive/MyDrive/tag-polysemy/mtg-audio-low/21/1409921.low.mp3,10,7.4406714,1.1524775
1171009,/content/drive/MyDrive/tag-polysemy/mtg-audio-low/09/1171009.low.mp3,18,1.9299759,4.649926
703366,/content/drive/MyDrive/tag-polysemy/mtg-audio-low/66/703366.low.mp3,6,8.109261,6.7233667
1110533,/content/drive/MyDrive/tag-polysemy/mtg-audio-low/33/1110533.low.mp3,8,1.5259408,6.2769275
1324957,/content/drive/MyDrive/tag-polysemy/mtg-audio-low/57/1324957.low.mp3,12,7.051668,0.98839015
184197,/content/drive/MyDrive/tag-polysemy/mtg-audio-low/97/184197.low.mp3,1,1.4543973,6.435036
393963,/content/drive/MyDrive/tag-polysemy/mtg-audio-low/63/393963.low.mp3,10,7.251272,2.3989754
1350756,/content/drive/MyDrive/tag-polysemy/mtg-audio-low/56/1350756.low.mp3,11,1.0208814,4.5304365
1278178,/content/drive/MyDrive/tag-polysemy/mtg-audio-low/78/1278178.low.mp3,5,6.381629,5.366137
19202,/content/drive/MyDrive/tag-polysemy/mtg-audio-low/02/19202.low.mp3,5,4.837166,4.714198
1248133,/content/drive/MyDrive/tag-polysemy/mtg-audio-low/33/1248133.low.mp3,5,5.5463114,5.6650624
148536,/content/drive/MyDrive/tag-polysemy/mtg-audio-low/36/148536.low.mp3,19,5.6901455,5.2443614
1142563,/content/drive/MyDrive/tag-polysemy/mtg-audio-low/63/1142563.low.mp3,0,10.260456,3.142065
40621,/content/drive/MyDrive/tag-polysemy/mtg-audio-low/21/40621.low.mp3,18,4.051438,1.6719271
1115682,/content/drive/MyDrive/tag-polysemy/mtg-audio-low/82/1115682.low.mp3,19,6.132984,2.4198704
810886,/content/drive/MyDrive/tag-polysemy/mtg-audio-low/86/810886.low.mp3,0,5.94278,2.982143
125055,/content/drive/MyDrive/tag-polysemy/mtg-audio-low/55/125055.low.mp3,18,4.0965266,2.3676438
423720,/content/drive/MyDrive/tag-polysemy/mtg-audio-low/20/423720.low.mp3,19,5.702121,6.004779
1234506,/content/drive/MyDrive/tag-polysemy/mtg-audio-low/06/1234506.low.mp3,10,6.3183827,3.714423
1065763,/content/drive/MyDrive/tag-polysemy/mtg-audio-low/63/1065763.low.mp3,3,10.3224945,6.1803117
1119662,/content/drive/MyDrive/tag-polysemy/mtg-audio-low/62/1119662.low.mp3,7,2.50699,2.370112
133232,/content/drive/MyDrive/tag-polysemy/mtg-audio-low/32/133232.low.mp3,12,6.93019,0.9128727
339226,/content/drive/MyDrive/tag-polysemy/mtg-audio-low/26/339226.low.mp3,16,1.9057024,5.078952
1212789,/content/drive/MyDrive/tag-polysemy/mtg-audio-low/89/1212789.low.mp3,14,6.509967,6.183967
1295570,/content/drive/MyDrive/tag-polysemy/mtg-audio-low/70/1295570.low.mp3,12,7.654508,2.6213572
937095,/content/drive/MyDrive/tag-polysemy/mtg-audio-low/95/937095.low.mp3,1,0.73598313,5.5509934
1262645,/content/drive/MyDrive/tag-polysemy/mtg-audio-low/45/1262645.low.mp3,14,5.819289,5.9249644
1121139,/content/drive/MyDrive/tag-polysemy/mtg-audio-low/39/1121139.low.mp3,16,3.2826805,4.919692
18234,/content/drive/MyDrive/tag-polysemy/mtg-audio-low/34/18234.low.mp3,18,3.216654,2.3170404
242902,/content/drive/MyDrive/tag-polysemy/mtg-audio-low/02/242902.low.mp3,14,8.472616,6.5534286
464038,/content/drive/MyDrive/tag-polysemy/mtg-audio-low/38/464038.low.mp3,1,0.44264862,5.8821673
1162381,/content/drive/MyDrive/tag-polysemy/mtg-audio-low/81/1162381.low.mp3,18,4.902695,2.8670974
863569,/content/drive/MyDrive/tag-polysemy/mtg-audio-low/69/863569.low.mp3,4,5.720019,1.6556602
1397859,/content/drive/MyDrive/tag-polysemy/mtg-audio-low/59/1397859.low.mp3,10,7.0343547,1.3689302
956551,/content/drive/MyDrive/tag-polysemy/mtg-audio-low/51/956551.low.mp3,1,0.59029645,5.7996373
1136143,/content/drive/MyDrive/tag-polysemy/mtg-audio-low/43/1136143.low.mp3,3,9.42181,5.7224503
738773,/content/drive/MyDrive/tag-polysemy/mtg-audio-low/73/738773.low.mp3,12,6.7930727,0.3202433
1074889,/content/drive/MyDrive/tag-polysemy/mtg-audio-low/89/1074889.low.mp3,2,9.864744,4.9029026
175423,/content/drive/MyDrive/tag-polysemy/mtg-audio-low/23/175423.low.mp3,8,3.805926,3.4923103
1183326,/content/drive/MyDrive/tag-polysemy/mtg-audio-low/26/1183326.low.mp3,15,4.294484,6.153133
1379077,/content/drive/MyDrive/tag-polysemy/mtg-audio-low/77/1379077.low.mp3,3,9.382182,5.650236
1339683,/content/drive/MyDrive/tag-polysemy/mtg-audio-low/83/1339683.low.mp3,6,7.1110272,6.896983
1208249,/content/drive/MyDrive/tag-polysemy/mtg-audio-low/49/1208249.low.mp3,12,6.509341,1.5468961
1219946,/content/drive/MyDrive/tag-polysemy/mtg-audio-low/46/1219946.low.mp3,10,6.5943203,1.3601059
1340340,/content/drive/MyDrive/tag-polysemy/mtg-audio-low/40/1340340.low.mp3,1,1.2527819,6.4540806
1393316,/content/drive/MyDrive/tag-polysemy/mtg-audio-low/16/1393316.low.mp3,19,5.494776,3.4909165
1325792,/content/drive/MyDrive/tag-polysemy/mtg-audio-low/92/1325792.low.mp3,2,8.163713,2.3934162
191510,/content/drive/MyDrive/tag-polysemy/mtg-audio-low/10/191510.low.mp3,18,4.0123873,1.8210555
6699,/content/drive/MyDrive/tag-polysemy/mtg-audio-low/99/6699.low.mp3,13,6.5135865,1.4528574
1270233,/content/drive/MyDrive/tag-polysemy/mtg-audio-low/33/1270233.low.mp3,19,6.6232247,3.4188488
1345054,/content/drive/MyDrive/tag-polysemy/mtg-audio-low/54/1345054.low.mp3,10,4.371179,1.4342842
1336127,/content/drive/MyDrive/tag-polysemy/mtg-audio-low/27/1336127.low.mp3,8,4.951251,3.6982834
700894,/content/drive/MyDrive/tag-polysemy/mtg-audio-low/94/700894.low.mp3,5,5.4814425,3.057695
959968,/content/drive/MyDrive/tag-polysemy/mtg-audio-low/68/959968.low.mp3,6,8.241695,5.8408356
1420623,/content/drive/MyDrive/tag-polysemy/mtg-audio-low/23/1420623.low.mp3,13,6.850099,3.446262
629715,/content/drive/MyDrive/tag-polysemy/mtg-audio-low/15/629715.low.mp3,6,7.2380915,6.4944143
211826,/content/drive/MyDrive/tag-polysemy/mtg-audio-low/26/211826.low.mp3,19,6.0682654,2.5053394
1377448,/content/drive/MyDrive/tag-polysemy/mtg-audio-low/48/1377448.low.mp3,15,3.7449436,6.3784375
1393034,/content/drive/MyDrive/tag-polysemy/mtg-audio-low/34/1393034.low.mp3,10,6.43908,1.9428911
1046358,/content/drive/MyDrive/tag-polysemy/mtg-audio-low/58/1046358.low.mp3,0,3.6097982,4.0860133
295392,/content/drive/MyDrive/tag-polysemy/mtg-audio-low/92/295392.low.mp3,13,6.245343,1.0980277
48165,/content/drive/MyDrive/tag-polysemy/mtg-audio-low/65/48165.low.mp3,5,9.623626,5.552996
386,/content/drive/MyDrive/tag-polysemy/mtg-audio-low/86/386.low.mp3,18,0.5929792,2.784095
347605,/content/drive/MyDrive/tag-polysemy/mtg-audio-low/05/347605.low.mp3,14,8.708947,6.142537
14508,/content/drive/MyDrive/tag-polysemy/mtg-audio-low/08/14508.low.mp3,3,9.419109,5.7386155
1087082,/content/drive/MyDrive/tag-polysemy/mtg-audio-low/82/1087082.low.mp3,11,0.6092954,4.421066
1223933,/content/drive/MyDrive/tag-polysemy/mtg-audio-low/33/1223933.low.mp3,15,10.527194,6.350562
1057705,/content/drive/MyDrive/tag-polysemy/mtg-audio-low/05/1057705.low.mp3,5,1.1120303,3.144017
1302993,/content/drive/MyDrive/tag-polysemy/mtg-audio-low/93/1302993.low.mp3,15,3.5522068,6.646171
1232336,/content/drive/MyDrive/tag-polysemy/mtg-audio-low/36/1232336.low.mp3,2,9.454247,5.3092165
1077377,/content/drive/MyDrive/tag-polysemy/mtg-audio-low/77/1077377.low.mp3,9,10.68007,4.2279015
152754,/content/drive/MyDrive/tag-polysemy/mtg-audio-low/54/152754.low.mp3,18,2.7623622,2.4797378
1247671,/content/drive/MyDrive/tag-polysemy/mtg-audio-low/71/1247671.low.mp3,16,5.446502,5.981299
243036,/content/drive/MyDrive/tag-polysemy/mtg-audio-low/36/243036.low.mp3,14,9.359547,6.1277337
287429,/content/drive/MyDrive/tag-polysemy/mtg-audio-low/29/287429.low.mp3,3,8.905586,5.7594914
1371747,/content/drive/MyDrive/tag-polysemy/mtg-audio-low/47/1371747.low.mp3,12,6.4634676,0.8315416
285381,/content/drive/MyDrive/tag-polysemy/mtg-audio-low/81/285381.low.mp3,11,0.5955994,3.5331867
1250207,/content/drive/MyDrive/tag-polysemy/mtg-audio-low/07/1250207.low.mp3,18,0.97225386,3.6216984
1069824,/content/drive/MyDrive/tag-polysemy/mtg-audio-low/24/1069824.low.mp3,17,4.3212304,5.6958385
1081581,/content/drive/MyDrive/tag-polysemy/mtg-audio-low/81/1081581.low.mp3,9,10.163921,3.5871928
150945,/content/drive/MyDrive/tag-polysemy/mtg-audio-low/45/150945.low.mp3,1,1.1944338,5.65611
1372059,/content/drive/MyDrive/tag-polysemy/mtg-audio-low/59/1372059.low.mp3,0,6.707165,2.019959
387595,/content/drive/MyDrive/tag-polysemy/mtg-audio-low/95/387595.low.mp3,14,8.367481,6.4944906
1244461,/content/drive/MyDrive/tag-polysemy/mtg-audio-low/61/1244461.low.mp3,13,5.948858,2.0748436
10567,/content/drive/MyDrive/tag-polysemy/mtg-audio-low/67/10567.low.mp3,6,7.76262,7.0563087
375185,/content/drive/MyDrive/tag-polysemy/mtg-audio-low/85/375185.low.mp3,5,5.6836953,4.524886
1278254,/content/drive/MyDrive/tag-polysemy/mtg-audio-low/54/1278254.low.mp3,4,4.2944574,1.6415936
1301081,/content/drive/MyDrive/tag-polysemy/mtg-audio-low/81/1301081.low.mp3,6,7.283976,6.9721723
1076767,/content/drive/MyDrive/tag-polysemy/mtg-audio-low/67/1076767.low.mp3,9,10.714263,4.2738733
1291604,/content/drive/MyDrive/tag-polysemy/mtg-audio-low/04/1291604.low.mp3,10,7.6212006,0.57389814
127590,/content/drive/MyDrive/tag-polysemy/mtg-audio-low/90/127590.low.mp3,6,8.120831,6.7167315
1393283,/content/drive/MyDrive/tag-polysemy/mtg-audio-low/83/1393283.low.mp3,3,10.280295,6.276811
875431,/content/drive/MyDrive/tag-polysemy/mtg-audio-low/31/875431.low.mp3,19,5.6161823,2.8443587
1139077,/content/drive/MyDrive/tag-polysemy/mtg-audio-low/77/1139077.low.mp3,11,0.5618255,3.0119467
123746,/content/drive/MyDrive/tag-polysemy/mtg-audio-low/46/123746.low.mp3,11,1.199513,4.47056
33825,/content/drive/MyDrive/tag-polysemy/mtg-audio-low/25/33825.low.mp3,9,9.853739,5.181724
1326839,/content/drive/MyDrive/tag-polysemy/mtg-audio-low/39/1326839.low.mp3,17,4.246728,5.863538
1413167,/content/drive/MyDrive/tag-polysemy/mtg-audio-low/67/1413167.low.mp3,18,5.1025887,4.23514
389449,/content/drive/MyDrive/tag-polysemy/mtg-audio-low/49/389449.low.mp3,1,1.1401753,5.4528794
1225735,/content/drive/MyDrive/tag-polysemy/mtg-audio-low/35/1225735.low.mp3,4,5.964689,1.2910345
106737,/content/drive/MyDrive/tag-polysemy/mtg-audio-low/37/106737.low.mp3,13,2.786406,3.4577284
229447,/content/drive/MyDrive/tag-polysemy/mtg-audio-low/47/229447.low.mp3,19,3.769917,3.5042453
1095114,/content/drive/MyDrive/tag-polysemy/mtg-audio-low/14/1095114.low.mp3,0,5.9476056,3.3370812
57164,/content/drive/MyDrive/tag-polysemy/mtg-audio-low/64/57164.low.mp3,13,3.9722533,3.8582618
1193309,/content/drive/MyDrive/tag-polysemy/mtg-audio-low/09/1193309.low.mp3,8,1.7912724,4.697732
1174240,/content/drive/MyDrive/tag-polysemy/mtg-audio-low/40/1174240.low.mp3,15,10.411405,6.0912886
1281242,/content/drive/MyDrive/tag-polysemy/mtg-audio-low/42/1281242.low.mp3,3,8.688367,5.451178
1350856,/content/drive/MyDrive/tag-polysemy/mtg-audio-low/56/1350856.low.mp3,19,4.3650484,2.97502
1290974,/content/drive/MyDrive/tag-polysemy/mtg-audio-low/74/1290974.low.mp3,18,3.0740073,2.124051
893496,/content/drive/MyDrive/tag-polysemy/mtg-audio-low/96/893496.low.mp3,11,-0.26855057,3.0883813
1355050,/content/drive/MyDrive/tag-polysemy/mtg-audio-low/50/1355050.low.mp3,12,7.3785515,0.9138577
1292332,/content/drive/MyDrive/tag-polysemy/mtg-audio-low/32/1292332.low.mp3,11,-0.31568044,2.899493
1397145,/content/drive/MyDrive/tag-polysemy/mtg-audio-low/45/1397145.low.mp3,5,6.169003,2.0689216
1364728,/content/drive/MyDrive/tag-polysemy/mtg-audio-low/28/1364728.low.mp3,4,5.750573,3.7625096
1380785,/content/drive/MyDrive/tag-polysemy/mtg-audio-low/85/1380785.low.mp3,13,6.2518277,1.9768765
1044814,/content/drive/MyDrive/tag-polysemy/mtg-audio-low/14/1044814.low.mp3,16,6.428455,4.6460605
149129,/content/drive/MyDrive/tag-polysemy/mtg-audio-low/29/149129.low.mp3,14,8.3356495,6.8370743
1156022,/content/drive/MyDrive/tag-polysemy/mtg-audio-low/22/1156022.low.mp3,5,6.514323,5.546789
1088852,/content/drive/MyDrive/tag-polysemy/mtg-audio-low/52/1088852.low.mp3,0,10.237608,3.2181787
1152193,/content/drive/MyDrive/tag-polysemy/mtg-audio-low/93/1152193.low.mp3,7,3.3449366,2.5154784
183426,/content/drive/MyDrive/tag-polysemy/mtg-audio-low/26/183426.low.mp3,11,1.0100553,3.5416713
1389036,/content/drive/MyDrive/tag-polysemy/mtg-audio-low/36/1389036.low.mp3,15,5.5375304,5.250554
1324677,/content/drive/MyDrive/tag-polysemy/mtg-audio-low/77/1324677.low.mp3,8,3.093951,4.901628
23198,/content/drive/MyDrive/tag-polysemy/mtg-audio-low/98/23198.low.mp3,1,1.243299,6.4497685
1100330,/content/drive/MyDrive/tag-polysemy/mtg-audio-low/30/1100330.low.mp3,7,2.3263576,2.7881448
49025,/content/drive/MyDrive/tag-polysemy/mtg-audio-low/25/49025.low.mp3,1,0.43523967,5.821582
1195795,/content/drive/MyDrive/tag-polysemy/mtg-audio-low/95/1195795.low.mp3,10,6.8244333,1.619735
1096127,/content/drive/MyDrive/tag-polysemy/mtg-audio-low/27/1096127.low.mp3,8,3.5189111,2.9168925
703367,/content/drive/MyDrive/tag-polysemy/mtg-audio-low/67/703367.low.mp3,14,7.5888076,6.264003
1405073,/content/drive/MyDrive/tag-polysemy/mtg-audio-low/73/1405073.low.mp3,11,0.5708695,4.481782
985000,/content/drive/MyDrive/tag-polysemy/mtg-audio-low/00/985000.low.mp3,14,8.581958,6.4793606
1237213,/content/drive/MyDrive/tag-polysemy/mtg-audio-low/13/1237213.low.mp3,18,2.6648412,3.2473657
1074807,/content/drive/MyDrive/tag-polysemy/mtg-audio-low/07/1074807.low.mp3,9,10.570411,4.0182567
756851,/content/drive/MyDrive/tag-polysemy/mtg-audio-low/51/756851.low.mp3,18,3.3533425,2.3281624
1230805,/content/drive/MyDrive/tag-polysemy/mtg-audio-low/05/1230805.low.mp3,13,6.4978366,1.4256065
961901,/content/drive/MyDrive/tag-polysemy/mtg-audio-low/01/961901.low.mp3,11,0.78523874,3.4977577
634247,/content/drive/MyDrive/tag-polysemy/mtg-audio-low/47/634247.low.mp3,16,6.246473,5.88085
1156050,/content/drive/MyDrive/tag-polysemy/mtg-audio-low/50/1156050.low.mp3,3,10.564466,6.582979
1408737,/content/drive/MyDrive/tag-polysemy/mtg-audio-low/37/1408737.low.mp3,17,9.6323805,5.957311
1311280,/content/drive/MyDrive/tag-polysemy/mtg-audio-low/80/1311280.low.mp3,10,7.6356335,1.3652146
426724,/content/drive/MyDrive/tag-polysemy/mtg-audio-low/24/426724.low.mp3,11,0.03640043,3.4293907
434886,/content/drive/MyDrive/tag-polysemy/mtg-audio-low/86/434886.low.mp3,3,9.598325,5.56829
1204669,/content/drive/MyDrive/tag-polysemy/mtg-audio-low/69/1204669.low.mp3,2,8.628512,5.5493994
1304473,/content/drive/MyDrive/tag-polysemy/mtg-audio-low/73/1304473.low.mp3,4,6.2968907,3.0144491
1150357,/content/drive/MyDrive/tag-polysemy/mtg-audio-low/57/1150357.low.mp3,11,2.2716377,3.8295827
321963,/content/drive/MyDrive/tag-polysemy/mtg-audio-low/63/321963.low.mp3,12,6.4417815,0.28414062
13719,/content/drive/MyDrive/tag-polysemy/mtg-audio-low/19/13719.low.mp3,14,9.581285,6.0204005
318077,/content/drive/MyDrive/tag-polysemy/mtg-audio-low/77/318077.low.mp3,10,7.25627,2.4850194
180296,/content/drive/MyDrive/tag-polysemy/mtg-audio-low/96/180296.low.mp3,8,3.289517,3.3203444
633103,/content/drive/MyDrive/tag-polysemy/mtg-audio-low/03/633103.low.mp3,18,7.3347173,3.7602634
341430,/content/drive/MyDrive/tag-polysemy/mtg-audio-low/30/341430.low.mp3,18,3.7283196,2.1151102
1309753,/content/drive/MyDrive/tag-polysemy/mtg-audio-low/53/1309753.low.mp3,14,6.109443,5.2701945
80771,/content/drive/MyDrive/tag-polysemy/mtg-audio-low/71/80771.low.mp3,17,5.2783594,2.4793437
1269055,/content/drive/MyDrive/tag-polysemy/mtg-audio-low/55/1269055.low.mp3,18,3.6259956,1.8192705
1282993,/content/drive/MyDrive/tag-polysemy/mtg-audio-low/93/1282993.low.mp3,5,5.5018635,4.286861
1395061,/content/drive/MyDrive/tag-polysemy/mtg-audio-low/61/1395061.low.mp3,13,3.9367747,3.2744124
1028809,/content/drive/MyDrive/tag-polysemy/mtg-audio-low/09/1028809.low.mp3,19,6.2523694,3.7296615
844690,/content/drive/MyDrive/tag-polysemy/mtg-audio-low/90/844690.low.mp3,16,6.520886,6.0957994
247592,/content/drive/MyDrive/tag-polysemy/mtg-audio-low/92/247592.low.mp3,5,5.042139,4.1765294
889610,/content/drive/MyDrive/tag-polysemy/mtg-audio-low/10/889610.low.mp3,7,2.7170625,2.6561866
956545,/content/drive/MyDrive/tag-polysemy/mtg-audio-low/45/956545.low.mp3,11,0.5242259,3.8723624
160064,/content/drive/MyDrive/tag-polysemy/mtg-audio-low/64/160064.low.mp3,14,10.043135,4.90955
723359,/content/drive/MyDrive/tag-polysemy/mtg-audio-low/59/723359.low.mp3,6,8.497459,6.6479707
159852,/content/drive/MyDrive/tag-polysemy/mtg-audio-low/52/159852.low.mp3,7,2.9609888,2.2497082
916093,/content/drive/MyDrive/tag-polysemy/mtg-audio-low/93/916093.low.mp3,19,4.3275156,3.06292
1128253,/content/drive/MyDrive/tag-polysemy/mtg-audio-low/53/1128253.low.mp3,18,1.1657813,2.892436
186599,/content/drive/MyDrive/tag-polysemy/mtg-audio-low/99/186599.low.mp3,19,3.459302,3.7944303
1073215,/content/drive/MyDrive/tag-polysemy/mtg-audio-low/15/1073215.low.mp3,1,1.4367194,5.289052
14045,/content/drive/MyDrive/tag-polysemy/mtg-audio-low/45/14045.low.mp3,8,5.3367467,4.7819843
82645,/content/drive/MyDrive/tag-polysemy/mtg-audio-low/45/82645.low.mp3,10,7.2981505,1.3484521
1104505,/content/drive/MyDrive/tag-polysemy/mtg-audio-low/05/1104505.low.mp3,12,7.257776,0.5973017
1199575,/content/drive/MyDrive/tag-polysemy/mtg-audio-low/75/1199575.low.mp3,12,6.4400196,1.3674854
936454,/content/drive/MyDrive/tag-polysemy/mtg-audio-low/54/936454.low.mp3,12,7.7133794,3.193349
11550,/content/drive/MyDrive/tag-polysemy/mtg-audio-low/50/11550.low.mp3,14,8.446479,6.9803767
38123,/content/drive/MyDrive/tag-polysemy/mtg-audio-low/23/38123.low.mp3,13,4.0807285,3.180482
237833,/content/drive/MyDrive/tag-polysemy/mtg-audio-low/33/237833.low.mp3,6,8.254926,6.5659103
1372875,/content/drive/MyDrive/tag-polysemy/mtg-audio-low/75/1372875.low.mp3,3,10.3849945,6.636082
1131493,/content/drive/MyDrive/tag-polysemy/mtg-audio-low/93/1131493.low.mp3,17,4.175868,5.7834616
599224,/content/drive/MyDrive/tag-polysemy/mtg-audio-low/24/599224.low.mp3,16,5.9630327,5.956476
7392,/content/drive/MyDrive/tag-polysemy/mtg-audio-low/92/7392.low.mp3,16,3.051086,5.290522
1144622,/content/drive/MyDrive/tag-polysemy/mtg-audio-low/22/1144622.low.mp3,5,3.8260741,2.7180357
1194992,/content/drive/MyDrive/tag-polysemy/mtg-audio-low/92/1194992.low.mp3,11,0.45755363,2.8774893
996963,/content/drive/MyDrive/tag-polysemy/mtg-audio-low/63/996963.low.mp3,14,5.7059903,5.8333836
157676,/content/drive/MyDrive/tag-polysemy/mtg-audio-low/76/157676.low.mp3,0,7.5138,3.4137797
439959,/content/drive/MyDrive/tag-polysemy/mtg-audio-low/59/439959.low.mp3,3,10.33367,6.578969
1081583,/content/drive/MyDrive/tag-polysemy/mtg-audio-low/83/1081583.low.mp3,0,10.103824,3.4183228
1372188,/content/drive/MyDrive/tag-polysemy/mtg-audio-low/88/1372188.low.mp3,19,4.2166066,2.9646258
323687,/content/drive/MyDrive/tag-polysemy/mtg-audio-low/87/323687.low.mp3,10,7.180731,1.1799042
74364,/content/drive/MyDrive/tag-polysemy/mtg-audio-low/64/74364.low.mp3,14,8.353145,6.351694
1054346,/content/drive/MyDrive/tag-polysemy/mtg-audio-low/46/1054346.low.mp3,15,10.254312,5.756316
1127764,/content/drive/MyDrive/tag-polysemy/mtg-audio-low/64/1127764.low.mp3,13,6.405933,2.1540227
360966,/content/drive/MyDrive/tag-polysemy/mtg-audio-low/66/360966.low.mp3,8,3.19207,3.3509874
4632,/content/drive/MyDrive/tag-polysemy/mtg-audio-low/32/4632.low.mp3,4,5.226746,1.7911321
1361929,/content/drive/MyDrive/tag-polysemy/mtg-audio-low/29/1361929.low.mp3,12,6.4204707,4.636002
1288899,/content/drive/MyDrive/tag-polysemy/mtg-audio-low/99/1288899.low.mp3,19,6.0685983,1.1141235
1414419,/content/drive/MyDrive/tag-polysemy/mtg-audio-low/19/1414419.low.mp3,11,-0.24217154,2.8994317
1185020,/content/drive/MyDrive/tag-polysemy/mtg-audio-low/20/1185020.low.mp3,14,9.053257,6.54359
1088627,/content/drive/MyDrive/tag-polysemy/mtg-audio-low/27/1088627.low.mp3,0,10.433329,3.6989787
319327,/content/drive/MyDrive/tag-polysemy/mtg-audio-low/27/319327.low.mp3,6,7.486873,6.9608016
1358825,/content/drive/MyDrive/tag-polysemy/mtg-audio-low/25/1358825.low.mp3,15,1.9337142,5.131486
318785,/content/drive/MyDrive/tag-polysemy/mtg-audio-low/85/318785.low.mp3,2,9.704513,5.220305
1183587,/content/drive/MyDrive/tag-polysemy/mtg-audio-low/87/1183587.low.mp3,10,7.51685,1.7249705
1092333,/content/drive/MyDrive/tag-polysemy/mtg-audio-low/33/1092333.low.mp3,1,0.49630013,5.7232018
26178,/content/drive/MyDrive/tag-polysemy/mtg-audio-low/78/26178.low.mp3,0,6.4029245,3.60769
78446,/content/drive/MyDrive/tag-polysemy/mtg-audio-low/46/78446.low.mp3,19,6.782294,2.6804497
537123,/content/drive/MyDrive/tag-polysemy/mtg-audio-low/23/537123.low.mp3,9,10.472223,4.1470046
518601,/content/drive/MyDrive/tag-polysemy/mtg-audio-low/01/518601.low.mp3,5,5.43902,3.0282187
1110381,/content/drive/MyDrive/tag-polysemy/mtg-audio-low/81/1110381.low.mp3,8,2.3116214,4.464549
292528,/content/drive/MyDrive/tag-polysemy/mtg-audio-low/28/292528.low.mp3,19,5.991373,2.290991
542789,/content/drive/MyDrive/tag-polysemy/mtg-audio-low/89/542789.low.mp3,1,1.2726614,5.3837266
42741,/content/drive/MyDrive/tag-polysemy/mtg-audio-low/41/42741.low.mp3,5,5.2933526,3.5699654
30225,/content/drive/MyDrive/tag-polysemy/mtg-audio-low/25/30225.low.mp3,6,6.8282547,6.463804
1144718,/content/drive/MyDrive/tag-polysemy/mtg-audio-low/18/1144718.low.mp3,19,7.3959084,3.712287
400874,/content/drive/MyDrive/tag-polysemy/mtg-audio-low/74/400874.low.mp3,16,4.8976526,5.416914
180762,/content/drive/MyDrive/tag-polysemy/mtg-audio-low/62/180762.low.mp3,15,3.592307,2.756394
1254777,/content/drive/MyDrive/tag-polysemy/mtg-audio-low/77/1254777.low.mp3,11,0.7102969,4.391922
1294202,/content/drive/MyDrive/tag-polysemy/mtg-audio-low/02/1294202.low.mp3,15,3.4676056,6.1125345
1282988,/content/drive/MyDrive/tag-polysemy/mtg-audio-low/88/1282988.low.mp3,7,3.0710068,3.546821
1111987,/content/drive/MyDrive/tag-polysemy/mtg-audio-low/87/1111987.low.mp3,8,4.1915164,4.0280423
1333207,/content/drive/MyDrive/tag-polysemy/mtg-audio-low/07/1333207.low.mp3,1,0.38401097,6.0667796
859442,/content/drive/MyDrive/tag-polysemy/mtg-audio-low/42/859442.low.mp3,19,5.9529586,2.831513
1395104,/content/drive/MyDrive/tag-polysemy/mtg-audio-low/04/1395104.low.mp3,18,1.185279,3.634786
1419228,/content/drive/MyDrive/tag-polysemy/mtg-audio-low/28/1419228.low.mp3,11,1.3908215,4.6016145
1242003,/content/drive/MyDrive/tag-polysemy/mtg-audio-low/03/1242003.low.mp3,18,3.6871321,2.0627022
1164988,/content/drive/MyDrive/tag-polysemy/mtg-audio-low/88/1164988.low.mp3,15,3.3740914,6.713841
938301,/content/drive/MyDrive/tag-polysemy/mtg-audio-low/01/938301.low.mp3,0,10.345482,3.0841737
236672,/content/drive/MyDrive/tag-polysemy/mtg-audio-low/72/236672.low.mp3,19,4.499249,2.8849459
1159694,/content/drive/MyDrive/tag-polysemy/mtg-audio-low/94/1159694.low.mp3,15,5.3912387,5.1622086
1076332,/content/drive/MyDrive/tag-polysemy/mtg-audio-low/32/1076332.low.mp3,9,10.510429,4.238665
1385586,/content/drive/MyDrive/tag-polysemy/mtg-audio-low/86/1385586.low.mp3,19,4.551817,3.5382464
799924,/content/drive/MyDrive/tag-polysemy/mtg-audio-low/24/799924.low.mp3,15,3.781585,6.37512
1345300,/content/drive/MyDrive/tag-polysemy/mtg-audio-low/00/1345300.low.mp3,11,0.62493783,4.2806454
568126,/content/drive/MyDrive/tag-polysemy/mtg-audio-low/26/568126.low.mp3,10,6.5635343,1.3288931
108599,/content/drive/MyDrive/tag-polysemy/mtg-audio-low/99/108599.low.mp3,12,6.566681,0.36476913
1077477,/content/drive/MyDrive/tag-polysemy/mtg-audio-low/77/1077477.low.mp3,9,10.705734,4.090577
1301129,/content/drive/MyDrive/tag-polysemy/mtg-audio-low/29/1301129.low.mp3,13,6.4492946,1.2182126
378617,/content/drive/MyDrive/tag-polysemy/mtg-audio-low/17/378617.low.mp3,3,9.443369,5.597595
83381,/content/drive/MyDrive/tag-polysemy/mtg-audio-low/81/83381.low.mp3,19,5.173474,2.5435314
119407,/content/drive/MyDrive/tag-polysemy/mtg-audio-low/07/119407.low.mp3,16,6.389873,6.3531113
303801,/content/drive/MyDrive/tag-polysemy/mtg-audio-low/01/303801.low.mp3,16,6.144195,5.55007
1108686,/content/drive/MyDrive/tag-polysemy/mtg-audio-low/86/1108686.low.mp3,2,7.5317674,1.7968479
80820,/content/drive/MyDrive/tag-polysemy/mtg-audio-low/20/80820.low.mp3,13,5.7962236,2.0081332
1279561,/content/drive/MyDrive/tag-polysemy/mtg-audio-low/61/1279561.low.mp3,4,5.5538306,0.87951654
400698,/content/drive/MyDrive/tag-polysemy/mtg-audio-low/98/400698.low.mp3,19,4.9272223,2.9596777
370928,/content/drive/MyDrive/tag-polysemy/mtg-audio-low/28/370928.low.mp3,6,7.9170623,7.228716
353781,/content/drive/MyDrive/tag-polysemy/mtg-audio-low/81/353781.low.mp3,4,4.6031995,4.3485475
822390,/content/drive/MyDrive/tag-polysemy/mtg-audio-low/90/822390.low.mp3,18,10.029316,5.888109
45560,/content/drive/MyDrive/tag-polysemy/mtg-audio-low/60/45560.low.mp3,6,7.9640794,6.6872883
1374690,/content/drive/MyDrive/tag-polysemy/mtg-audio-low/90/1374690.low.mp3,3,9.035523,5.822757
1393335,/content/drive/MyDrive/tag-polysemy/mtg-audio-low/35/1393335.low.mp3,17,4.101194,5.066732
1345289,/content/drive/MyDrive/tag-polysemy/mtg-audio-low/89/1345289.low.mp3,1,0.88061184,6.141832
324852,/content/drive/MyDrive/tag-polysemy/mtg-audio-low/52/324852.low.mp3,4,5.868886,1.6577381
1171542,/content/drive/MyDrive/tag-polysemy/mtg-audio-low/42/1171542.low.mp3,12,5.4910913,1.5668726
1371418,/content/drive/MyDrive/tag-polysemy/mtg-audio-low/18/1371418.low.mp3,9,10.547724,3.8044124
1073651,/content/drive/MyDrive/tag-polysemy/mtg-audio-low/51/1073651.low.mp3,12,7.1642833,0.7415941
1380985,/content/drive/MyDrive/tag-polysemy/mtg-audio-low/85/1380985.low.mp3,4,4.508239,1.3795009
1046837,/content/drive/MyDrive/tag-polysemy/mtg-audio-low/37/1046837.low.mp3,18,2.83501,2.2784863
1385553,/content/drive/MyDrive/tag-polysemy/mtg-audio-low/53/1385553.low.mp3,3,9.535413,6.135509
1129289,/content/drive/MyDrive/tag-polysemy/mtg-audio-low/89/1129289.low.mp3,0,10.49422,3.0993245
1135245,/content/drive/MyDrive/tag-polysemy/mtg-audio-low/45/1135245.low.mp3,13,3.844131,3.9729648
204520,/content/drive/MyDrive/tag-polysemy/mtg-audio-low/20/204520.low.mp3,7,1.9015958,4.1080937
1342538,/content/drive/MyDrive/tag-polysemy/mtg-audio-low/38/1342538.low.mp3,5,4.985063,5.324829
479663,/content/drive/MyDrive/tag-polysemy/mtg-audio-low/63/479663.low.mp3,11,0.25806704,4.14577
219756,/content/drive/MyDrive/tag-polysemy/mtg-audio-low/56/219756.low.mp3,19,6.2156787,2.888054
1150140,/content/drive/MyDrive/tag-polysemy/mtg-audio-low/40/1150140.low.mp3,8,1.0658407,3.0328379
944903,/content/drive/MyDrive/tag-polysemy/mtg-audio-low/03/944903.low.mp3,4,4.9326835,2.1732805
1307269,/content/drive/MyDrive/tag-polysemy/mtg-audio-low/69/1307269.low.mp3,11,0.5958661,3.6535573
1364465,/content/drive/MyDrive/tag-polysemy/mtg-audio-low/65/1364465.low.mp3,5,6.4865193,5.3285866
38400,/content/drive/MyDrive/tag-polysemy/mtg-audio-low/00/38400.low.mp3,2,8.768072,6.2745285
1209451,/content/drive/MyDrive/tag-polysemy/mtg-audio-low/51/1209451.low.mp3,5,5.578604,4.468858
1420532,/content/drive/MyDrive/tag-polysemy/mtg-audio-low/32/1420532.low.mp3,4,5.449415,0.46593285
1295504,/content/drive/MyDrive/tag-polysemy/mtg-audio-low/04/1295504.low.mp3,9,10.57277,4.386079
1162521,/content/drive/MyDrive/tag-polysemy/mtg-audio-low/21/1162521.low.mp3,11,0.66051537,4.329949
22830,/content/drive/MyDrive/tag-polysemy/mtg-audio-low/30/22830.low.mp3,19,3.6904829,4.199461
307928,/content/drive/MyDrive/tag-polysemy/mtg-audio-low/28/307928.low.mp3,4,8.331167,4.0378666
1399850,/content/drive/MyDrive/tag-polysemy/mtg-audio-low/50/1399850.low.mp3,11,2.4821255,3.7276223
1416894,/content/drive/MyDrive/tag-polysemy/mtg-audio-low/94/1416894.low.mp3,8,1.23513,4.11225
1379224,/content/drive/MyDrive/tag-polysemy/mtg-audio-low/24/1379224.low.mp3,19,5.8669615,3.0755246
1230768,/content/drive/MyDrive/tag-polysemy/mtg-audio-low/68/1230768.low.mp3,8,2.5196822,4.0277095
1326604,/content/drive/MyDrive/tag-polysemy/mtg-audio-low/04/1326604.low.mp3,5,3.511063,2.5694687
877646,/content/drive/MyDrive/tag-polysemy/mtg-audio-low/46/877646.low.mp3,5,3.336118,4.264567
1246485,/content/drive/MyDrive/tag-polysemy/mtg-audio-low/85/1246485.low.mp3,13,4.336167,3.5980027
1188986,/content/drive/MyDrive/tag-polysemy/mtg-audio-low/86/1188986.low.mp3,11,-0.35880795,3.0888553
1114845,/content/drive/MyDrive/tag-polysemy/mtg-audio-low/45/1114845.low.mp3,4,4.788111,4.0579247
1256683,/content/drive/MyDrive/tag-polysemy/mtg-audio-low/83/1256683.low.mp3,13,5.5027394,2.7337856
176084,/content/drive/MyDrive/tag-polysemy/mtg-audio-low/84/176084.low.mp3,5,5.7438693,1.2920464
1345292,/content/drive/MyDrive/tag-polysemy/mtg-audio-low/92/1345292.low.mp3,8,5.3630967,4.9752784
725827,/content/drive/MyDrive/tag-polysemy/mtg-audio-low/27/725827.low.mp3,11,3.8049078,5.5584497
1123664,/content/drive/MyDrive/tag-polysemy/mtg-audio-low/64/1123664.low.mp3,7,2.5017607,3.2384634
1379143,/content/drive/MyDrive/tag-polysemy/mtg-audio-low/43/1379143.low.mp3,2,8.577607,6.3769727
1354434,/content/drive/MyDrive/tag-polysemy/mtg-audio-low/34/1354434.low.mp3,1,1.52949,5.6891127
1126063,/content/drive/MyDrive/tag-polysemy/mtg-audio-low/63/1126063.low.mp3,2,8.544823,3.8348832
311277,/content/drive/MyDrive/tag-polysemy/mtg-audio-low/77/311277.low.mp3,0,3.9824514,3.58123
1403968,/content/drive/MyDrive/tag-polysemy/mtg-audio-low/68/1403968.low.mp3,13,5.3985667,2.0742633
1357405,/content/drive/MyDrive/tag-polysemy/mtg-audio-low/05/1357405.low.mp3,1,1.3116165,5.5710382
1194702,/content/drive/MyDrive/tag-polysemy/mtg-audio-low/02/1194702.low.mp3,19,5.6199813,3.1078744
892862,/content/drive/MyDrive/tag-polysemy/mtg-audio-low/62/892862.low.mp3,12,6.7683997,1.0098398
1119897,/content/drive/MyDrive/tag-polysemy/mtg-audio-low/97/1119897.low.mp3,18,3.4917934,2.4174702
181604,/content/drive/MyDrive/tag-polysemy/mtg-audio-low/04/181604.low.mp3,15,3.5232062,6.517052
1310245,/content/drive/MyDrive/tag-polysemy/mtg-audio-low/45/1310245.low.mp3,3,7.4028325,2.6353912
213940,/content/drive/MyDrive/tag-polysemy/mtg-audio-low/40/213940.low.mp3,5,6.3532157,3.7740889
1133331,/content/drive/MyDrive/tag-polysemy/mtg-audio-low/31/1133331.low.mp3,7,2.4019678,2.9668207
17507,/content/drive/MyDrive/tag-polysemy/mtg-audio-low/07/17507.low.mp3,4,6.2350616,3.0898073
336143,/content/drive/MyDrive/tag-polysemy/mtg-audio-low/43/336143.low.mp3,3,9.785625,5.767921
1267674,/content/drive/MyDrive/tag-polysemy/mtg-audio-low/74/1267674.low.mp3,1,0.63916814,5.818292
1332742,/content/drive/MyDrive/tag-polysemy/mtg-audio-low/42/1332742.low.mp3,17,4.11291,5.017983
620611,/content/drive/MyDrive/tag-polysemy/mtg-audio-low/11/620611.low.mp3,13,5.4872437,2.190604
1376557,/content/drive/MyDrive/tag-polysemy/mtg-audio-low/57/1376557.low.mp3,11,0.5072002,3.3014016
305161,/content/drive/MyDrive/tag-polysemy/mtg-audio-low/61/305161.low.mp3,14,9.626517,5.408328
911293,/content/drive/MyDrive/tag-polysemy/mtg-audio-low/93/911293.low.mp3,3,3.9784138,4.2659802
1039612,/content/drive/MyDrive/tag-polysemy/mtg-audio-low/12/1039612.low.mp3,19,4.150736,2.0148206
506859,/content/drive/MyDrive/tag-polysemy/mtg-audio-low/59/506859.low.mp3,19,5.4532843,2.7511823
1182601,/content/drive/MyDrive/tag-polysemy/mtg-audio-low/01/1182601.low.mp3,11,0.9609522,3.429027
1404940,/content/drive/MyDrive/tag-polysemy/mtg-audio-low/40/1404940.low.mp3,19,6.0098658,3.718023
1018445,/content/drive/MyDrive/tag-polysemy/mtg-audio-low/45/1018445.low.mp3,0,3.5421615,4.016139
1108284,/content/drive/MyDrive/tag-polysemy/mtg-audio-low/84/1108284.low.mp3,18,3.0008066,2.147113
1391119,/content/drive/MyDrive/tag-polysemy/mtg-audio-low/19/1391119.low.mp3,7,2.650597,2.2256868
343379,/content/drive/MyDrive/tag-polysemy/mtg-audio-low/79/343379.low.mp3,13,3.097956,3.7359676
30221,/content/drive/MyDrive/tag-polysemy/mtg-audio-low/21/30221.low.mp3,6,8.035708,6.6737556
268526,/content/drive/MyDrive/tag-polysemy/mtg-audio-low/26/268526.low.mp3,13,5.9296546,1.9094507
435492,/content/drive/MyDrive/tag-polysemy/mtg-audio-low/92/435492.low.mp3,12,6.9121017,0.47217515
134414,/content/drive/MyDrive/tag-polysemy/mtg-audio-low/14/134414.low.mp3,13,3.2744732,3.0820446
1372385,/content/drive/MyDrive/tag-polysemy/mtg-audio-low/85/1372385.low.mp3,18,4.2930045,1.8620806
1292335,/content/drive/MyDrive/tag-polysemy/mtg-audio-low/35/1292335.low.mp3,18,2.3428833,3.625566
1402277,/content/drive/MyDrive/tag-polysemy/mtg-audio-low/77/1402277.low.mp3,4,6.1721435,5.1525216
1027915,/content/drive/MyDrive/tag-polysemy/mtg-audio-low/15/1027915.low.mp3,8,4.991029,3.5440564
15124,/content/drive/MyDrive/tag-polysemy/mtg-audio-low/24/15124.low.mp3,13,3.5102541,3.494341
817662,/content/drive/MyDrive/tag-polysemy/mtg-audio-low/62/817662.low.mp3,15,3.5231125,6.265405
253751,/content/drive/MyDrive/tag-polysemy/mtg-audio-low/51/253751.low.mp3,1,1.3560569,6.426837
16661,/content/drive/MyDrive/tag-polysemy/mtg-audio-low/61/16661.low.mp3,14,8.346361,6.823277
1129029,/content/drive/MyDrive/tag-polysemy/mtg-audio-low/29/1129029.low.mp3,16,2.7688785,5.4721575
1086588,/content/drive/MyDrive/tag-polysemy/mtg-audio-low/88/1086588.low.mp3,7,4.248523,2.26614
1096859,/content/drive/MyDrive/tag-polysemy/mtg-audio-low/59/1096859.low.mp3,17,4.1277394,5.756837
100993,/content/drive/MyDrive/tag-polysemy/mtg-audio-low/93/100993.low.mp3,14,8.238067,6.7867894
3907,/content/drive/MyDrive/tag-polysemy/mtg-audio-low/07/3907.low.mp3,8,5.1277056,3.2523963
1103,/content/drive/MyDrive/tag-polysemy/mtg-audio-low/03/1103.low.mp3,6,6.707338,5.306625
1215380,/content/drive/MyDrive/tag-polysemy/mtg-audio-low/80/1215380.low.mp3,7,3.3203545,2.9506276
1199681,/content/drive/MyDrive/tag-polysemy/mtg-audio-low/81/1199681.low.mp3,7,2.7087107,3.7826018
159198,/content/drive/MyDrive/tag-polysemy/mtg-audio-low/98/159198.low.mp3,6,7.5858674,6.858526
1080374,/content/drive/MyDrive/tag-polysemy/mtg-audio-low/74/1080374.low.mp3,6,6.8288984,6.661718
151533,/content/drive/MyDrive/tag-polysemy/mtg-audio-low/33/151533.low.mp3,12,6.909701,0.9466221
1185320,/content/drive/MyDrive/tag-polysemy/mtg-audio-low/20/1185320.low.mp3,8,1.0782741,5.1137652
1030281,/content/drive/MyDrive/tag-polysemy/mtg-audio-low/81/1030281.low.mp3,17,4.0814238,5.734585
694397,/content/drive/MyDrive/tag-polysemy/mtg-audio-low/97/694397.low.mp3,6,7.78091,7.1008496
1108967,/content/drive/MyDrive/tag-polysemy/mtg-audio-low/67/1108967.low.mp3,8,3.0819762,2.2757308
386568,/content/drive/MyDrive/tag-polysemy/mtg-audio-low/68/386568.low.mp3,18,2.8772843,3.5152152
385449,/content/drive/MyDrive/tag-polysemy/mtg-audio-low/49/385449.low.mp3,18,2.9615798,2.3697355
1401332,/content/drive/MyDrive/tag-polysemy/mtg-audio-low/32/1401332.low.mp3,10,7.4940376,0.79348135
226898,/content/drive/MyDrive/tag-polysemy/mtg-audio-low/98/226898.low.mp3,11,4.1790586,2.6562014
1309256,/content/drive/MyDrive/tag-polysemy/mtg-audio-low/56/1309256.low.mp3,9,10.335124,3.4803357
1327587,/content/drive/MyDrive/tag-polysemy/mtg-audio-low/87/1327587.low.mp3,7,2.8554451,2.4682653
1150351,/content/drive/MyDrive/tag-polysemy/mtg-audio-low/51/1150351.low.mp3,18,2.4851599,3.8066142
285529,/content/drive/MyDrive/tag-polysemy/mtg-audio-low/29/285529.low.mp3,4,5.5412717,1.4532644
1245864,/content/drive/MyDrive/tag-polysemy/mtg-audio-low/64/1245864.low.mp3,7,2.3053913,2.853222
1354438,/content/drive/MyDrive/tag-polysemy/mtg-audio-low/38/1354438.low.mp3,8,1.3665835,3.9031315
466225,/content/drive/MyDrive/tag-polysemy/mtg-audio-low/25/466225.low.mp3,9,10.64605,4.280384
84117,/content/drive/MyDrive/tag-polysemy/mtg-audio-low/17/84117.low.mp3,14,8.655581,6.7406893
229762,/content/drive/MyDrive/tag-polysemy/mtg-audio-low/62/229762.low.mp3,4,5.2562366,2.5977976
341563,/content/drive/MyDrive/tag-polysemy/mtg-audio-low/63/341563.low.mp3,19,5.7421074,3.5111885
91927,/content/drive/MyDrive/tag-polysemy/mtg-audio-low/27/91927.low.mp3,18,3.136242,2.3554897
222441,/content/drive/MyDrive/tag-polysemy/mtg-audio-low/41/222441.low.mp3,8,2.0101314,4.516066
1151414,/content/drive/MyDrive/tag-polysemy/mtg-audio-low/14/1151414.low.mp3,19,6.1324506,3.5320914
1380002,/content/drive/MyDrive/tag-polysemy/mtg-audio-low/02/1380002.low.mp3,18,3.2585127,2.1490006
1134446,/content/drive/MyDrive/tag-polysemy/mtg-audio-low/46/1134446.low.mp3,19,6.1190715,2.3079739
1348658,/content/drive/MyDrive/tag-polysemy/mtg-audio-low/58/1348658.low.mp3,15,4.950864,5.0959077
1231346,/content/drive/MyDrive/tag-polysemy/mtg-audio-low/46/1231346.low.mp3,5,5.344703,4.081291
1415862,/content/drive/MyDrive/tag-polysemy/mtg-audio-low/62/1415862.low.mp3,5,5.674255,5.1906943
1223702,/content/drive/MyDrive/tag-polysemy/mtg-audio-low/02/1223702.low.mp3,18,4.8996925,3.9934359
1353243,/content/drive/MyDrive/tag-polysemy/mtg-audio-low/43/1353243.low.mp3,10,7.642094,1.794213
1165745,/content/drive/MyDrive/tag-polysemy/mtg-audio-low/45/1165745.low.mp3,4,5.924481,2.049278
1127292,/content/drive/MyDrive/tag-polysemy/mtg-audio-low/92/1127292.low.mp3,9,10.562112,4.0760756
73061,/content/drive/MyDrive/tag-polysemy/mtg-audio-low/61/73061.low.mp3,0,10.427004,3.5680313
167328,/content/drive/MyDrive/tag-polysemy/mtg-audio-low/28/167328.low.mp3,1,0.991999,4.0732155
1421193,/content/drive/MyDrive/tag-polysemy/mtg-audio-low/93/1421193.low.mp3,18,3.5305643,2.5836856
267771,/content/drive/MyDrive/tag-polysemy/mtg-audio-low/71/267771.low.mp3,19,6.1889596,1.991168
1093449,/content/drive/MyDrive/tag-polysemy/mtg-audio-low/49/1093449.low.mp3,11,0.36432287,4.230107
22803,/content/drive/MyDrive/tag-polysemy/mtg-audio-low/03/22803.low.mp3,10,7.9639783,2.438042
201484,/content/drive/MyDrive/tag-polysemy/mtg-audio-low/84/201484.low.mp3,1,1.4586716,5.0627575
1272793,/content/drive/MyDrive/tag-polysemy/mtg-audio-low/93/1272793.low.mp3,3,9.523338,5.6680694
323782,/content/drive/MyDrive/tag-polysemy/mtg-audio-low/82/323782.low.mp3,4,4.394937,1.5357515
1133080,/content/drive/MyDrive/tag-polysemy/mtg-audio-low/80/1133080.low.mp3,1,0.2407937,6.0221343
785426,/content/drive/MyDrive/tag-polysemy/mtg-audio-low/26/785426.low.mp3,15,3.4299703,6.4630356
743967,/content/drive/MyDrive/tag-polysemy/mtg-audio-low/67/743967.low.mp3,5,3.9850597,4.9183817
1119932,/content/drive/MyDrive/tag-polysemy/mtg-audio-low/32/1119932.low.mp3,11,-0.27277842,3.080806
372168,/content/drive/MyDrive/tag-polysemy/mtg-audio-low/68/372168.low.mp3,3,8.054466,2.9725373
1361483,/content/drive/MyDrive/tag-polysemy/mtg-audio-low/83/1361483.low.mp3,12,6.9169326,0.6647667
130177,/content/drive/MyDrive/tag-polysemy/mtg-audio-low/77/130177.low.mp3,18,4.4166093,3.4116461
1204039,/content/drive/MyDrive/tag-polysemy/mtg-audio-low/39/1204039.low.mp3,7,2.824629,2.1994188
1234578,/content/drive/MyDrive/tag-polysemy/mtg-audio-low/78/1234578.low.mp3,19,3.0690105,3.7083495
306416,/content/drive/MyDrive/tag-polysemy/mtg-audio-low/16/306416.low.mp3,7,2.196487,3.288276
1391159,/content/drive/MyDrive/tag-polysemy/mtg-audio-low/59/1391159.low.mp3,13,3.438846,4.143929
233805,/content/drive/MyDrive/tag-polysemy/mtg-audio-low/05/233805.low.mp3,16,2.7469041,5.415722
405621,/content/drive/MyDrive/tag-polysemy/mtg-audio-low/21/405621.low.mp3,10,7.0400133,2.0201132
1057707,/content/drive/MyDrive/tag-polysemy/mtg-audio-low/07/1057707.low.mp3,11,0.83291996,3.349804
453852,/content/drive/MyDrive/tag-polysemy/mtg-audio-low/52/453852.low.mp3,8,1.4251202,3.5768514
1365060,/content/drive/MyDrive/tag-polysemy/mtg-audio-low/60/1365060.low.mp3,12,6.686911,4.508583
477308,/content/drive/MyDrive/tag-polysemy/mtg-audio-low/08/477308.low.mp3,11,-0.29921195,3.072124
1366167,/content/drive/MyDrive/tag-polysemy/mtg-audio-low/67/1366167.low.mp3,5,4.333605,5.1181974
1039110,/content/drive/MyDrive/tag-polysemy/mtg-audio-low/10/1039110.low.mp3,14,5.700457,5.9276595
1221563,/content/drive/MyDrive/tag-polysemy/mtg-audio-low/63/1221563.low.mp3,18,4.528362,2.9571428
1081578,/content/drive/MyDrive/tag-polysemy/mtg-audio-low/78/1081578.low.mp3,0,10.095182,3.5939627
261827,/content/drive/MyDrive/tag-polysemy/mtg-audio-low/27/261827.low.mp3,18,4.485744,2.7655826
1187327,/content/drive/MyDrive/tag-polysemy/mtg-audio-low/27/1187327.low.mp3,6,8.268299,6.5514994
1104234,/content/drive/MyDrive/tag-polysemy/mtg-audio-low/34/1104234.low.mp3,15,10.303173,6.175312
491993,/content/drive/MyDrive/tag-polysemy/mtg-audio-low/93/491993.low.mp3,12,6.310261,1.2000848
1294520,/content/drive/MyDrive/tag-polysemy/mtg-audio-low/20/1294520.low.mp3,4,5.89427,0.296033
394393,/content/drive/MyDrive/tag-polysemy/mtg-audio-low/93/394393.low.mp3,16,3.019017,3.411655
181737,/content/drive/MyDrive/tag-polysemy/mtg-audio-low/37/181737.low.mp3,14,8.291635,5.9678397
1326218,/content/drive/MyDrive/tag-polysemy/mtg-audio-low/18/1326218.low.mp3,2,9.802119,5.4147143
182134,/content/drive/MyDrive/tag-polysemy/mtg-audio-low/34/182134.low.mp3,18,4.142859,2.0130644
1319573,/content/drive/MyDrive/tag-polysemy/mtg-audio-low/73/1319573.low.mp3,16,3.6979878,4.874667
1350989,/content/drive/MyDrive/tag-polysemy/mtg-audio-low/89/1350989.low.mp3,1,0.50425035,5.657372
1110075,/content/drive/MyDrive/tag-polysemy/mtg-audio-low/75/1110075.low.mp3,13,5.025,3.5124645
1150403,/content/drive/MyDrive/tag-polysemy/mtg-audio-low/03/1150403.low.mp3,11,0.84829,4.879835
14735,/content/drive/MyDrive/tag-polysemy/mtg-audio-low/35/14735.low.mp3,12,6.302412,0.6894037
1137206,/content/drive/MyDrive/tag-polysemy/mtg-audio-low/06/1137206.low.mp3,18,4.762902,4.6500545
187476,/content/drive/MyDrive/tag-polysemy/mtg-audio-low/76/187476.low.mp3,16,2.93452,5.218966
1093497,/content/drive/MyDrive/tag-polysemy/mtg-audio-low/97/1093497.low.mp3,0,6.473495,3.5364509
608946,/content/drive/MyDrive/tag-polysemy/mtg-audio-low/46/608946.low.mp3,1,1.2992966,5.8300815
871999,/content/drive/MyDrive/tag-polysemy/mtg-audio-low/99/871999.low.mp3,12,6.4729724,2.0822916
703362,/content/drive/MyDrive/tag-polysemy/mtg-audio-low/62/703362.low.mp3,2,8.746692,5.899268
136812,/content/drive/MyDrive/tag-polysemy/mtg-audio-low/12/136812.low.mp3,18,3.6121957,4.2688627
1230821,/content/drive/MyDrive/tag-polysemy/mtg-audio-low/21/1230821.low.mp3,11,0.96392286,3.346188
1169881,/content/drive/MyDrive/tag-polysemy/mtg-audio-low/81/1169881.low.mp3,12,6.504257,0.25617576
156959,/content/drive/MyDrive/tag-polysemy/mtg-audio-low/59/156959.low.mp3,0,10.388738,3.0823677
437791,/content/drive/MyDrive/tag-polysemy/mtg-audio-low/91/437791.low.mp3,3,8.659316,5.679607
1379176,/content/drive/MyDrive/tag-polysemy/mtg-audio-low/76/1379176.low.mp3,7,2.2991028,3.412879
1414211,/content/drive/MyDrive/tag-polysemy/mtg-audio-low/11/1414211.low.mp3,0,10.459989,3.2172735
1041289,/content/drive/MyDrive/tag-polysemy/mtg-audio-low/89/1041289.low.mp3,18,2.990045,2.171057
408502,/content/drive/MyDrive/tag-polysemy/mtg-audio-low/02/408502.low.mp3,5,4.2479467,4.6857805
335627,/content/drive/MyDrive/tag-polysemy/mtg-audio-low/27/335627.low.mp3,3,10.352772,5.5344625
1336208,/content/drive/MyDrive/tag-polysemy/mtg-audio-low/08/1336208.low.mp3,11,0.63676214,3.2755582
8359,/content/drive/MyDrive/tag-polysemy/mtg-audio-low/59/8359.low.mp3,0,6.536006,3.253992
795727,/content/drive/MyDrive/tag-polysemy/mtg-audio-low/27/795727.low.mp3,8,2.7149496,4.136241
253720,/content/drive/MyDrive/tag-polysemy/mtg-audio-low/20/253720.low.mp3,9,10.21882,4.7169437
1194814,/content/drive/MyDrive/tag-polysemy/mtg-audio-low/14/1194814.low.mp3,11,0.6943609,3.4221182
48846,/content/drive/MyDrive/tag-polysemy/mtg-audio-low/46/48846.low.mp3,3,9.70013,5.5460987
1076390,/content/drive/MyDrive/tag-polysemy/mtg-audio-low/90/1076390.low.mp3,19,6.176079,2.276116
1157302,/content/drive/MyDrive/tag-polysemy/mtg-audio-low/02/1157302.low.mp3,1,0.41403136,5.744669
467930,/content/drive/MyDrive/tag-polysemy/mtg-audio-low/30/467930.low.mp3,19,6.844641,2.001131
5635,/content/drive/MyDrive/tag-polysemy/mtg-audio-low/35/5635.low.mp3,18,5.877525,3.049397
888636,/content/drive/MyDrive/tag-polysemy/mtg-audio-low/36/888636.low.mp3,19,6.494263,2.2010036
1324675,/content/drive/MyDrive/tag-polysemy/mtg-audio-low/75/1324675.low.mp3,1,0.76927346,5.8017483
1415105,/content/drive/MyDrive/tag-polysemy/mtg-audio-low/05/1415105.low.mp3,19,5.677101,2.0988078
1360757,/content/drive/MyDrive/tag-polysemy/mtg-audio-low/57/1360757.low.mp3,13,5.3910656,2.6273057
1274427,/content/drive/MyDrive/tag-polysemy/mtg-audio-low/27/1274427.low.mp3,18,4.3459992,1.9042673
470737,/content/drive/MyDrive/tag-polysemy/mtg-audio-low/37/470737.low.mp3,4,4.9328346,2.010841
464545,/content/drive/MyDrive/tag-polysemy/mtg-audio-low/45/464545.low.mp3,19,4.525632,6.134277
1042056,/content/drive/MyDrive/tag-polysemy/mtg-audio-low/56/1042056.low.mp3,2,9.698427,4.9476113
1234485,/content/drive/MyDrive/tag-polysemy/mtg-audio-low/85/1234485.low.mp3,10,7.113777,1.2671862
249101,/content/drive/MyDrive/tag-polysemy/mtg-audio-low/01/249101.low.mp3,14,8.661444,6.0518303
1267767,/content/drive/MyDrive/tag-polysemy/mtg-audio-low/67/1267767.low.mp3,15,3.4085386,6.150566
1084359,/content/drive/MyDrive/tag-polysemy/mtg-audio-low/59/1084359.low.mp3,6,7.998491,6.665483
1381527,/content/drive/MyDrive/tag-polysemy/mtg-audio-low/27/1381527.low.mp3,5,5.324259,4.279708
1162944,/content/drive/MyDrive/tag-polysemy/mtg-audio-low/44/1162944.low.mp3,1,0.96980757,6.4010143
